feature,votes,score_variance,rank_variance,score_pearson,rank_pearson,score_mutual_info,rank_mutual_info,score_relieff,rank_relieff,score_mrmr,rank_mrmr,score_rfe,rank_rfe,score_boruta,rank_boruta,score_shap,rank_shap,avg_rank,selection_pct
SPAT:st_grad_t_energy,8,54684664.0,12.0,0.26284853693027493,1.0,0.6459267685801744,4.0,0.27331453202350153,1.0,400.0,1.0,-3.0,52.5,-1.0,226.5,0.007142817440850578,2.0,37.5,100.0
SPAT:st_grad_c_energy,8,2374701056.0,11.0,0.21958158428863156,25.0,0.5713861148801112,7.0,0.20428448574704958,9.0,386.0,15.0,-3.0,52.5,-1.0,226.5,0.004463821159892872,14.0,45.0,100.0
SPAT:st_t_skew,8,5.806055545806885,163.0,0.2210753198138714,9.0,0.4151690713061704,17.0,0.19735829317938056,11.0,381.0,20.0,-3.0,52.5,-1.0,226.5,0.001868001244859439,29.0,66.0,100.0
SPAT:st_vel_std,8,0.22975625097751617,313.0,0.22362197702308428,7.0,0.45149085172679104,14.0,0.2165604269243217,5.0,389.0,12.0,-3.0,52.5,-1.0,226.5,0.0037255765202277294,17.0,80.875,100.0
TF:tfband_2,8,29.662418365478516,109.0,0.21407103498456762,170.0,0.42948760370396677,15.0,0.11767567355346593,43.0,385.0,16.0,-3.0,52.5,-1.0,226.5,0.003696947561078272,18.0,81.25,100.0
TF:DWT_L0_tk_mean,8,452.3592834472656,74.0,0.211429711250764,189.0,0.4183699130284344,16.0,0.11669953037282543,46.0,376.0,25.0,-3.0,52.5,-1.0,226.5,0.002008145756291358,26.0,81.875,100.0
SPAT:st_traj_var,8,11.455711364746094,143.0,0.16909767386684982,433.0,0.45222123060528485,13.0,0.13333024876783933,25.0,359.0,42.0,-3.0,52.5,-1.0,226.5,0.003381545787093671,20.0,119.375,100.0
SPAT:st_traj_range,8,9.290131568908691,148.0,0.19056142808305132,345.0,0.37301208259848906,49.0,0.19494355268177385,12.0,379.0,22.0,-4.0,152.5,-1.0,226.5,0.001499268831795918,34.0,123.625,100.0
SPAT:st_entropy,8,0.03220890834927559,452.0,0.19539521016234024,307.0,0.6346506195850741,5.0,0.20112270380956895,10.0,394.0,7.0,-1.0,1.0,-1.0,226.5,0.005026308067080575,10.0,127.3125,100.0
TF:Ef_kurt,8,2653.24951171875,59.0,0.19830114055606823,286.0,0.33613690625348314,278.0,0.12241552931177534,31.0,184.0,217.0,-3.0,52.5,-1.0,226.5,0.0005475817905566378,95.0,155.625,100.0
TF:Ef_skew,8,14.198275566101074,134.0,0.20498153052778648,218.0,0.32740722553976465,309.0,0.12453422518382183,29.0,317.0,84.0,-4.0,152.5,-1.0,226.5,0.0004806385742635044,106.0,157.375,100.0
FREQ:spec_entropy_renyi,8,5.484673023223877,164.0,0.19925661415891632,262.0,0.33974561239359113,258.0,0.10536256495453152,66.0,105.0,296.0,-3.0,52.5,-1.0,226.5,0.0009447230186056197,51.0,172.0,100.0
SPAT:st_burstiness,8,0.024135399609804153,467.0,0.16746424493467207,437.0,0.35131558252223316,190.0,0.1748959568174867,14.0,387.0,14.0,-3.0,52.5,-1.0,226.5,0.0028975188062815116,22.0,177.875,100.0
TF:tfband_1,8,81.05062103271484,89.0,0.1927008861247017,335.0,0.332887436715783,285.0,0.1019030220693656,71.0,75.0,326.0,-3.0,52.5,-1.0,226.5,0.0010697113115150226,42.0,178.375,100.0
TF:Ef_entropy,8,2.1287293434143066,209.0,0.20419003843979924,219.0,0.35539295685925865,157.0,0.0742304287443442,185.0,59.0,342.0,-3.0,52.5,-1.0,226.5,0.0010065522835649367,48.0,179.875,100.0
TF:Ef_range,8,89.36954498291016,86.5,0.1926074260798127,337.5,0.3419621372924624,245.0,0.09200557535431049,97.5,22.0,379.0,-3.0,52.5,-1.0,226.5,0.0010789168479942645,41.0,183.1875,100.0
TF:Ef_max,8,89.36954498291016,86.5,0.1926074260798127,337.5,0.34196256132104796,244.0,0.09200557535431049,97.5,24.0,377.0,-3.0,52.5,-1.0,226.5,0.001020513641220406,47.0,183.5625,100.0
TF:Ef_rolloff85,8,365084.6875,24.0,0.2081529440966444,204.0,0.40557532114286454,22.0,0.05857911585365827,475.0,49.0,352.0,-4.0,152.5,-1.0,226.5,0.000910715211757965,53.0,188.625,100.0
TF:DWT_L0_zcr,8,0.011668757535517216,493.0,0.19423886852819278,327.0,0.2932787008296107,390.0,0.16443476596190537,15.0,384.0,17.0,-3.0,52.5,-1.0,226.5,0.0015050959053820492,33.0,194.25,100.0
TF:das_tonal_ratio,8,7.534224033355713,154.0,0.19891335874205615,277.0,0.3141229386942581,336.0,0.10562974095816939,65.0,235.0,166.0,-4.0,152.5,-1.0,226.5,0.00027004395101796596,201.0,197.25,100.0
TF:WPT_aaaa_zcr,8,0.020499112084507942,474.0,0.2159116231370872,154.0,0.3576946335449769,137.0,0.0987393280029837,78.0,287.0,114.0,-7.0,452.5,-1.0,226.5,0.002556983123398438,23.0,207.375,100.0
TIME:peak_rate,8,22991.822265625,43.0,0.2059877138221714,214.0,0.34814732195123854,208.0,0.07054364149305584,218.5,360.0,41.0,-7.0,452.5,-1.0,226.5,0.00016564464607578497,265.0,208.5625,100.0
TF:tf_burstiness,8,0.23743936419487,310.0,0.1936063519312592,331.0,0.3302154912107236,297.0,0.09093009864339721,102.0,208.0,193.0,-4.0,152.5,-1.0,226.5,0.0008486395025032477,60.0,209.0,100.0
TF:DWT_L0_tk_std,8,1726.3779296875,64.0,0.1825031108859551,376.0,0.26680256725586293,456.0,0.08661651992473277,113.0,74.0,327.0,-3.0,52.5,-1.0,226.5,0.0007013089432977036,68.0,210.375,100.0
TF:DWT_L0_mad,8,1.9410687685012817,214.0,0.17977004648808856,385.0,0.3109510959433335,348.0,0.13025668022047535,26.0,72.0,329.0,-4.0,152.5,-1.0,226.5,0.0012639065810933616,38.0,214.875,100.0
TF:WPT_aada_tk_mean,8,0.04111906513571739,442.0,0.21881954545949422,39.0,0.3573615938004293,145.0,0.06397980978619591,321.0,355.0,46.0,-3.0,52.5,-1.0,226.5,9.997651604737003e-05,448.0,215.0,100.0
FREQ:bandP_1,8,17925287182336.0,4.0,0.17915577759552492,388.0,0.24811419148856428,494.0,0.07916463794738968,156.0,119.0,282.0,-4.0,152.5,-1.0,226.5,0.0012733692121451876,37.0,217.5,100.0
FREQ:bandP_4,8,6371243196416.0,5.0,0.20947210247956155,196.0,0.3164783541563496,331.0,0.06375803795352956,326.0,109.0,292.0,-4.0,152.5,-1.0,226.5,0.00015315449197786382,281.0,226.25,100.0
TF:stft_entropy,8,2.6476573944091797,204.0,0.20403676244534077,221.0,0.35994133372239734,107.0,0.0742735387102275,184.0,121.0,280.0,-6.0,352.5,-1.0,226.5,0.00016918729376225105,260.0,229.375,100.0
TF:WPT_aaaa_abs_mean,8,0.18928469717502594,329.0,0.201412419870933,230.0,0.3492227543091606,203.0,0.1007358089154409,74.0,70.0,331.0,-7.0,452.5,-1.0,226.5,0.0009073104693278307,54.0,237.5,100.0
TF:tfband_0,8,66.53246307373047,91.0,0.1750471098294522,411.0,0.2913869025236746,397.0,0.12886672635918983,28.0,0.0,701.5,-3.0,52.5,-1.0,226.5,0.0008939326310688526,55.0,245.3125,100.0
TF:Et_p25,8,0.026819106191396713,463.0,0.20518228242643805,217.0,0.2929972671527654,391.0,0.0983748327584021,82.0,349.0,52.0,-7.0,452.5,-1.0,226.5,0.00046775265564965646,111.0,249.375,100.0
TIME:energy_gini,8,0.026224285364151,464.0,0.19609397098999537,297.0,0.256373585969921,477.0,0.10985110812356413,55.0,192.0,209.0,-3.0,52.5,-1.0,226.5,0.0002173603161811498,222.0,250.375,100.0
TF:WPT_aaaa_iqr,8,0.9996705651283264,232.0,0.15274663712985947,490.0,0.30023931081781097,379.0,0.11498352758341833,47.0,15.0,386.0,-5.0,252.5,-1.0,226.5,0.0006040946769168785,84.0,262.125,100.0
TF:novelty,8,0.025539228692650795,466.0,0.1918776380663841,340.0,0.3231848183873183,311.0,0.08660224173050517,114.0,83.0,318.0,-4.0,152.5,-1.0,226.5,0.00022922217090459707,217.0,268.125,100.0
TF:WPT_aaad_tk_mean,8,3.255803108215332,189.5,0.214813523669606,165.5,0.33318356848482367,284.0,0.06229237279302873,354.5,213.0,188.0,-6.0,352.5,-1.0,226.5,0.00010828489705245461,407.0,270.9375,100.0
FREQ:bandP_5,8,22748690644992.0,3.0,0.21737413215181645,120.0,0.3461988288148472,223.0,0.06458272943518388,307.0,296.0,105.0,-7.0,452.5,-2.0,488.0,9.767030654567504e-05,480.0,272.3125,100.0
FREQ:bandP_rel_1,8,0.0159208532422781,480.0,0.17915577729914003,389.0,0.24814515972109819,493.0,0.07916463795327834,155.0,114.0,287.0,-4.0,152.5,-1.0,226.5,0.0007296796808775642,67.0,281.25,100.0
TF:Et_range,8,5.479649543762207,165.0,0.18059984461719222,381.0,0.28230507262640314,419.0,0.0711436094493182,213.0,56.0,345.0,-6.0,352.5,-1.0,226.5,0.00032006599251661395,179.0,285.125,100.0
TF:Et_max,8,4.981417655944824,168.0,0.17800703684612568,395.0,0.2692509718949627,453.0,0.07000861861727611,223.0,37.0,364.0,-6.0,352.5,-1.0,226.5,0.00036987153167104115,144.0,290.75,100.0
TF:flux_max,8,0.1260387897491455,362.0,0.1824736763933429,377.0,0.26271788718720623,467.0,0.08827905268120383,108.0,47.0,354.0,-5.0,252.5,-1.0,226.5,0.0002429879451758978,211.0,294.75,100.0
TF:DWT_L3_tk_mean,8,3.255803108215332,189.5,0.214813523669606,165.5,0.33321728624465496,283.0,0.06229237279302873,354.5,215.0,186.0,-6.0,352.5,-2.0,488.0,0.0001226781856284243,342.0,295.125,100.0
TF:Et_min,8,0.022195816040039062,471.0,0.2001015219248436,237.0,0.31860569382915926,322.0,0.06558233113511859,276.0,207.0,194.0,-7.0,452.5,-1.0,226.5,0.00018149796770934045,248.0,303.375,100.0
TIME:burst_count,8,3064.70263671875,56.0,0.187791187750242,357.0,0.24605024842756196,499.0,0.11240912863070558,48.5,27.0,374.0,-7.0,452.5,-1.0,226.5,9.767195578786614e-05,479.0,311.5625,100.0
TF:tf_ridge_density,8,0.023700051009655,468.0,0.17637328392926654,404.0,0.2632532636426834,465.0,0.07163274394000052,210.0,115.0,286.0,-6.0,352.5,-1.0,226.5,0.00046648404253071894,113.0,315.625,100.0
TF:glcm_30_contrast_d2_a2,8,0.05227380245923996,425.0,0.17987170875008568,384.0,0.28914588364340643,403.0,0.09569675240558066,89.0,87.0,314.0,-7.0,452.5,-1.0,226.5,0.0001499298014388531,286.0,322.5,100.0
FREQ:bandP_rel_5,8,0.020204896107316017,475.0,0.2173741303799439,121.0,0.3462058243583961,222.0,0.06458272958471013,306.0,294.0,107.0,-7.0,452.5,-2.0,488.0,0.0001047812887757881,418.0,323.6875,100.0
TF:glcm_10_contrast_d1_a2,8,0.030154092237353325,455.0,0.18745677918215206,362.0,0.3029294298612357,367.0,0.08352658578500612,130.0,98.0,303.0,-6.0,352.5,-1.0,226.5,0.00010548628531901527,415.0,326.375,100.0
TF:DWT_L1_mad,8,0.19546246528625488,326.0,0.17458834338039914,416.0,0.27839399349436533,429.0,0.07021463333519103,220.0,0.0,701.5,-4.0,152.5,-1.0,226.5,0.00018347154892901053,246.0,339.6875,100.0
TF:DWT_L1_iqr,8,0.7735095620155334,241.0,0.17469945980148135,415.0,0.26597340206784414,457.0,0.06966038784204075,225.0,0.0,701.5,-4.0,152.5,-1.0,226.5,0.00013375689761862224,314.0,341.5625,100.0
TF:glcm_34_entropy_d2_a2,8,0.06784000247716904,399.0,0.19486494289070622,321.0,0.321773451538391,315.0,0.06149027447083789,376.0,84.0,317.0,-7.0,452.5,-2.0,488.0,0.00010612785996432933,414.0,385.3125,100.0
TF:glcm_54_entropy_d3_a2,8,0.06881691515445709,398.0,0.19547699802350682,304.0,0.317237410102885,326.0,0.061192895658443595,386.0,86.0,315.0,-7.0,452.5,-2.0,488.0,0.00010048341356706978,445.0,389.3125,100.0
SPAT:st_grad_c_mean,7,0.006205293349921703,531.0,0.2343426611801547,6.0,0.6555816022715137,3.0,0.2159392283544231,6.0,392.0,9.0,-3.0,52.5,-1.0,226.5,0.005253411320003355,9.0,105.375,87.5
SPAT:st_grad_t_mean,7,0.0029966437723487616,578.0,0.26275680232355103,2.0,0.6714404967311807,2.0,0.2597817106286739,2.0,396.0,5.0,-3.0,52.5,-1.0,226.5,0.0073372339552394816,1.0,108.625,87.5
SPAT:st_edge_density_t,7,0.0010654806392267346,630.0,0.23933825332051187,5.0,0.6945057734842739,1.0,0.21340636986273212,7.0,391.0,10.0,-3.0,52.5,-1.0,226.5,0.006029236481668546,5.0,117.125,87.5
SPAT:st_active_dur_frac,7,0.0018433351069688797,602.0,0.22267299038225843,8.0,0.4522745712663161,12.0,0.21226551788589887,8.0,388.0,13.0,-3.0,52.5,-1.0,226.5,0.003354045342975753,21.0,117.875,87.5
SPAT:st_grad_corr,7,0.00039653899148106575,690.0,0.25211006033934885,4.0,0.5555794632085869,8.0,0.22320607943473558,4.0,390.0,11.0,-3.0,52.5,-1.0,226.5,0.005571670993039752,8.0,125.5,87.5
SPAT:st_anisotropy,7,0.00021925318287685513,725.0,0.2545656129040353,3.0,0.5970934662490324,6.0,0.2544707195644649,3.0,393.0,8.0,-3.0,52.5,-1.0,226.5,0.006010462243585217,6.0,128.75,87.5
TF:Ef_centroid,7,102304.6171875,32.0,0.2199777080985065,15.0,0.3749198632780093,43.0,0.07926718943149769,151.0,374.0,27.0,-8.0,552.5,-1.0,226.5,0.0020642663832431316,25.0,134.0,87.5
SPAT:st_kurt,7,1.390765905380249,221.0,0.1476455786484952,507.0,0.49183093891631646,10.0,0.1040699417598452,69.0,326.0,75.0,-3.0,52.5,-1.0,226.5,0.0037695611433161648,15.0,147.0,87.5
SPAT:st_edge_density_c,7,0.00025608454598113894,719.0,0.2023057739354513,226.0,0.5172311693090448,9.0,0.17586386298961898,13.0,383.0,18.0,-3.0,52.5,-1.0,226.5,0.004493862102690245,13.0,159.625,87.5
SPAT:st_t_entropy,7,0.011799349449574947,491.0,0.14385151877059485,517.0,0.4544930290093334,11.0,0.12122005877164503,35.0,315.0,86.0,-3.0,52.5,-1.0,226.5,0.0037387889579391168,16.0,179.375,87.5
TIME:zcr,7,63419.94140625,36.0,0.22039109967229653,11.0,0.38150602007465784,31.0,0.07339364709110861,193.0,122.0,279.0,-9.0,652.5,-1.0,226.5,0.001862724227001497,30.0,182.375,87.5
TF:Ef_flatness,7,5.249622215880087e-14,949.0,0.22100347481872407,10.0,0.40559778783244305,21.0,0.07398029874519764,188.0,377.0,24.0,-3.0,52.5,-1.0,226.5,0.0023661066497253527,24.0,186.875,87.5
TIME:zcr_rate,7,94531.5859375,34.0,0.2203856824935437,12.0,0.38318292339444904,29.0,0.07339364601985442,194.0,118.0,283.0,-9.0,652.5,-1.0,226.5,0.0006506553455494526,76.0,188.375,87.5
TIME:n_valleys,7,3990.87744140625,53.0,0.20598490525477783,216.0,0.35444819091102486,169.0,0.07489445402298847,178.0,363.0,38.0,-3.0,52.5,-1.0,226.5,8.462659278474761e-05,601.0,191.75,87.5
TF:WPT_adda_energy,7,1275.5592041015625,65.0,0.21885038938083567,33.0,0.37075369991957174,60.0,0.06658623007208503,259.0,361.0,40.0,-4.0,152.5,-1.0,226.5,7.557672065227914e-05,715.0,193.875,87.5
TF:tf_perimeter,7,0.002816558815538883,584.0,0.21203516729293356,181.0,0.38047001295782,32.0,0.09011897029249573,104.0,255.0,146.0,-5.0,252.5,-1.0,226.5,0.0005971500216539765,87.0,201.625,87.5
TF:tf_area,7,0.0009239911451004446,638.5,0.20600781094115025,211.5,0.38239160339419254,30.0,0.0985838156431262,79.5,191.0,210.0,-4.0,152.5,-1.0,226.5,0.0006878753086276339,70.0,202.3125,87.5
TF:tf_occupancy,7,0.0009239911451004446,638.5,0.20600781094115025,211.5,0.38029583017891344,33.0,0.0985838156431262,79.5,188.0,213.0,-4.0,152.5,-1.0,226.5,0.0006439198079554954,78.0,204.0625,87.5
TF:tf_sparsity,7,0.0009239987703040242,637.0,0.20600749542032415,213.0,0.3862525413720257,28.0,0.09858380525771086,81.0,193.0,208.0,-4.0,152.5,-1.0,226.5,0.00048672170394159546,103.0,206.125,87.5
FREQ:hist_b30,7,0.00282405037432909,583.0,0.20912410635891673,199.0,0.33649008295836147,274.0,0.10296336561099592,70.0,249.0,152.0,-3.0,52.5,-1.0,226.5,0.0005444224094550616,96.0,206.625,87.5
TF:flux_std,7,0.009246382862329483,505.0,0.19952116056943564,249.0,0.34421075946789204,234.0,0.10160096897882152,72.0,145.0,256.0,-3.0,52.5,-1.0,226.5,0.00047120744098130867,110.0,213.125,87.5
TF:Ef_peak_amp,7,98.05475616455078,83.0,0.1771810972555933,397.0,0.37660167198165206,37.0,0.09886601981964376,76.0,0.0,701.5,-4.0,152.5,-1.0,226.5,0.0009195054677225035,52.0,215.6875,87.5
TF:WPT_adda_tk_mean,7,0.004331767093390226,556.0,0.2182164330796509,84.0,0.37038288425452714,63.0,0.06639540359374495,264.0,343.0,58.0,-7.0,452.5,-1.0,226.5,0.00031836069279269247,180.0,235.5,87.5
SPAT:st_t_max,7,1.4735454101355572e-07,897.0,0.19916609376397293,268.0,0.33662043585385737,273.0,0.1513357504278401,18.0,281.0,120.0,-3.0,52.5,-1.0,226.5,0.0007656859208451224,63.0,239.75,87.5
FREQ:spec_entropy_shannon,7,4.094075679779053,178.0,0.19495382601824207,319.0,0.34322412534244506,237.0,0.08201269408852457,137.0,0.0,701.5,-3.0,52.5,-1.0,226.5,0.0006865423909612073,71.0,240.3125,87.5
FREQ:mag_std,7,8.078764915466309,151.0,0.21295305419863383,176.0,0.34464614879478805,230.0,0.06569716464683661,273.0,117.0,284.0,-8.0,552.5,-1.0,226.5,0.0007379101509609008,65.0,244.75,87.5
TF:WPT_dddd_tk_mean,7,2.361003392792327e-09,925.0,0.2192588530827142,28.0,0.35859154373265856,128.0,0.06443492239616898,309.0,364.0,37.0,-5.0,252.5,-1.0,226.5,0.0008677204426624736,58.0,245.5,87.5
TF:WPT_ddda_iqr,7,0.00013184375711716712,739.0,0.21885326796053714,32.0,0.36768136354447645,71.0,0.0597743959458006,436.0,323.0,78.0,-4.0,152.5,-1.0,226.5,0.0001845531080859813,244.0,247.375,87.5
TF:WPT_addd_iqr,7,0.02924884296953678,458.0,0.21830670574151873,75.0,0.3708071775051578,58.0,0.05781211794046326,496.0,283.0,118.0,-4.0,152.5,-2.0,488.0,0.0003443737809744582,163.0,251.0625,87.5
TF:stft_p50,7,1.843760947676907e-21,953.0,0.21431255951244513,169.0,0.37179323751443594,55.0,0.06621986094646183,268.0,375.0,26.0,-3.0,52.5,-1.0,226.5,0.00014884697238889738,291.0,255.125,87.5
TF:DWT_L0_iqr,7,7.974455833435059,152.0,0.1799527307995925,383.0,0.31361371780045566,340.0,0.13453501454934438,23.0,85.0,316.0,-8.0,552.5,-1.0,226.5,0.0008759353767606398,57.0,256.25,87.5
TF:mod0_centroid,7,2.112825393676758,210.0,0.16901959734126548,434.0,0.18329855980917475,605.0,0.10144203121350064,73.0,237.0,164.0,-5.0,252.5,-1.0,226.5,0.0005343852941659422,97.0,257.75,87.5
TF:WPT_addd_energy,7,1065.6956787109375,66.0,0.21870736826773027,46.0,0.3578829440880362,134.0,0.06134644119237563,379.0,342.0,59.0,-10.0,752.5,-1.0,226.5,0.00010780610396443587,408.0,258.875,87.5
TIME:n_peaks,7,3857.52490234375,54.0,0.20598538538767552,215.0,0.3567255503740836,149.0,0.07054364149305584,218.5,357.0,44.0,-7.0,452.5,-1.0,226.5,7.396143583344393e-05,735.0,261.8125,87.5
TF:Et_std,7,0.1930994987487793,327.0,0.1928836832709484,333.0,0.34961690010348434,196.0,0.09102256441086172,101.0,202.0,199.0,-9.0,652.5,-1.0,226.5,0.0006033937675452132,85.0,265.0,87.5
TF:WPT_aada_iqr,7,0.11753596365451813,367.0,0.21799600664587684,100.0,0.3547285496681556,166.0,0.058341334292102844,482.0,271.0,130.0,-3.0,52.5,-1.0,226.5,8.49423095210412e-05,597.0,265.125,87.5
TF:WPT_aadd_iqr,7,0.6248664259910583,257.0,0.21823087936553215,82.0,0.3530903856451735,179.0,0.0584065469991251,481.0,257.0,144.0,-4.0,152.5,-25.0,546.5,0.00015017242292363243,285.0,265.875,87.5
FREQ:mag_mean,7,83.78340911865234,88.0,0.2072825479206425,206.0,0.3444373049557887,232.0,0.062405990526854714,353.0,30.0,371.0,-8.0,552.5,-1.0,226.5,0.000388309340654524,136.0,270.625,87.5
TF:WPT_dddd_abs_mean,7,9.86593931884272e-06,802.0,0.21894975262404537,30.0,0.3583198441438311,130.0,0.05920782354904661,452.0,268.0,133.0,-3.0,52.5,-1.0,226.5,0.00012184861945761257,348.0,271.75,87.5
TF:Et_entropy,7,0.17066743969917297,337.0,0.18773049023012425,361.0,0.3448997310240731,229.0,0.07872862495921351,161.0,134.0,267.0,-8.0,552.5,-1.0,226.5,0.0010474496018019386,45.0,272.375,87.5
TF:WPT_adda_iqr,7,0.029555030167102814,456.0,0.21856914997017154,58.0,0.36786149262561496,70.0,0.060565472306566843,401.0,307.0,94.0,-8.0,552.5,-1.0,226.5,0.00012802976649363627,329.0,273.375,87.5
TF:WPT_aadd_mad,7,0.15664444863796234,344.0,0.21821933122375725,83.0,0.3575725862668828,138.0,0.05870450398561113,466.0,259.0,142.0,-4.0,152.5,-56.0,577.5,0.00014564195122961188,294.0,274.625,87.5
TF:DWT_L6_mad,7,2.228614903287962e-05,783.0,0.2198728283889053,18.0,0.37217635788109193,54.0,0.06314012475235561,340.0,334.0,67.0,-6.0,352.5,-1.0,226.5,0.0001077337944847499,409.0,281.25,87.5
TF:WPT_ddad_mad,7,4.792986487700546e-07,880.0,0.2185751186185434,57.0,0.3526287069236864,181.0,0.059869033082474904,432.0,289.0,112.0,-3.0,52.5,-1.0,226.5,0.0001359056772519988,310.0,281.375,87.5
TIME:energy_entropy,7,0.10685909539461136,369.0,0.17354677478776537,420.0,0.22102550063983895,552.0,0.07240297216964627,205.0,19.0,382.0,-3.0,52.5,-1.0,226.5,0.0008815475952391021,56.0,282.875,87.5
TF:coherence_std,7,0.0005882540717720985,667.0,0.18828550078422468,353.0,0.3316235107052785,290.0,0.09490291110344407,91.0,51.0,350.0,-5.0,252.5,-1.0,226.5,0.0007004558157028764,69.0,287.375,87.5
FREQ:spec_centroid,7,30506.0390625,40.0,0.1988175912598396,279.0,0.3018383689955333,373.0,0.06563119485708904,275.0,71.0,330.0,-8.0,552.5,-1.0,226.5,0.00019372718459028743,237.0,289.125,87.5
TF:WPT_dddd_mad,7,7.118825124052819e-06,819.0,0.21780206825504814,114.0,0.3622420759354501,99.0,0.060043185756871294,423.0,286.0,115.0,-5.0,252.5,-1.0,226.5,0.0001642399893561905,270.0,289.875,87.5
TIME:env_std,7,0.012347493320703506,489.0,0.15579118244418408,482.0,0.2408134675130973,512.0,0.09804179275085646,84.0,344.0,57.0,-6.0,352.5,-1.0,226.5,0.00036594688459112623,146.0,293.625,87.5
TF:WPT_adda_log_energy,7,0.35526278614997864,284.0,0.1998992909324119,240.0,0.3707353938730593,61.0,0.05647800192094127,538.0,12.0,389.0,-7.0,452.5,-1.0,226.5,0.0003484286584482221,158.0,293.625,87.5
TF:WPT_adda_abs_mean,7,0.010394971817731857,498.0,0.21947302321922818,26.0,0.3671665413050178,72.0,0.0600980847912784,418.0,299.0,102.0,-10.0,752.5,-1.0,226.5,0.00016509520549040654,267.0,295.25,87.5
TF:Ef_harmonic_ratio,7,0.016012435778975487,479.0,0.1256691909192963,570.0,0.3047940005482048,362.0,0.12008437272637508,36.0,262.0,139.0,-7.0,452.5,-1.0,226.5,0.0004952740104966868,101.0,295.75,87.5
FREQ:spec_skew,7,89.66030883789062,85.0,0.16469537617578775,450.0,0.34567917420410144,226.0,0.0952286726459701,90.0,0.0,701.5,-7.0,452.5,-1.0,226.5,0.0003537115616534553,153.0,298.0625,87.5
TF:DWT_L5_iqr,7,0.015909705311059952,481.0,0.21969602317238443,24.0,0.37015075103639017,64.0,0.0614933026927703,375.0,322.0,79.0,-5.0,252.5,-1.0,226.5,5.6189036063618516e-05,898.0,300.0,87.5
FREQ:mag_max,7,1231053.25,16.0,0.17475173527881868,413.0,0.3300597957152749,298.0,0.1118405105396313,52.0,26.0,375.0,-12.0,952.5,-1.0,226.5,0.0005539591535063687,94.0,303.375,87.5
TIME:mad,7,0.008450683206319809,510.0,0.16053414403091126,462.0,0.2497970902207891,489.0,0.0799427003333698,147.0,269.0,132.0,-5.0,252.5,-1.0,226.5,0.0002481890061505253,209.0,303.5,87.5
FREQ:peak1_amp,7,1231053.25,16.0,0.17475173527881868,413.0,0.330035851462843,301.0,0.1118405105396313,52.0,20.0,381.0,-12.0,952.5,-1.0,226.5,0.0005973804214755421,86.0,303.5,87.5
TF:WPT_aaaa_mad,7,0.23603227734565735,311.0,0.1503955273893557,498.0,0.2842801226677376,415.0,0.11185024639719729,50.0,0.0,701.5,-4.0,152.5,-1.0,226.5,0.0006512165172040062,75.0,303.6875,87.5
TIME:burst_rate,7,18267.205078125,44.0,0.18778925729498838,358.0,0.24496608797357577,504.0,0.11240912863070558,48.5,23.0,378.0,-7.0,452.5,-1.0,226.5,0.00010256463678973641,432.0,305.4375,87.5
FREQ:mag_range,7,1231053.25,16.0,0.17475173527881868,413.0,0.33003329371020973,302.0,0.1118405105396313,52.0,21.0,380.0,-12.0,952.5,-1.0,226.5,0.0004438944393716602,118.0,307.5,87.5
TF:DWT_L1_log_energy,7,0.17753998935222626,334.0,0.14179258142129905,523.0,0.3046312321241871,363.0,0.08633568501850802,115.0,0.0,701.5,-3.0,52.5,-1.0,226.5,0.00035993900106299115,151.0,308.3125,87.5
TF:WPT_adda_std,7,0.017086386680603027,477.0,0.21850417339613404,60.0,0.364027208832324,88.0,0.05946296366200782,445.0,247.0,154.0,-12.0,952.5,-1.0,226.5,0.000665332293161734,74.0,309.625,87.5
TF:glcm_72_homogeneity_d4_a2,7,0.0003777982492465526,695.0,0.19513339736459304,317.0,0.3391689470553634,260.0,0.06308514429444864,342.0,169.0,232.0,-3.0,52.5,-1.0,226.5,0.00012111471111928728,352.0,309.625,87.5
TF:DWT_L1_std,7,0.4360508322715759,269.0,0.1416823291239891,526.0,0.30081705650667345,375.0,0.08109658446855414,141.0,0.0,701.5,-4.0,152.5,-1.0,226.5,0.0003762213527806666,139.0,316.3125,87.5
TF:WPT_dddd_std,7,1.59258815983776e-05,790.0,0.2183316999949904,72.0,0.36483877373730556,82.0,0.0586893789106103,467.0,220.0,181.0,-6.0,352.5,-1.0,226.5,0.0001129842259668795,377.0,318.5,87.5
TIME:env_entropy,7,0.01343571301549673,487.0,0.14736759074485378,508.0,0.26027877776377606,470.0,0.06732515654232703,251.0,60.0,341.0,-4.0,152.5,-1.0,226.5,0.0003715269911393556,143.0,322.375,87.5
TF:DWT_L1_rms,7,0.4384324550628662,267.0,0.14182397002593147,521.0,0.304606619017465,364.0,0.08110128986229975,140.0,0.0,701.5,-4.0,152.5,-1.0,226.5,0.000248646732871332,207.0,322.4375,87.5
TF:DWT_L1_tk_mean,7,5.941872596740723,161.0,0.12472350377250965,579.0,0.28854193735657985,406.0,0.0688221779871813,239.0,0.0,701.5,-3.0,52.5,-1.0,226.5,0.0002324370899516784,215.0,322.5625,87.5
TF:WPT_aada_mad,7,0.02946159616112709,457.0,0.21799235274158774,101.0,0.3656152312353531,78.0,0.058143698611783576,487.0,273.0,128.0,-5.0,252.5,-1.0,226.5,6.0115899864726045e-05,871.0,325.125,87.5
TIME:iqr,7,0.034569136798381805,448.0,0.15967711696909104,465.0,0.25566810367588344,479.0,0.08430577780147086,127.0,308.0,93.0,-9.0,652.5,-1.0,226.5,0.0004424932966356369,119.0,326.25,87.5
FREQ:peak2_amp,7,305780.84375,26.0,0.1626913502197021,453.0,0.25295458072209787,484.0,0.08038461360315123,144.0,0.0,701.5,-6.0,352.5,-1.0,226.5,0.00020681033613845646,230.0,327.1875,87.5
TF:stft_range,7,1.4016947746276855,219.5,0.17039941141141557,428.5,0.25306716906783766,482.0,0.07827109630176003,163.5,0.0,701.5,-5.0,252.5,-1.0,226.5,0.0003570392550783375,152.0,328.25,87.5
TF:DWT_L2_tk_mean,7,3.467975616455078,182.0,0.2009153791461985,235.0,0.2984459689172776,381.0,0.06698421364627144,255.0,44.0,357.0,-5.0,252.5,-15.0,536.5,0.00010207976302318975,436.0,329.375,87.5
TF:WPT_ddad_iqr,7,1.9126423467241693e-06,843.0,0.21859547724650588,53.0,0.3556565288063962,155.0,0.059907120497789984,427.0,288.0,113.0,-7.0,452.5,-1.0,226.5,0.0001145165242745266,372.0,330.25,87.5
TF:WPT_dddd_rms,7,1.592862099641934e-05,789.0,0.21833218519057213,71.0,0.3640717910059368,87.0,0.058685928636854616,468.0,227.0,174.0,-6.0,352.5,-1.0,226.5,9.783658518503106e-05,476.0,330.5,87.5
TF:DWT_L1_energy,7,111628.8203125,31.0,0.12952826600065379,559.0,0.30446847206859706,366.0,0.06567869441716304,274.0,0.0,701.5,-5.0,252.5,-1.0,226.5,0.00019700573577296934,235.0,330.6875,87.5
TF:stft_max,7,1.4016947746276855,219.5,0.17039941141141557,428.5,0.2530569782539236,483.0,0.07827109630176003,163.5,0.0,701.5,-5.0,252.5,-1.0,226.5,0.0002995721724057389,192.0,333.375,87.5
TF:WPT_dada_mad,7,7.21303149475716e-05,756.0,0.21814322556830412,90.0,0.357189018681662,146.0,0.05927643099393642,451.0,295.0,106.0,-7.0,452.5,-1.0,226.5,9.95047533169526e-05,452.0,335.0,87.5
TF:glcm_50_contrast_d3_a2,7,0.046950288116931915,432.0,0.1735485086358206,419.0,0.24177854110745844,507.0,0.10827139118879421,57.0,18.0,383.0,-7.0,452.5,-1.0,226.5,0.0002664781737836972,203.0,335.0,87.5
TF:glcm_12_homogeneity_d1_a2,7,0.0003151424170937389,711.0,0.1960737383041054,298.0,0.34144163029050745,249.0,0.06286568648796471,346.0,266.0,135.0,-6.0,352.5,-1.0,226.5,0.00011366976366985599,376.0,336.75,87.5
TF:WPT_aaad_var,7,3.2098805904388428,191.5,0.21508917643758732,161.5,0.3374249581392852,263.0,0.06436782671378911,313.5,224.0,177.0,-11.0,852.5,-2.0,488.0,0.0001564513775140512,277.0,340.5,87.5
TF:DWT_L1_var,7,6.162675857543945,158.0,0.1295067296832001,560.0,0.3007927758810687,376.0,0.06583334412987597,272.0,0.0,701.5,-5.0,252.5,-1.0,226.5,0.00032024030256845386,178.0,340.5625,87.5
FREQ:bandP_3,7,1989510823936.0,8.0,0.16118193256942828,458.0,0.32184223181530314,313.0,0.060090338570384066,419.0,0.0,701.5,-5.0,252.5,-1.0,226.5,0.00011676909381914334,362.0,342.5625,87.5
TF:DWT_L2_energy,7,231321.65625,27.0,0.20099483356057543,233.0,0.3007577669445345,378.0,0.06538339047072628,288.0,45.0,356.0,-7.0,452.5,-42.0,563.0,9.687897818848097e-05,491.0,348.5625,87.5
TF:DWT_L3_tk_std,7,9.92776107788086,146.5,0.20382070878425754,223.5,0.3210436517383899,316.0,0.05760986514438964,501.5,63.0,338.0,-10.0,752.5,-1.0,226.5,0.000132832950474382,317.0,352.6875,87.5
FREQ:frac_high,7,0.06909386068582535,397.0,0.21679847353800757,141.0,0.3443562016054327,233.0,0.06740589712715173,250.0,272.0,129.0,-12.0,952.5,-2.0,488.0,0.00018671796744497182,242.0,354.0625,87.5
TF:DWT_L4_mad,7,0.09288069605827332,375.0,0.2188361269612218,37.0,0.36842840389957354,66.0,0.059370013507222805,448.0,277.0,124.0,-7.0,452.5,-2.0,488.0,5.9093545504343524e-05,881.0,358.9375,87.5
TF:glcm_32_homogeneity_d2_a2,7,0.000386152823921293,692.0,0.19543449177531658,305.0,0.34682419728262737,217.0,0.06214428818910637,357.0,240.0,161.0,-7.0,452.5,-1.0,226.5,9.747845976366691e-05,486.0,362.125,87.5
FREQ:frac_low,7,0.09375464171171188,374.0,0.20127067499901627,231.0,0.31295382768627533,341.0,0.07985589892975206,150.0,91.0,310.0,-12.0,952.5,-1.0,226.5,0.00010860741835736656,404.0,373.625,87.5
TF:DWT_L2_var,7,3.3449289798736572,185.0,0.20095572031831732,234.0,0.30953879974447185,352.0,0.06529065808079255,291.0,42.0,359.0,-7.0,452.5,-2.0,488.0,7.664288538922368e-05,695.0,382.0625,87.5
TIME:katz_fd,7,0.17483624815940857,335.0,0.18985914438037566,348.0,0.2612442917205384,469.0,0.06915193165555414,232.0,39.0,362.0,-6.0,352.5,-2.0,488.0,9.77416524844761e-05,477.0,382.9375,87.5
TF:glcm_14_entropy_d1_a2,7,0.06455794721841812,403.0,0.19506913140338222,318.0,0.33095809855423264,295.0,0.06160205296221691,370.0,89.0,312.0,-9.0,652.5,-2.0,488.0,0.00010407710741152519,425.0,407.9375,87.5
TF:WPT_aaad_rms,7,0.4275853931903839,270.5,0.21347598360504855,171.5,0.3367964919903561,271.0,0.05952027716279436,440.5,99.0,302.0,-12.0,952.5,-2.0,488.0,0.00011024708316355992,392.0,411.0,87.5
TF:glcm_29_entropy_d2_a1,7,0.06422583758831024,406.5,0.19526905816018372,313.5,0.314990872482507,332.0,0.05990114210156673,428.5,65.0,336.0,-7.0,452.5,-105.0,626.0,0.0001066737436764091,413.0,413.5,87.5
TF:glcm_59_entropy_d3_a3,7,0.0636032372713089,411.0,0.19489613849924595,320.0,0.31842515560006923,324.0,0.05778574093285654,498.0,50.0,351.0,-7.0,452.5,-143.0,664.5,0.0001485438397585653,292.0,414.125,87.5
TF:tfband_4,7,2.9083516597747803,198.0,0.19175545980504155,341.0,0.3167598478556557,328.0,0.061378314609070624,378.0,0.0,701.5,-4.0,152.5,-2.0,488.0,7.450896945681636e-05,728.0,414.375,87.5
TF:WPT_aaad_abs_mean,7,0.2771094739437103,303.0,0.2159984063923297,151.0,0.34235130876636743,239.0,0.058335232905600186,483.0,132.0,269.0,-12.0,952.5,-2.0,488.0,9.827859980158134e-05,470.0,419.4375,87.5
TF:DWT_L2_log_energy,7,0.2540893852710724,306.0,0.18513691124875944,372.0,0.30079079922851326,377.0,0.05972044679831428,438.0,0.0,701.5,-3.0,52.5,-1.0,226.5,5.827022826168719e-05,885.0,419.8125,87.5
TF:tf_freq_time_var_ratio,6,22.08683967590332,116.0,0.14258613780945326,518.0,0.1815455920789586,606.0,0.08818339107202408,109.0,380.0,21.0,-3.0,52.5,-1.0,226.5,0.0005872046548073604,88.0,217.125,75.0
TF:stft_gini,6,0.0013171788305044174,624.0,0.2181146570578504,95.0,0.3765579117439488,38.0,0.07350251961406157,191.0,346.0,55.0,-9.0,652.5,-1.0,226.5,0.0016010137941039684,32.0,239.25,75.0
TF:DWT_L5_mad,6,0.003980276640504599,559.0,0.21969834285699377,23.0,0.36710456708950456,73.0,0.06151281504276294,373.0,320.0,81.0,-3.0,52.5,-1.0,226.5,7.869282635755636e-05,664.0,256.5,75.0
TF:Ef_rolloff95,6,360073.1875,25.0,0.19482684607888187,323.0,0.37480244063834567,44.0,0.05438441840277779,569.0,0.0,701.5,-3.0,52.5,-1.0,226.5,0.0004325708352279691,125.0,258.3125,75.0
TF:WPT_adda_var,6,0.00474458048120141,554.0,0.21884567531194668,34.0,0.3640194565014174,90.0,0.06655635319426807,260.0,362.0,39.0,-10.0,752.5,-1.0,226.5,0.00029957446421256887,191.0,268.375,75.0
TF:WPT_aaaa_entropy,6,0.20342010259628296,321.0,0.11512843157763918,605.0,0.13986231674255478,662.0,0.14243325407493465,19.0,329.0,72.0,-3.0,52.5,-1.0,226.5,0.00026017619063860704,206.0,270.5,75.0
FREQ:bandP_2,6,4428757729280.0,6.0,0.12477459680328658,577.0,0.28964504798532653,401.0,0.050781407018265376,631.0,378.0,23.0,-5.0,252.5,-1.0,226.5,0.0009557601503794003,50.0,270.875,75.0
TIME:autocorr_first_zero,6,4377.24462890625,52.0,0.13494208761680343,544.0,0.35531060410363846,159.0,0.15907274643320318,16.0,0.0,701.5,-7.0,452.5,-1.0,226.5,0.001959108750838764,27.0,272.3125,75.0
SPAT:st_t_spread,6,0.00043380181887187064,686.0,0.1627453545667566,452.0,0.391655243628398,27.0,0.13445058916140082,24.0,0.0,701.5,-3.0,52.5,-1.0,226.5,0.0009748746585499492,49.0,277.3125,75.0
TF:WPT_addd_mad,6,0.007330102846026421,518.0,0.2182853782361284,78.0,0.3629285234483004,93.0,0.05804731572240618,489.0,280.0,121.0,-8.0,552.5,-1.0,226.5,0.0003488925752103011,157.0,279.375,75.0
TF:DWT_L4_iqr,6,0.37101536989212036,279.0,0.21883290743982167,38.0,0.3641188522088932,86.0,0.059182856173466206,453.0,276.0,125.0,-3.0,52.5,-67.0,588.0,8.296099272517986e-05,622.0,280.4375,75.0
TF:DWT_L5_var,6,0.001213646843098104,628.0,0.22030799001109458,14.0,0.358935321661503,122.0,0.06499259502925017,301.0,372.0,29.0,-10.0,752.5,-1.0,226.5,0.00031126593694690604,183.0,282.0,75.0
TF:WPT_aaaa_tk_mean,6,3.144771099090576,193.0,0.1409661862461185,532.0,0.3116480454247159,347.0,0.08779315855375551,112.0,0.0,701.5,-3.0,52.5,-1.0,226.5,0.0005011080960685754,100.0,283.0625,75.0
TIME:p75,6,0.010018615983426571,502.0,0.16039151751523828,463.0,0.23759561328518908,517.0,0.08284962072342995,136.0,292.0,109.0,-4.0,152.5,-1.0,226.5,0.00033439935644387456,165.0,283.875,75.0
TF:WPT_dadd_iqr,6,0.0002291587443323806,724.0,0.2182949471764013,76.0,0.35446243374124364,168.0,0.057952819144209314,491.0,279.0,122.0,-3.0,52.5,-2.0,488.0,0.00034999423731692974,156.0,284.6875,75.0
TF:Ef_std,6,0.4698673486709595,260.0,0.1902022877231622,347.0,0.3681270862199284,68.0,0.09712648172240122,86.0,0.0,701.5,-8.0,552.5,-1.0,226.5,0.0010585677926838227,44.0,285.6875,75.0
FREQ:pow_std,6,7178518528.0,10.0,0.1661306680737825,446.0,0.3398721343489268,255.0,0.09881534775147877,77.0,0.0,701.5,-8.0,552.5,-1.0,226.5,0.001170382064193189,40.0,288.5625,75.0
TF:Ef_rolloff99,6,220774.625,28.0,0.175336143176351,409.0,0.3726722182543236,51.0,0.047100492424242454,658.0,0.0,701.5,-3.0,52.5,-1.0,226.5,0.00030650839309073015,187.0,289.1875,75.0
TF:WPT_dddd_log_energy,6,0.34838226437568665,286.0,0.1998681917728235,241.0,0.3640195351766393,89.0,0.055670224448075595,549.0,0.0,701.5,-3.0,52.5,-1.0,226.5,0.00033083707688466666,168.0,289.1875,75.0
TIME:margin_factor,6,7.657130241394043,153.0,0.08654278217596435,697.0,0.12547343152697854,676.0,0.09804388953254671,83.0,398.0,3.0,-4.0,152.5,-1.0,226.5,0.00011919699046268511,358.0,293.625,75.0
TF:WPT_aada_energy,6,17645.099609375,45.0,0.218593880344096,54.0,0.354799560968289,165.0,0.06182639457827764,365.0,350.0,51.0,-8.0,552.5,-1.0,226.5,5.249075675644717e-05,914.0,296.625,75.0
TF:WPT_adda_mad,6,0.007407373283058405,516.0,0.21857661644357554,56.0,0.36806663231769354,69.0,0.0595763850303271,439.0,311.0,90.0,-8.0,552.5,-1.0,226.5,0.00010328675622032878,428.0,297.125,75.0
SPAT:st_t_centroid,6,0.0020079014357179403,596.0,0.08293886721833578,709.0,0.2759082433273705,440.0,0.1222310618529285,32.0,110.0,291.0,-3.0,52.5,-1.0,226.5,0.0016166167644571102,31.0,297.25,75.0
TF:WPT_dadd_energy,6,0.06551915407180786,402.0,0.218339635813332,69.0,0.354003306959767,175.0,0.06184366681138437,364.0,328.0,73.0,-8.0,552.5,-56.0,577.5,0.0003342737172156907,166.0,297.375,75.0
TF:DWT_L5_energy,6,5115.24853515625,50.0,0.2203094571418998,13.0,0.35907233561288887,119.0,0.06499268919053894,300.0,373.0,28.0,-10.0,752.5,-1.0,226.5,5.38274144146162e-05,907.0,299.5,75.0
TIME:waveform_length,6,399384.9375,23.0,0.21820856195929242,86.0,0.3643847892521026,84.0,0.06076600118361209,397.0,210.0,191.0,-11.0,852.5,-2.0,488.0,0.00015507864727277914,279.0,300.0625,75.0
SPAT:sp_grad_mean_abs,6,1.0560291359140942e-21,954.0,0.1171079856504314,598.0,0.39900625380785115,23.0,0.06957557847709828,227.0,77.0,324.0,-3.0,52.5,-1.0,226.5,0.0046771849246654935,12.0,302.125,75.0
TF:WPT_dada_abs_mean,6,9.868216147879139e-05,745.0,0.21893489694289892,31.0,0.36639175616911457,75.0,0.059887003652503504,431.0,270.0,131.0,-9.0,652.5,-1.0,226.5,0.00043179932905435247,127.0,302.375,75.0
TF:WPT_dddd_var,6,4.159443900420001e-09,923.0,0.2188410496959298,36.0,0.36475309624252183,83.0,0.06551037774500329,277.0,351.0,50.0,-10.0,752.5,-1.0,226.5,0.0005673872427311942,91.0,304.875,75.0
TF:WPT_adad_energy,6,35.84407424926758,105.0,0.21827966189825013,80.0,0.35753843119103657,141.0,0.06293126259059817,344.0,309.0,92.0,-8.0,552.5,-2.0,488.0,8.068831575841056e-05,640.0,305.3125,75.0
TF:WPT_ddda_mad,6,3.3050797355826944e-05,774.0,0.21881041995814587,40.0,0.35819241762147636,131.0,0.05998906575515155,426.0,316.0,85.0,-4.0,152.5,-1.0,226.5,8.393072474277498e-05,609.0,305.5,75.0
FREQ:spec_kurt,6,198015.328125,29.0,0.12604708606867263,569.0,0.34036138561309226,254.0,0.07018760672540017,221.0,0.0,701.5,-5.0,252.5,-1.0,226.5,0.0002940925743207084,194.0,305.9375,75.0
TF:stft_p75,6,1.9577444110296938e-09,926.0,0.21844867558027162,61.0,0.3657472175625047,77.0,0.06166118385918022,369.0,358.0,43.0,-3.0,52.5,-1.0,226.5,7.594543774034733e-05,707.0,307.75,75.0
TF:WPT_dada_log_energy,6,0.3554766774177551,283.0,0.19977397754121815,243.0,0.3589451993339208,121.0,0.05608240629354183,542.0,7.0,394.0,-4.0,152.5,-1.0,226.5,9.538877566650486e-05,505.0,308.375,75.0
TF:glcm_51_energy_d3_a2,6,0.0008928354363888502,642.0,0.199116647482435,269.0,0.3795777346194962,34.0,0.06539246641841874,286.0,170.0,231.0,-8.0,552.5,-1.0,226.5,0.00020940462492753805,228.0,308.625,75.0
TIME:env_skew,6,0.4419081211090088,266.0,0.09773202408683364,658.0,0.12351773376113107,678.0,0.11911243694067346,37.0,214.0,187.0,-4.0,152.5,-1.0,226.5,0.0001585412476260872,274.0,309.875,75.0
TF:glcm_16_energy_d1_a3,6,0.0008720998885110021,651.5,0.19926029982418786,260.5,0.3737124421058491,46.0,0.06534689268068254,289.5,166.0,235.0,-8.0,552.5,-1.0,226.5,0.00020301740143976375,232.0,311.6875,75.0
TF:lbp_b31,6,0.0005462361732497811,673.0,0.19953400534655488,247.0,0.35238570923027135,183.0,0.06382881507531293,324.0,127.0,274.0,-3.0,52.5,-1.0,226.5,9.326625218445683e-05,523.0,312.875,75.0
TF:glcm_36_energy_d2_a3,6,0.0008720998885110021,651.5,0.19926029982418786,260.5,0.3737093099547635,47.0,0.06534689268068254,289.5,164.0,237.0,-8.0,552.5,-1.0,226.5,0.00017039529129901553,259.0,315.4375,75.0
TF:WPT_adad_rms,6,0.002809833735227585,585.0,0.21694639547096856,130.0,0.357495764594443,143.0,0.05788085722654516,492.0,142.0,259.0,-8.0,552.5,-1.0,226.5,0.00037453157815448815,141.0,316.125,75.0
TF:DWT_L5_std,6,0.008578622713685036,509.0,0.21873491700071482,44.0,0.3590774621785733,118.0,0.06007235426208709,422.0,216.0,185.0,-12.0,952.5,-1.0,226.5,0.0006210437872470342,82.0,317.375,75.0
TF:glcm_66_energy_d4_a1,6,0.0008775033056735992,645.0,0.19948676451221573,253.0,0.37624441817155807,39.0,0.06522768611502498,295.0,135.0,266.0,-3.0,52.5,-1.0,226.5,7.05079605315744e-05,768.0,318.125,75.0
TF:tf_bbox_extent,6,0.007096561603248119,523.0,0.19291752551593133,332.0,0.41425736285754766,18.0,0.06495242942336543,302.0,0.0,701.5,-5.0,252.5,-1.0,226.5,0.00023733479832191589,213.0,321.0625,75.0
TF:DWT_L5_rms,6,0.008578644134104252,508.0,0.21873508615847304,43.0,0.35908912172973473,117.0,0.06007241211554282,421.0,217.0,184.0,-12.0,952.5,-1.0,226.5,0.0004439497338248454,117.0,321.125,75.0
TF:WPT_adda_rel_energy,6,1.766824243532028e-05,787.0,0.21806746567653262,98.0,0.35841853781243893,129.0,0.06411491600496204,319.0,330.0,71.0,-10.0,752.5,-1.0,226.5,0.0003077937262130049,186.0,321.125,75.0
TF:WPT_dada_rms,6,0.0001527009590063244,734.0,0.2183239420381962,73.0,0.3589181961430503,123.0,0.05863133622981499,472.0,233.0,168.0,-9.0,652.5,-1.0,226.5,0.00044148253741908714,120.0,321.125,75.0
TF:Ef_spread,6,26085.30859375,42.0,0.191378688412733,343.0,0.2922775945382643,395.0,0.05667815505328624,529.0,0.0,701.5,-3.0,52.5,-1.0,226.5,0.00015386290779923845,280.0,321.1875,75.0
TF:glcm_31_energy_d2_a2,6,0.0008861957467161119,643.0,0.19907578207705146,273.0,0.37116974793276647,56.0,0.0654388559151033,281.0,172.0,229.0,-8.0,552.5,-1.0,226.5,0.00013331910499725635,315.0,322.0,75.0
TF:WPT_ddda_energy,6,0.030612660571932793,453.0,0.21143202615569223,188.0,0.35416811003972093,171.0,0.0679316620449833,246.0,181.0,220.0,-8.0,552.5,-1.0,226.5,9.329033235250573e-05,522.0,322.375,75.0
FREQ:bandP_rel_4,6,0.0056588007137179375,544.0,0.20947210081621281,197.0,0.31651338402333495,330.0,0.06375803766676985,327.0,107.0,294.0,-4.0,152.5,-2.0,488.0,0.000177750967820562,253.0,323.1875,75.0
TF:DWT_L0_tk_max,6,95773.9609375,33.0,0.13734909948552113,542.0,0.16253828400542547,633.0,0.07639889172945881,171.0,0.0,701.5,-4.0,152.5,-1.0,226.5,0.0004053795785877141,134.0,324.1875,75.0
TF:glcm_61_energy_d4_a0,6,0.0008530696504749358,656.0,0.19948700815059583,252.0,0.37683726779147,36.0,0.06519110460787665,298.0,129.0,272.0,-8.0,552.5,-1.0,226.5,0.00013107324423915665,321.0,326.75,75.0
TF:glcm_41_energy_d3_a0,6,0.0008551541832275689,655.0,0.19948811982230716,251.0,0.370672939205988,62.0,0.0652360216365899,294.0,133.0,268.0,-8.0,552.5,-1.0,226.5,0.000133266052216992,316.0,328.125,75.0
TF:DWT_L6_energy,6,0.62325119972229,258.0,0.21995481356299232,16.0,0.35992713910625396,109.0,0.06481024829071834,303.0,369.0,32.0,-11.0,852.5,-1.0,226.5,6.396225969867658e-05,831.0,328.5,75.0
TF:WPT_aaaa_log_energy,6,0.021362492814660072,473.0,0.21121146588577938,191.0,0.31398188481461187,339.0,0.06948914191394112,228.0,147.0,254.0,-3.0,52.5,-50.0,571.5,9.285990242838518e-05,526.0,329.375,75.0
TF:WPT_dada_energy,6,0.10170937329530716,371.0,0.21864575904124542,50.0,0.3588957449150745,124.0,0.06339288587237465,334.0,356.0,45.0,-9.0,652.5,-1.0,226.5,6.360439597159016e-05,836.0,329.875,75.0
TF:glcm_76_energy_d4_a3,6,0.0008776626782491803,644.0,0.19951598519653455,250.0,0.3652702138133668,80.0,0.06508633104747259,299.0,137.0,264.0,-8.0,552.5,-1.0,226.5,0.00012790965952656766,330.0,330.75,75.0
TIME:mean_peak_interval,6,491.1221923828125,73.0,0.1719660552388109,424.0,0.35203726799817225,189.0,0.041256057280295515,692.0,0.0,701.5,-4.0,152.5,-1.0,226.5,0.0002773121839811292,198.0,332.0625,75.0
TF:WPT_dada_iqr,6,0.00028786901384592056,717.0,0.21813292912831847,91.0,0.3727649606891914,50.0,0.05906780734482756,457.0,293.0,108.0,-7.0,452.5,-1.0,226.5,8.79809071152979e-05,567.0,333.625,75.0
TF:DWT_L0_entropy,6,0.436848908662796,268.0,0.13025605933334428,554.0,0.16701452973187036,627.0,0.15448577683639697,17.0,0.0,701.5,-4.0,152.5,-1.0,226.5,0.000437474587307567,123.0,333.6875,75.0
TF:glcm_11_energy_d1_a2,6,0.000876748759765178,646.0,0.19916980553641894,267.0,0.3684078185463062,67.0,0.0654330016791457,282.0,173.0,228.0,-8.0,552.5,-1.0,226.5,0.00010391295293583769,427.0,337.0,75.0
TF:DWT_L4_std,6,0.1955302208662033,325.0,0.21717250752374995,126.0,0.3490063567523234,204.0,0.05899479529717604,458.0,162.0,239.0,-9.0,652.5,-84.0,605.5,0.0005817012660954865,89.0,337.375,75.0
TF:WPT_addd_var,6,0.003966817632317543,560.0,0.21870949674784038,45.0,0.36282049540186545,95.0,0.06134610076174657,380.0,341.0,60.0,-11.0,852.5,-2.0,488.0,0.00021968098526352068,221.0,337.6875,75.0
TF:WPT_daaa_tk_mean,6,6.89434360295893e-12,943.0,0.2121179511035684,180.0,0.3360710451328579,279.0,0.06397238445414354,322.0,195.0,206.0,-3.0,52.5,-32.0,553.0,0.00033336778325072485,167.0,337.8125,75.0
TF:DWT_L6_std,6,4.755587360705249e-05,766.0,0.21876079272480606,41.0,0.3599399166972712,108.0,0.06016471156116827,415.0,231.0,170.0,-11.0,852.5,-1.0,226.5,0.00041030391657626014,132.0,338.875,75.0
TF:WPT_ddad_abs_mean,6,6.848408702353481e-07,867.0,0.21934670839984471,27.0,0.36279890455572383,97.0,0.060029712017419114,425.0,264.0,137.0,-11.0,852.5,-1.0,226.5,0.0006305129542065386,81.0,339.125,75.0
TF:WPT_aada_var,6,0.06572200357913971,401.0,0.21859227472563192,55.0,0.35754369370638317,140.0,0.061809622704000894,367.0,345.0,56.0,-8.0,552.5,-1.0,226.5,5.1252842496357383e-05,921.0,339.875,75.0
TF:das_transient_index,6,1.2551050186157227,224.0,0.1610785486631247,460.0,0.33024940765746846,296.0,0.05074000412519003,633.0,0.0,701.5,-4.0,152.5,-1.0,226.5,0.0014763034757555484,35.0,341.0625,75.0
TF:WPT_ddda_abs_mean,6,4.692807488027029e-05,767.0,0.21970996373416465,21.0,0.37423229257935686,45.0,0.06028632621900654,411.0,304.0,97.0,-6.0,352.5,-1.0,226.5,6.639973659034093e-05,811.0,341.375,75.0
TF:stft_rms,6,0.0004127736610826105,688.0,0.1878126415993932,356.0,0.35614098245432,152.0,0.09448379080872855,92.0,73.0,328.0,-10.0,752.5,-1.0,226.5,0.0003763056288694499,138.0,341.625,75.0
TF:WPT_dadd_mad,6,5.7446901337243617e-05,760.0,0.21829427637828877,77.0,0.3553615643933048,158.0,0.057876106092394124,493.0,282.0,119.0,-5.0,252.5,-1.0,226.5,7.986865783264642e-05,653.0,342.375,75.0
TF:glcm_56_energy_d3_a3,6,0.0008733531576581299,647.0,0.19939309446825307,256.0,0.3731131354163466,48.0,0.0654295725832048,283.0,149.0,252.0,-8.0,552.5,-1.0,226.5,9.755681759033022e-05,484.0,343.625,75.0
TF:WPT_dada_var,6,3.7830454857612494e-07,885.0,0.21863932403178835,52.0,0.3593240195502303,115.0,0.06336100858247895,335.0,354.0,47.0,-9.0,652.5,-2.0,488.0,0.00030815433999936936,184.0,344.8125,75.0
TF:glcm_21_energy_d2_a0,6,0.0008590304059907794,654.0,0.19940329167909263,254.0,0.3722038113309747,53.0,0.06540713519398256,285.0,151.0,250.0,-8.0,552.5,-1.0,226.5,9.726259899497128e-05,489.0,345.5,75.0
TF:WPT_daad_var,6,5.981283912603885e-09,922.0,0.21792710786922023,103.0,0.3521258510913956,186.0,0.06323234254725417,339.0,321.0,80.0,-10.0,752.5,-1.0,226.5,0.0003444353264352963,162.0,346.375,75.0
SPAT:sp_tv_norm,6,1.476786379932396e-29,958.0,0.000462107657635398,953.0,0.3933596770465466,26.0,0.06957557867844935,226.0,82.0,319.0,-3.0,52.5,-1.0,226.5,0.00475139140391077,11.0,346.5,75.0
TF:WPT_daaa_abs_mean,6,6.108311367825081e-07,871.0,0.2179106136912283,106.0,0.3615943511137325,101.0,0.0581094931807083,488.0,234.0,167.0,-9.0,652.5,-1.0,226.5,0.000342138277750733,164.0,347.0,75.0
TF:glcm_52_homogeneity_d3_a2,6,0.00037712155608460307,696.0,0.19462832211853348,326.0,0.33884045688999453,262.0,0.06396335479065404,323.0,194.0,207.0,-4.0,152.5,-1.0,226.5,8.511351751949591e-05,593.0,348.25,75.0
TF:stft_std,6,0.00041699051507748663,687.0,0.18794327672583028,355.0,0.35283897353718086,180.0,0.09441578152960972,93.0,76.0,325.0,-10.0,752.5,-1.0,226.5,0.00032843456587754535,170.0,348.625,75.0
TF:WPT_dddd_rel_energy,6,1.5522907612086634e-11,941.0,0.21773863789669112,115.0,0.3537067272462693,176.0,0.06349264686986585,331.0,306.0,95.0,-10.0,752.5,-1.0,226.5,0.0003502419986162471,155.0,349.0,75.0
FREQ:spec_slope,6,1.6334090105374344e-05,788.0,0.2028770738790737,225.0,0.341955107897157,246.0,0.06550407024660528,279.0,0.0,701.5,-5.0,252.5,-1.0,226.5,0.00064706658786033,77.0,349.4375,75.0
TF:WPT_aadd_abs_mean,6,0.21344894170761108,317.0,0.218176064562701,88.0,0.36273249070500224,98.0,0.059097797474073115,455.0,206.0,195.0,-9.0,652.5,-107.0,628.5,0.00010853869454015072,405.0,354.875,75.0
TIME:longest_run_above,6,5100.85791015625,51.0,0.1622100243720249,455.0,0.21693660883435673,564.0,0.08348147831050236,131.0,0.0,701.5,-6.0,352.5,-1.0,226.5,0.00011596035464976865,364.0,355.6875,75.0
TF:glcm_70_contrast_d4_a2,6,0.04635544866323471,435.0,0.16214519984537878,456.0,0.21688428678595084,565.0,0.10896584644827138,56.0,0.0,701.5,-4.0,152.5,-1.0,226.5,0.00017251639723629415,257.0,356.1875,75.0
TF:tfband_3,6,4.385293483734131,173.0,0.12486149723168721,576.0,0.3087503392198063,355.0,0.05187031037738854,611.0,0.0,701.5,-3.0,52.5,-1.0,226.5,0.00033061174396374025,169.0,358.0625,75.0
TF:WPT_ddda_log_energy,6,0.36465442180633545,280.0,0.19919572627648285,264.0,0.3541658247495758,172.0,0.05695943772311848,524.0,17.0,384.0,-6.0,352.5,-1.0,226.5,7.805076136746614e-05,673.0,359.5,75.0
TIME:p1,6,0.1176406741142273,366.0,0.0904373357174772,678.0,0.1442273898973654,654.0,0.06133362171900039,381.0,253.0,148.0,-4.0,152.5,-1.0,226.5,0.00014955473287612885,287.0,361.625,75.0
TF:das_cyclostationary_index,6,0.026102818548679352,465.0,0.16711198021286938,442.0,0.20251414445226468,582.0,0.10627679028388431,62.0,0.0,701.5,-6.0,352.5,-1.0,226.5,0.0007534433148810475,64.0,361.9375,75.0
TIME:autocorr_peak,6,0.0003753119381144643,697.5,0.21835755644488597,64.5,0.3575118255788272,142.0,0.06626757533476496,266.5,325.0,76.0,-12.0,952.5,-1.0,226.5,9.719028287849203e-05,490.0,364.4375,75.0
TF:WPT_aada_rel_energy,6,0.000245718692895025,720.0,0.21735345523074473,122.0,0.3545859533934417,167.0,0.06021509754394115,412.0,297.0,104.0,-8.0,552.5,-2.0,488.0,0.00011421410622649803,374.0,367.4375,75.0
TF:Et_mean,6,0.009978048503398895,504.0,0.1673319974324901,439.0,0.2654098602446129,459.0,0.14197213038535111,20.0,0.0,701.5,-7.0,452.5,-1.0,226.5,0.0003684103115604405,145.0,368.4375,75.0
FREQ:spec_rolloff85,6,37849.7578125,39.0,0.1720811767279246,423.0,0.2983555275947496,382.0,0.04679732653791124,661.0,0.0,701.5,-4.0,152.5,-1.0,226.5,0.00011582741307765716,365.0,368.8125,75.0
FREQ:hist_b31,6,0.0005543586448766291,672.0,0.17694451620430668,399.0,0.3022612396268354,370.0,0.054512113914738085,565.0,152.0,249.0,-6.0,352.5,-1.0,226.5,0.0004377329239214268,121.0,369.375,75.0
TF:WPT_ddaa_iqr,6,2.7973621286037087e-07,888.0,0.21726960974175433,123.0,0.35345870322361206,178.0,0.057264982673713605,515.0,261.0,140.0,-7.0,452.5,-1.0,226.5,0.00010091401628048377,440.0,370.375,75.0
TF:WPT_ddda_rms,6,8.329871343448758e-05,750.0,0.21562658985652353,156.0,0.3541481111871656,173.0,0.06033741902605995,410.0,190.0,211.0,-9.0,652.5,-1.0,226.5,0.00011043709394292867,391.0,371.25,75.0
TF:DWT_L0_max,6,57.87214279174805,93.0,0.14009974104484055,534.0,0.17832809683950224,611.0,0.08829906854615749,107.0,0.0,701.5,-6.0,352.5,-1.0,226.5,0.0001220157167655358,347.0,371.5625,75.0
TF:DWT_L4_rms,6,0.1955372840166092,324.0,0.21717276309706152,125.0,0.3494553118328958,200.0,0.05899388165272879,459.0,163.0,238.0,-9.0,652.5,-86.0,607.5,0.00011548372348194593,367.0,371.625,75.0
TF:DWT_L0_kurt,6,11.774751663208008,141.0,0.11442377658557852,607.0,0.16892403960865776,626.0,0.11056766512933358,54.0,0.0,701.5,-7.0,452.5,-1.0,226.5,0.0003221133624617299,175.0,372.9375,75.0
TF:DWT_L1_max,6,6.284212589263916,157.0,0.11159655008863961,617.0,0.19854943660348834,585.0,0.06941113791903336,230.0,0.0,701.5,-5.0,252.5,-1.0,226.5,0.00022764153618739193,218.0,373.4375,75.0
TF:WPT_aaaa_var,6,11.641681671142578,142.0,0.21169481553765157,184.0,0.31253346525505776,346.0,0.05986706995190308,433.0,140.0,261.0,-11.0,852.5,-1.0,226.5,8.683728779041264e-05,578.0,377.875,75.0
TIME:p99,6,0.1610802263021469,343.0,0.14188152946771806,520.0,0.16514306011739688,631.0,0.06422293578943446,317.0,43.0,358.0,-4.0,152.5,-1.0,226.5,9.743460982221734e-05,487.0,379.375,75.0
TF:DWT_L4_tk_std,6,1.1259480714797974,228.0,0.211949395100309,182.0,0.33976045359662654,257.0,0.05300675881338841,593.0,176.0,225.0,-5.0,252.5,-2.0,488.0,6.56334217923808e-05,818.0,380.4375,75.0
TF:WPT_aadd_min,6,3.3400001525878906,186.0,0.19476163924706874,325.0,0.2804929645156409,424.0,0.051781405863330215,612.0,0.0,701.5,-5.0,252.5,-1.0,226.5,0.00012938599760297414,324.0,381.4375,75.0
TF:DWT_L0_range,6,135.75450134277344,80.5,0.157670194188516,472.5,0.17525922485040457,615.0,0.11910475819830309,38.5,0.0,701.5,-10.0,752.5,-1.0,226.5,0.0002737356895558507,200.0,385.875,75.0
TF:Et_iqr,6,0.08296990394592285,386.0,0.1821931328980787,378.0,0.29814985744180156,384.0,0.07173650994008357,208.0,0.0,701.5,-8.0,552.5,-1.0,226.5,0.0001684048868923297,262.0,387.3125,75.0
TF:Ef_mean,6,0.000562128028832376,671.0,0.16733299247736502,438.0,0.26537214695306455,461.0,0.14197213023373698,21.0,0.0,701.5,-7.0,452.5,-1.0,226.5,0.0003817911226080638,137.0,388.5625,75.0
TF:DWT_L1_min,6,5.9146647453308105,162.0,0.11258544440502351,613.0,0.1914561115437885,593.0,0.06896746831183782,238.0,0.0,701.5,-6.0,352.5,-1.0,226.5,0.00021715941356392632,223.0,388.6875,75.0
TF:WPT_aaad_energy,6,864575.0625,19.5,0.2150917717248019,159.5,0.3368761690150457,268.0,0.06441049502221007,311.5,222.0,179.0,-11.0,852.5,-2.0,488.0,6.39332609547617e-05,832.0,388.75,75.0
TF:DWT_L2_tk_std,6,12.587506294250488,138.0,0.16566239246691924,447.0,0.30867942271014615,356.0,0.05424118948403034,576.0,0.0,701.5,-5.0,252.5,-1.0,226.5,0.00010547227785607865,416.0,389.1875,75.0
TF:DWT_L0_p2p,6,135.75450134277344,80.5,0.157670194188516,472.5,0.17525243575408433,616.0,0.11910475819830309,38.5,0.0,701.5,-10.0,752.5,-1.0,226.5,0.00020813131734248873,229.0,389.625,75.0
TF:glcm_24_entropy_d2_a0,6,0.0637148916721344,410.0,0.1955009926642918,302.0,0.316553738299691,329.0,0.057058263272417184,522.0,40.0,361.0,-3.0,52.5,-189.0,710.0,0.00010113119543715988,439.0,390.6875,75.0
TF:tf_fill_ratio,6,0.038482144474983215,446.0,0.07038598718276141,748.0,0.26798570817815737,454.0,0.10800129725229328,58.0,0.0,701.5,-5.0,252.5,-1.0,226.5,0.00018034547610149907,250.0,392.0625,75.0
TF:WPT_aadd_max,6,3.3318538665771484,188.0,0.19364376653435364,330.0,0.2801965713266128,426.0,0.04972995078728058,644.0,0.0,701.5,-6.0,352.5,-1.0,226.5,0.00014895526975138506,290.0,394.8125,75.0
TF:glcm_20_contrast_d2_a0,6,0.06599939614534378,400.0,0.17225762985902046,422.0,0.25952822928005714,471.0,0.06741000127838284,249.0,0.0,701.5,-3.0,52.5,-32.0,553.0,0.00013513792360912193,311.0,395.0,75.0
TF:WPT_daaa_mad,6,4.0294526115758345e-07,881.0,0.21689581889663448,133.0,0.35111230349548617,191.0,0.05871211707721479,465.0,239.0,162.0,-7.0,452.5,-84.0,605.5,0.00015197550114051574,283.0,396.625,75.0
TF:WPT_aadd_tk_max,6,289.6435241699219,77.0,0.1735943888510501,418.0,0.28540583717988355,414.0,0.04710928158599144,657.0,0.0,701.5,-5.0,252.5,-1.0,226.5,0.00010161874704767711,438.0,398.0625,75.0
TF:glcm_27_homogeneity_d2_a1,6,0.0003162729262840003,709.5,0.19869822314124197,280.5,0.3311820423640821,293.0,0.06016516431910966,413.5,120.0,281.0,-4.0,152.5,-42.0,563.0,9.621013283902219e-05,498.0,398.875,75.0
TF:glcm_45_contrast_d3_a1,6,0.047832366079092026,430.0,0.14920608518637649,501.0,0.22371228471002036,546.0,0.0863177948446318,116.0,0.0,701.5,-6.0,352.5,-1.0,226.5,0.00012754938760750037,331.0,400.5625,75.0
TF:WPT_aada_abs_mean,6,0.04041018337011337,444.0,0.21869304449146856,47.0,0.35906488871295084,120.0,0.05815728064312715,486.0,256.0,145.0,-11.0,852.5,-1.0,226.5,5.801283610662454e-05,888.0,401.125,75.0
TF:DWT_L0_min,6,45.42384338378906,100.0,0.11443852662746863,606.0,0.14202654283192473,660.0,0.09624150624295232,88.0,0.0,701.5,-5.0,252.5,-2.0,488.0,0.00013062558882517662,322.0,402.25,75.0
TF:DWT_L2_mad,6,0.19858406484127045,322.0,0.20839247974001218,203.0,0.31444062813637075,335.0,0.05723199300676854,518.0,80.0,321.0,-7.0,452.5,-145.0,666.0,0.00010750644139969611,411.0,403.5625,75.0
TF:glcm_43_correlation_d3_a0,6,2.0790400867554126e-06,840.0,0.15227445684867835,491.0,0.24963691949290912,490.0,0.03837820762912699,703.0,347.0,54.0,-4.0,152.5,-1.0,226.5,0.00016173118228028098,272.0,403.625,75.0
TF:WPT_aaaa_rel_energy,6,0.04688908904790878,433.0,0.21595843919773,153.0,0.3364295668000281,275.0,0.06450568178978061,308.0,242.0,159.0,-12.0,952.5,-134.0,655.5,0.00014495738678506445,295.0,403.875,75.0
TF:WPT_ddad_rel_energy,6,1.0376330464344566e-13,948.0,0.2065294344756538,209.0,0.33618140462954704,277.0,0.06638425922458366,265.0,106.0,295.0,-5.0,252.5,-197.0,718.5,0.00016559220643706863,266.0,403.875,75.0
TF:WPT_band_entropy,6,0.3942752778530121,277.0,0.21480825633799772,167.0,0.347936509547107,209.0,0.05894617095789609,462.0,104.0,297.0,-5.0,252.5,-114.0,635.5,4.001106938181617e-05,943.0,405.375,75.0
FREQ:bandP_rel_3,6,0.0017670405795797706,605.0,0.16118193103442166,459.0,0.32181160103027295,314.0,0.06009033852697102,420.0,0.0,701.5,-5.0,252.5,-1.0,226.5,0.00015833415091473133,275.0,406.6875,75.0
TF:glcm_17_homogeneity_d1_a3,6,0.0003178235492669046,707.5,0.1990768336319253,271.5,0.3297876925682135,304.0,0.06094114351004191,392.5,126.0,275.0,-7.0,452.5,-6.0,527.0,0.00011771975080491168,360.0,411.25,75.0
TF:divergence_std,6,0.08366312831640244,384.0,0.16616273763934272,445.0,0.29121729943050356,400.0,0.0586126274824036,474.0,0.0,701.5,-8.0,552.5,-1.0,226.5,0.0004647362974192994,114.0,412.1875,75.0
TF:WPT_adda_rms,6,0.017103075981140137,476.0,0.21850787915302813,59.0,0.3707550588358135,59.0,0.059468092254544885,444.0,248.0,153.0,-12.0,952.5,-1.0,226.5,4.922437376894903e-05,932.0,412.75,75.0
TF:WPT_aada_tk_std,6,0.14360837638378143,351.0,0.19974645108145392,244.0,0.336401944179578,276.0,0.05699755705710793,523.0,57.0,344.0,-6.0,352.5,-2.0,488.0,7.257220331989919e-05,745.0,415.4375,75.0
TF:stft_mean,6,1.5107049478046974e-07,896.0,0.16733194106153493,440.0,0.26538134307149663,460.0,0.14197212978466914,22.0,0.0,701.5,-7.0,452.5,-1.0,226.5,0.00041236983857529665,130.0,416.0625,75.0
TF:DWT_L1_tk_std,6,43.88770294189453,102.0,0.09966535985863667,653.0,0.26130830639662994,468.0,0.048148629155823366,651.0,0.0,701.5,-5.0,252.5,-1.0,226.5,0.00015812093972953148,276.0,416.3125,75.0
TF:WPT_ddda_tk_mean,6,1.3129728415606223e-07,900.0,0.20910109958652184,200.0,0.350776114927176,192.0,0.06804808540967959,244.0,130.0,271.0,-5.0,252.5,-2.0,488.0,6.845776452946883e-05,789.0,417.0625,75.0
TF:WPT_aaad_tk_max,6,567.4693603515625,71.5,0.15915977060209385,468.5,0.271059108691889,450.0,0.0502028054349528,639.5,0.0,701.5,-7.0,452.5,-1.0,226.5,0.00012305937122980364,339.0,418.625,75.0
TIME:rms_to_mad,6,0.3302125632762909,292.0,0.10534018035870121,638.0,0.24983596046143042,488.0,0.0314340366390578,736.0,0.0,701.5,-4.0,152.5,-1.0,226.5,0.0004109509886014019,131.0,420.6875,75.0
TIME:p2p,6,2.105179786682129,211.5,0.0961117714908612,666.0,0.10983254049425062,708.0,0.11827752699366628,41.5,0.0,701.5,-7.0,452.5,-1.0,226.5,0.00011505910618953916,369.0,422.0625,75.0
TF:glcm_39_entropy_d2_a3,6,0.06430819630622864,404.5,0.1953637730876181,310.5,0.3322350842411739,286.0,0.05983886792091995,434.5,67.0,334.0,-9.0,652.5,-56.0,577.5,0.00010461724155799976,421.0,427.5625,75.0
TF:DWT_L3_tk_max,6,567.4693603515625,71.5,0.15915977060209385,468.5,0.271052774516805,451.0,0.0502028054349528,639.5,0.0,701.5,-7.0,452.5,-1.0,226.5,0.00010469811433215203,419.0,428.75,75.0
TF:DWT_L2_rms,6,0.41259294748306274,274.0,0.19910879036487977,270.0,0.30083061975991665,374.0,0.06266616104811558,349.0,0.0,701.5,-9.0,652.5,-2.0,488.0,0.00013041596504124393,323.0,429.0,75.0
TF:WPT_aaad_std,6,0.4267647862434387,272.5,0.21347144524746664,173.5,0.33730409625088376,266.0,0.05947690260484708,442.5,101.0,300.0,-12.0,952.5,-73.0,594.5,0.00010263142026560694,431.0,429.0625,75.0
TF:mod11_centroid,6,4.373305320739746,174.0,0.1903642671376705,346.0,0.2628806614732211,466.0,0.05375479369574647,583.0,0.0,701.5,-8.0,552.5,-1.0,226.5,0.00011001537212475792,395.0,430.5625,75.0
TF:glcm_9_entropy_d1_a1,6,0.06422583758831024,406.5,0.19526905816018372,313.5,0.3149264043283191,333.0,0.05990114210156673,428.5,66.0,335.0,-7.0,452.5,-63.0,584.5,8.488818765477173e-05,598.0,431.4375,75.0
TIME:range_over_std,6,2.105179786682129,211.5,0.09611177149209223,665.0,0.10983729382268592,707.0,0.11827752699366628,41.5,0.0,701.5,-7.0,452.5,-1.0,226.5,9.654443003971014e-05,496.0,437.6875,75.0
TF:mod11_spread,6,1.6009459495544434,217.0,0.1873690891940044,364.0,0.2384823390097881,516.0,0.04565645680278645,671.0,0.0,701.5,-6.0,352.5,-1.0,226.5,9.903606893821987e-05,455.0,437.9375,75.0
TF:glcm_49_entropy_d3_a1,6,0.06340757012367249,412.0,0.19478082958525456,324.0,0.322633395539647,312.0,0.057873179570902517,494.0,46.0,355.0,-7.0,452.5,-128.0,649.5,9.12834048045784e-05,533.0,441.5,75.0
TF:DWT_L3_std,6,0.4267647862434387,272.5,0.21347144524746664,173.5,0.3373593611417629,265.0,0.05947690260484708,442.5,102.0,299.0,-12.0,952.5,-2.0,488.0,8.036322133058318e-05,649.0,442.75,75.0
TF:glcm_64_entropy_d4_a0,6,0.061855800449848175,417.0,0.19484627238206553,322.0,0.3062830200267843,358.0,0.054272951640887405,574.0,10.0,391.0,-7.0,452.5,-181.0,702.0,0.0001196069235625005,356.0,446.5625,75.0
TF:DWT_L2_std,6,0.4110240638256073,275.0,0.19907091473690264,274.0,0.3096821941801826,351.0,0.06248394436048551,352.0,0.0,701.5,-9.0,652.5,-12.0,533.0,0.00010242563316112745,434.0,446.625,75.0
TF:DWT_L5_tk_std,6,0.0030693039298057556,577.0,0.1927252075810458,334.0,0.3241002085294835,310.0,0.06323617789469055,338.0,6.0,395.0,-9.0,652.5,-2.0,488.0,9.766768114386539e-05,481.0,446.9375,75.0
TF:glcm_40_contrast_d3_a0,6,0.07684888690710068,394.0,0.1505413538412763,497.0,0.25732648428793725,475.0,0.06156104927464152,371.0,0.0,701.5,-4.0,152.5,-1.0,226.5,6.79785150530268e-05,793.0,451.3125,75.0
TF:DWT_L2_max,6,4.391317844390869,172.0,0.14723137610359613,509.0,0.25102298295619496,486.0,0.05558080611598511,551.0,0.0,701.5,-6.0,352.5,-2.0,488.0,0.00011252675102421817,379.0,454.875,75.0
TF:WPT_addd_min,6,0.16876207292079926,339.0,0.1953643709722242,309.0,0.27647489911996104,437.0,0.050855814615567235,630.0,0.0,701.5,-6.0,352.5,-2.0,488.0,0.00011130142147491519,390.0,455.875,75.0
TF:DWT_L2_range,6,15.765226364135742,129.5,0.15605607723322043,480.5,0.2860719718684841,413.0,0.057423177233462144,506.5,0.0,701.5,-11.0,852.5,-1.0,226.5,0.00011157601224811108,388.0,462.25,75.0
TF:glcm_0_contrast_d1_a0,6,0.03256060928106308,451.0,0.18618042246080216,369.0,0.2562214482655345,478.0,0.06849389238284416,242.0,0.0,701.5,-7.0,452.5,-230.0,751.5,0.00012258260267342992,343.0,473.5625,75.0
TF:flux_mean,5,0.0018225194653496146,603.0,0.11876020586181668,591.0,0.21205977036423418,574.0,0.10791124562192338,59.0,370.0,31.0,-4.0,152.5,-1.0,226.5,0.0004362297937173592,124.0,295.125,62.5
SPAT:st_hist_uniformity,5,0.0013872678391635418,620.5,0.1301824429289441,557.0,0.19491200741441617,589.0,0.07810426120717984,167.0,335.0,66.0,-4.0,152.5,-1.0,226.5,0.00040930852415036134,133.0,313.9375,62.5
FREQ:bandP_0,5,86745966182400.0,1.0,0.17972825761168823,386.0,0.23704986266730943,519.0,0.10531537193539502,67.0,0.0,701.5,-8.0,552.5,-1.0,226.5,0.0008298588425416231,61.0,314.3125,62.5
TF:tf_elongation,5,48.184974670410156,98.0,0.14459319583229802,514.0,0.39590131978521725,25.0,0.08553203425111455,119.0,0.0,701.5,-8.0,552.5,-1.0,226.5,0.00015066069387311635,284.0,315.0625,62.5
TIME:p25,5,0.008427835069596767,511.0,0.1485172274515928,502.0,0.21340252008039506,573.0,0.08005106453878144,145.0,284.0,117.0,-5.0,252.5,-1.0,226.5,0.0002482666034160053,208.0,316.875,62.5
TF:tf_aspect_ratio,5,48.193023681640625,97.0,0.14452847500315436,515.0,0.40701008941017935,19.0,0.08556348052004345,118.0,0.0,701.5,-8.0,552.5,-1.0,226.5,0.00013391435483076355,312.0,317.6875,62.5
SPAT:st_hist_energy,5,0.0013872678391635418,620.5,0.13018244290736114,558.0,0.1949254432948364,588.0,0.0781042612085472,166.0,298.0,103.0,-4.0,152.5,-1.0,226.5,0.00041678877952476366,129.0,317.9375,62.5
TF:stft_skew,5,163.74420166015625,79.0,0.10078688689381457,651.0,0.2276984667595623,534.0,0.12416258749403622,30.0,0.0,701.5,-5.0,252.5,-1.0,226.5,0.0005014300678418587,99.0,321.6875,62.5
TF:DWT_L6_iqr,5,8.910359611036256e-05,749.0,0.21987083381736264,19.0,0.37900807950010273,35.0,0.06311470277073496,341.0,336.0,65.0,-9.0,652.5,-1.0,226.5,9.566910623390948e-05,503.0,323.875,62.5
FREQ:pow_max,5,28346429734912.0,2.0,0.14844257141802844,505.0,0.3300582197777495,299.0,0.08542898146843962,120.0,0.0,701.5,-10.0,752.5,-1.0,226.5,0.0010645176045503322,43.0,331.1875,62.5
TF:stft_kurt,5,956722.875,18.0,0.054144093122198506,790.0,0.20366590127238338,579.0,0.09108033173073,100.0,0.0,701.5,-4.0,152.5,-1.0,226.5,0.0004929565091272126,102.0,333.6875,62.5
TF:WPT_dddd_energy,5,0.001116451807320118,629.0,0.21884251355033454,35.0,0.36388972683311804,91.0,0.06550618610433387,278.0,352.0,49.0,-10.0,752.5,-1.0,226.5,7.991601589586775e-05,652.0,339.125,62.5
SPAT:st_skew,5,0.032622504979372025,449.0,0.13995820390073707,536.0,0.2185468561466406,563.0,0.05565150279594405,550.0,155.0,246.0,-3.0,52.5,-1.0,226.5,0.0005648309643918815,92.0,339.375,62.5
FREQ:bandP_rel_2,5,0.0039335270412266254,561.0,0.12477459653413178,578.0,0.28963289653366875,402.0,0.05078140701680574,632.0,395.0,6.0,-5.0,252.5,-1.0,226.5,0.0008514614601674796,59.0,339.625,62.5
FREQ:frac_mid,5,0.0073332032188773155,517.0,0.13995845162222725,535.0,0.3466457530436746,218.0,0.07004822566314817,222.0,35.0,366.0,-8.0,552.5,-1.0,226.5,0.0006387057588082136,80.0,339.625,62.5
SPAT:sp_skew,5,0.40952813625335693,276.0,0.10492047609656831,639.0,0.2016897637972197,583.0,0.06873219209900275,240.0,0.0,701.5,-3.0,52.5,-1.0,226.5,0.0011831748913893134,39.0,344.6875,62.5
TF:DWT_L5_log_energy,5,0.34172335267066956,289.0,0.19985746296795964,242.0,0.3591449070225172,116.0,0.05534006471657391,554.0,0.0,701.5,-8.0,552.5,-1.0,226.5,0.0006087676001176081,83.0,345.5625,62.5
TIME:env_mean,5,0.005672155879437923,543.0,0.15480574695708849,484.0,0.24077579440771224,513.0,0.08492314061185695,124.0,177.0,224.0,-8.0,552.5,-1.0,226.5,0.00045757935854441546,115.0,347.75,62.5
TF:WPT_addd_tk_mean,5,0.003981300629675388,558.0,0.2180061787441264,99.0,0.35599004205184137,153.0,0.06128988580534274,384.0,314.0,87.0,-4.0,152.5,-76.0,597.5,7.180752091974823e-05,751.0,347.75,62.5
TIME:tkeo_std,5,0.0058305952697992325,541.0,0.20617801525161442,210.0,0.34109401660192384,252.0,0.0516798842895557,616.0,68.0,333.0,-3.0,52.5,-1.0,226.5,8.758363139911484e-05,573.0,350.5,62.5
TF:WPT_adad_std,5,0.0028003512416034937,586.0,0.21694758700578584,129.0,0.3569296028527842,147.0,0.05785392398893711,495.0,144.0,257.0,-8.0,552.5,-2.0,488.0,0.0003262724960282541,172.0,353.3125,62.5
TF:stft_crest,5,304.5440368652344,76.0,0.06475886157144523,764.0,0.14573213955327313,651.0,0.12980065361469625,27.0,0.0,701.5,-4.0,152.5,-1.0,226.5,0.00019896950859124628,234.0,354.0625,62.5
TF:WPT_adad_tk_mean,5,0.00014159207057673484,737.0,0.21785232131067758,109.0,0.3464345538670859,221.0,0.06279472299106235,348.0,303.0,98.0,-3.0,52.5,-71.0,592.0,7.766686258605881e-05,681.0,354.8125,62.5
TF:DWT_L3_energy,5,864575.0625,19.5,0.2150917717248019,159.5,0.3368515749032661,269.0,0.06441049502221007,311.5,223.0,178.0,-11.0,852.5,-32.0,553.0,9.436158215141906e-05,512.0,356.875,62.5
TF:WPT_aadd_tk_mean,5,2.024238348007202,213.0,0.2171412109329012,127.0,0.3578112716655304,136.0,0.06149496952861446,374.0,291.0,110.0,-9.0,652.5,-152.0,673.5,8.604633900940793e-05,585.0,358.875,62.5
TIME:autocorr_lag1,5,0.0003753119381144643,697.5,0.21835755644488597,64.5,0.35787160158418496,135.0,0.06626757533476496,266.5,327.0,74.0,-12.0,952.5,-18.0,539.0,0.00034694557641174324,159.0,361.0,62.5
TF:das_low_high_ratio,5,2553.013916015625,60.0,0.0795846968520419,720.0,0.37239568332782946,52.0,0.0181728096674497,820.0,0.0,701.5,-5.0,252.5,-1.0,226.5,0.0008235174296727715,62.0,361.8125,62.5
TF:glcm_71_energy_d4_a2,5,0.000900020997505635,641.0,0.1991729503879121,266.0,0.37597581092055776,40.0,0.06545497767142316,280.0,168.0,233.0,-8.0,552.5,-1.0,226.5,7.939344990727247e-05,658.0,362.125,62.5
TF:DWT_L3_iqr,5,0.8148309588432312,237.5,0.21684562890029443,137.5,0.3494896420794533,198.0,0.056505636065168424,536.5,197.0,204.0,-7.0,452.5,-67.0,588.0,9.006371302451098e-05,544.0,362.25,62.5
TIME:above_1std_frac,5,0.0018594572320580482,601.0,0.15303214304373927,489.0,0.22864934747237564,532.0,0.09300439298030662,96.0,319.0,82.0,-9.0,652.5,-1.0,226.5,0.00022477240578011853,220.0,362.375,62.5
TF:WPT_adad_var,5,0.00013268730253912508,738.0,0.21827998837967175,79.0,0.35684368358249463,148.0,0.06285446798352487,347.0,312.0,89.0,-8.0,552.5,-2.0,488.0,9.869721454159107e-05,462.0,362.9375,62.5
TF:glcm_46_energy_d3_a1,5,0.0008731746929697692,648.0,0.19939664943574348,255.0,0.36287913927947946,94.0,0.06524812606606352,292.0,146.0,255.0,-8.0,552.5,-1.0,226.5,8.606864791937638e-05,584.0,363.375,62.5
TIME:energy_spread,5,0.168331578373909,340.0,0.1322647648987649,547.0,0.19598355014558422,587.0,0.06947513351989125,229.0,0.0,701.5,-3.0,52.5,-1.0,226.5,0.00018431314029955268,245.0,366.0625,62.5
TF:WPT_addd_tk_std,5,0.01021096482872963,500.0,0.21175340081397345,183.0,0.3422987587282078,242.0,0.05191290433982069,610.0,171.0,230.0,-3.0,52.5,-2.0,488.0,8.077121029524732e-05,638.0,367.9375,62.5
TIME:mean_abs,5,0.002302327658981085,588.0,0.15195022699115898,492.0,0.23219790149451214,528.0,0.08628966470882189,117.0,165.0,236.0,-9.0,652.5,-1.0,226.5,0.0004788602627173902,107.0,368.375,62.5
FREQ:bandP_rel_0,5,0.07704589515924454,393.0,0.17972825712325047,387.0,0.23703515555801324,520.0,0.10531537189572365,68.0,0.0,701.5,-8.0,552.5,-1.0,226.5,0.0004763232851604613,108.0,369.5625,62.5
TIME:above_2std_frac,5,0.00011330108100082725,743.0,0.1417522324633877,525.0,0.21355007149930572,572.0,0.06054921619689531,402.0,366.0,35.0,-5.0,252.5,-1.0,226.5,0.00026648959309316975,202.0,369.75,62.5
SPAT:sp_edge_density,5,0.027135241776704788,462.0,0.09551233891116623,668.0,0.22116531208587764,551.0,0.08812708311436243,110.0,0.0,701.5,-4.0,152.5,-1.0,226.5,0.0005710908740860664,90.0,370.1875,62.5
TF:WPT_adad_abs_mean,5,0.0018033476080745459,604.0,0.2181782743727515,87.0,0.3649869321668251,81.0,0.05821635514616581,485.0,201.0,200.0,-10.0,752.5,-81.0,602.5,0.0003518345024612028,154.0,370.75,62.5
TF:WPT_daad_tk_mean,5,6.714051536960142e-09,921.0,0.2179088757178018,107.0,0.34078244591084683,253.0,0.06257048006900442,350.0,313.0,88.0,-8.0,552.5,-6.0,527.0,0.0003080480465525619,185.0,372.9375,62.5
TF:Et_spread,5,5.962085247039795,160.0,0.1276475010803425,565.0,0.2215574692531006,548.0,0.06073143332606912,398.0,0.0,701.5,-3.0,52.5,-1.0,226.5,0.0001259857384103405,334.0,373.1875,62.5
TF:WPT_adad_log_energy,5,0.3283537030220032,297.0,0.19859213772072018,282.0,0.3574617300393266,144.0,0.05460416656128144,564.0,0.0,701.5,-4.0,152.5,-2.0,488.0,0.00011194146885982909,384.0,376.625,62.5
FREQ:bandP_6,5,2554751614976.0,7.0,0.21835531392177432,66.0,0.35976107893577725,112.0,0.06194142298606296,360.0,337.0,64.0,-11.0,852.5,-89.0,610.0,3.643983960871138e-05,950.0,377.6875,62.5
TF:WPT_aaad_iqr,5,0.8148309588432312,237.5,0.21684562890029443,137.5,0.3494304393952756,201.0,0.056505636065168424,536.5,196.0,205.0,-7.0,452.5,-97.0,618.5,8.127859939711285e-05,634.0,377.8125,62.5
TF:WPT_daad_log_energy,5,0.32945144176483154,294.0,0.1984756520578096,285.0,0.34583243189885327,224.0,0.05475285684038544,560.0,0.0,701.5,-9.0,652.5,-1.0,226.5,0.0006390617911006428,79.0,377.8125,62.5
TF:WPT_dddd_iqr,5,2.8396196285029873e-05,776.0,0.21782838446143732,113.0,0.3586160922624586,127.0,0.059888520722611256,430.0,285.0,116.0,-9.0,652.5,-1.0,226.5,8.541014520711379e-05,590.0,378.875,62.5
TF:Et_skew,5,1.5468297004699707,218.0,0.07830822398265674,723.0,0.1307372228767183,673.0,0.11685521371232367,45.0,0.0,701.5,-5.0,252.5,-1.0,226.5,0.00027809418832594663,197.0,379.5625,62.5
TF:Et_p75,5,0.04736727103590965,431.0,0.13118239663206868,550.0,0.2275269508784521,535.0,0.09323427588709159,95.0,0.0,701.5,-5.0,252.5,-1.0,226.5,0.00017533273695913504,255.0,380.8125,62.5
TF:glcm_26_energy_d2_a1,5,0.0008721479680389166,649.5,0.1992716202662767,258.5,0.3758616987220993,41.0,0.06522057575454723,296.5,160.0,241.0,-10.0,752.5,-1.0,226.5,8.631602477926751e-05,582.0,380.9375,62.5
TF:WPT_daad_mad,5,8.677052392158657e-06,809.0,0.21792203431029636,104.0,0.360445299561174,104.0,0.05757595911751582,503.0,250.0,151.0,-6.0,352.5,-109.0,630.0,0.00010396143404815167,426.0,384.9375,62.5
SPAT:st_hist_contrast,5,0.2340313345193863,312.0,0.12063790596325677,588.0,0.2719176950282356,447.0,0.05725762491076136,516.0,0.0,701.5,-3.0,52.5,-1.0,226.5,0.0001785747328905428,251.0,386.8125,62.5
TF:DWT_L6_var,5,3.709435603127531e-08,908.0,0.21995481324346736,17.0,0.35991138738625894,110.0,0.0648102482906638,304.0,371.0,30.0,-11.0,852.5,-1.0,226.5,8.044419235726991e-05,647.0,386.875,62.5
TF:WPT_aaaa_kurt,5,10.6508207321167,144.0,0.08085781896828291,717.0,0.12668577208343335,674.0,0.09628922462070377,87.0,0.0,701.5,-6.0,352.5,-1.0,226.5,0.0002982402112070956,193.0,386.9375,62.5
TIME:std_peak_interval,5,6803.93603515625,49.0,0.1553589508775783,483.0,0.3709832421137689,57.0,0.034502128433246154,723.0,0.0,701.5,-6.0,352.5,-1.0,226.5,9.50938922148968e-05,506.0,387.3125,62.5
TF:WPT_adad_mad,5,0.0013156300410628319,625.0,0.21811952198120457,94.0,0.3617057780546227,100.0,0.058017142824886035,490.0,245.0,156.0,-4.0,152.5,-79.0,600.0,5.815170596428418e-05,887.0,388.0625,62.5
TF:glcm_6_energy_d1_a1,5,0.0008721479680389166,649.5,0.1992716202662767,258.5,0.375817233206035,42.0,0.06522057575454723,296.5,161.0,240.0,-10.0,752.5,-1.0,226.5,8.058331640939865e-05,644.0,388.6875,62.5
SPAT:sp_gini,5,1.7916336456588987e-29,957.0,0.00032500333313073093,955.0,0.40600337064852354,20.0,0.026570279902330473,758.0,212.0,189.0,-2.0,2.0,-1.0,226.5,0.0070385919975296096,3.0,388.8125,62.5
TF:DWT_L3_mad,5,0.20421059429645538,318.5,0.21679358325734036,142.5,0.343975764532678,235.0,0.05651087040945841,534.5,200.0,201.0,-7.0,452.5,-50.0,571.5,7.938373010959366e-05,659.0,389.3125,62.5
TF:DWT_L4_energy,5,683156.4375,21.0,0.2184463548165911,62.0,0.3493973244185806,202.0,0.06364216615042818,329.0,333.0,68.0,-12.0,952.5,-97.0,618.5,6.094358754384202e-05,865.0,389.75,62.5
TF:WPT_dada_tk_std,5,1.0378789738751948e-06,855.0,0.21488299113065137,164.0,0.3465623182605655,220.0,0.0589843669218137,460.0,236.0,165.0,-4.0,152.5,-37.0,558.5,9.008506951916091e-05,543.0,389.75,62.5
TF:WPT_aadd_energy,5,491405.9375,22.0,0.2178413252156937,111.0,0.3474513891643203,214.0,0.06300283376108676,343.0,302.0,99.0,-12.0,952.5,-92.0,613.0,7.07022805103851e-05,765.0,389.9375,62.5
TF:DWT_L4_tk_mean,5,0.5555360913276672,259.0,0.21865624677431753,49.0,0.35877000950461513,125.0,0.06224247981475465,356.0,339.0,62.0,-10.0,752.5,-61.0,582.0,4.372107196367988e-05,939.0,390.5625,62.5
TF:DWT_L5_tk_mean,5,0.0013567078858613968,622.0,0.21970900930312415,22.0,0.3612068793241239,102.0,0.06411313614241348,320.0,365.0,36.0,-11.0,852.5,-1.0,226.5,3.7653242339489866e-05,947.0,391.0,62.5
TF:WPT_adad_iqr,5,0.005249809008091688,550.0,0.21814459612313705,89.0,0.35872276284744187,126.0,0.05849636335146022,478.0,251.0,150.0,-6.0,352.5,-67.0,588.0,6.72979200781565e-05,801.0,391.8125,62.5
TF:glcm_55_contrast_d3_a3,5,0.04806050285696983,428.0,0.151810498566872,494.0,0.2279743777763068,533.0,0.08308394112038245,132.0,0.0,701.5,-3.0,52.5,-1.0,226.5,8.775339094913914e-05,571.0,392.3125,62.5
TF:DWT_L6_tk_mean,5,1.073861568556822e-07,903.0,0.21975869255564076,20.0,0.3555556532490809,156.0,0.06441996045492629,310.0,368.0,33.0,-11.0,852.5,-1.0,226.5,8.055708672128304e-05,645.0,393.25,62.5
TF:WPT_addd_log_energy,5,0.33859241008758545,291.0,0.19918649350464443,265.0,0.3580880230090049,132.0,0.0542307386014288,577.0,0.0,701.5,-9.0,652.5,-1.0,226.5,0.00013927446360270855,302.0,393.4375,62.5
TF:WPT_adaa_mad,5,5.032595800003037e-05,762.0,0.21685774842258682,136.0,0.34746986409977554,213.0,0.05584432398322185,544.0,226.0,175.0,-6.0,352.5,-15.0,536.5,0.00010321165819005466,429.0,393.5,62.5
TF:glcm_63_correlation_d4_a0,5,2.7751173092838144e-06,835.0,0.1453228703212821,513.0,0.25542501699117404,480.0,0.038523476892206004,701.0,300.0,101.0,-3.0,52.5,-1.0,226.5,0.0001933112004325968,239.0,393.5,62.5
TF:WPT_band_spread,5,0.15621794760227203,345.0,0.21013699955528364,195.0,0.35233520456334055,184.0,0.055826398807319925,545.0,52.0,349.0,-5.0,252.5,-168.0,689.5,8.554998723468246e-05,589.0,393.625,62.5
TF:WPT_aaaa_max,5,16.20262908935547,127.0,0.11603019362683382,600.0,0.12286411983792256,685.0,0.08082470792486797,142.0,0.0,701.5,-6.0,352.5,-1.0,226.5,0.00012851442258839105,326.0,395.0625,62.5
TF:WPT_ddda_var,5,1.1368315711024479e-07,902.0,0.21139295441814143,190.0,0.35208749071542966,188.0,0.06788519036784646,247.0,178.0,223.0,-8.0,552.5,-1.0,226.5,7.975888478462383e-05,654.0,397.875,62.5
TF:DWT_L4_entropy,5,0.08491697907447815,381.0,0.10465120229652268,640.0,0.13421668031295697,671.0,0.014368835864757783,860.0,209.0,192.0,-4.0,152.5,-1.0,226.5,0.0006790724349636574,72.0,399.375,62.5
TF:WPT_aadd_entropy,5,0.08578963577747345,379.0,0.10431310620121136,641.0,0.13900157944658664,665.0,0.01472087101467502,857.0,225.0,176.0,-4.0,152.5,-1.0,226.5,0.00048337344837746905,105.0,400.25,62.5
TF:WPT_addd_rms,5,0.015445858240127563,483.0,0.21767714206735644,117.0,0.35802983663290444,133.0,0.05735125721070589,510.0,179.0,222.0,-12.0,952.5,-1.0,226.5,8.845293171672097e-05,560.0,400.5,62.5
TF:glcm_75_contrast_d4_a3,5,0.05307900160551071,424.0,0.1102048554473799,623.0,0.18840128314009696,596.0,0.08931115559570088,106.0,0.0,701.5,-5.0,252.5,-1.0,226.5,0.00015535583113607734,278.0,400.9375,62.5
TF:WPT_daad_rms,5,1.8866163372877054e-05,785.0,0.21675986657946947,145.0,0.34576194495220003,225.0,0.057796794023852786,497.0,157.0,244.0,-9.0,652.5,-2.0,488.0,0.0003240349503404688,174.0,401.3125,62.5
TIME:hjorth_mobility,5,0.009160357527434826,506.5,0.21658646237686419,150.0,0.3413146988348954,251.0,0.060356794448334854,408.5,148.0,253.0,-11.0,852.5,-97.0,618.5,0.0003211454781264654,176.0,402.0,62.5
TIME:env_crest,5,2.6243364810943604,205.0,0.0749636240438541,737.0,0.09930748939297507,725.0,0.09738210651056556,85.0,0.0,701.5,-4.0,152.5,-1.0,226.5,0.00011019167861028525,393.0,403.1875,62.5
TIME:hist_entropy,5,0.08798481523990631,378.0,0.1063945835343236,635.0,0.11864059863755516,689.0,0.11870167878314963,40.0,0.0,701.5,-5.0,252.5,-1.0,226.5,0.00013830452611515959,306.0,403.5625,62.5
TF:WPT_aada_std,5,0.0631261095404625,414.0,0.2181217928326317,92.0,0.35755543064918394,139.0,0.05662897913175191,532.0,204.0,197.0,-11.0,852.5,-1.0,226.5,6.943236431728823e-05,781.0,404.25,62.5
SPAT:sp_grad_max,5,1.7465245257339773e-19,951.0,0.0817235673512368,713.0,0.36383236067526514,92.0,0.019329323993606987,811.0,32.0,369.0,-3.0,52.5,-1.0,226.5,0.003675529182205744,19.0,404.25,62.5
TF:WPT_aaaa_std,5,0.281635582447052,301.0,0.2116804674612186,185.0,0.31254220457500903,345.0,0.06434749281237111,315.0,159.0,242.0,-9.0,652.5,-67.0,588.0,8.338336144887e-05,615.0,405.4375,62.5
SPAT:st_hist_entropy,5,0.04056035727262497,443.0,0.12090026872590401,587.0,0.2095355045309666,576.0,0.058657952542958254,471.0,0.0,701.5,-3.0,52.5,-1.0,226.5,0.00027726206344886277,199.0,407.0625,62.5
TF:WPT_aaad_tk_std,5,9.92776107788086,146.5,0.20382070878425754,223.5,0.32102658199201306,317.0,0.05760986514438964,501.5,62.0,339.0,-10.0,752.5,-1.0,226.5,7.130284778692843e-05,757.0,407.9375,62.5
TF:WPT_ddda_std,5,8.314439764944836e-05,752.0,0.21561195264658636,157.0,0.3522062066145275,185.0,0.060400599877024674,406.0,189.0,212.0,-9.0,652.5,-1.0,226.5,7.803953215843264e-05,674.0,408.125,62.5
TF:DWT_L6_rms,5,4.75558772450313e-05,765.0,0.21876078795709736,42.0,0.35995787392715917,106.0,0.06016471129111064,416.0,230.0,171.0,-11.0,852.5,-1.0,226.5,7.726006842223599e-05,687.0,408.25,62.5
FREQ:hist_b29,5,0.0015262304805219173,613.0,0.09938073356018108,655.0,0.245706008207907,501.0,0.11766371120599257,44.0,0.0,701.5,-6.0,352.5,-1.0,226.5,0.0003247676458007102,173.0,408.3125,62.5
TF:glcm_65_contrast_d4_a1,5,0.05328642576932907,423.0,0.11067461684356533,620.0,0.18078466879873822,608.0,0.08947792091219145,105.0,0.0,701.5,-4.0,152.5,-1.0,226.5,0.00010086719829606957,442.0,409.8125,62.5
TF:WPT_dada_tk_mean,5,3.7281202480698994e-07,886.0,0.21806961410420092,97.0,0.36081941752671787,103.0,0.063552144175322,330.0,348.0,53.0,-7.0,452.5,-2.0,488.0,5.99213522584288e-05,874.0,410.4375,62.5
TF:WPT_aadd_var,5,1.8223085403442383,215.0,0.21784709529482377,110.0,0.3477102763804907,212.0,0.0628803604918787,345.0,301.0,100.0,-11.0,852.5,-89.0,610.0,6.261010644813222e-05,843.0,410.9375,62.5
TF:glcm_1_energy_d1_a0,5,0.0008628354989923537,653.0,0.1993551819078516,257.0,0.36877672115384996,65.0,0.06538863001721078,287.0,158.0,243.0,-9.0,652.5,-1.0,226.5,5.404005048771399e-05,905.0,411.125,62.5
TF:WPT_dadd_entropy,5,0.08136308938264847,388.0,0.10151680535912629,648.0,0.12314872134950194,681.0,0.011041162471041002,883.0,198.0,203.0,-3.0,52.5,-1.0,226.5,0.0002367124943499327,214.0,412.0,62.5
TF:WPT_band_flatness,5,7.198813818831695e-06,818.0,0.21495292360700347,163.0,0.33933796467118427,259.0,0.07173388302583898,209.0,221.0,180.0,-11.0,852.5,-172.0,693.0,0.00043212151295561043,126.0,412.5625,62.5
TF:WPT_dadd_log_energy,5,0.3400460481643677,290.0,0.19924976700675182,263.0,0.3542185803947304,170.0,0.05425108253770341,575.0,0.0,701.5,-9.0,652.5,-2.0,488.0,0.0003463983542087007,161.0,412.625,62.5
FREQ:psd_max,5,0.001055983011610806,631.5,0.14844283829051955,503.5,0.33004277058015585,300.0,0.08542898143764406,121.5,0.0,701.5,-10.0,752.5,-1.0,226.5,0.000737672418036879,66.0,412.875,62.5
TF:DWT_L2_iqr,5,0.7901729345321655,240.0,0.2084199982438232,202.0,0.31830178925838437,325.0,0.05665871182797238,530.0,81.0,320.0,-5.0,252.5,-218.0,739.0,7.630052961568271e-05,701.0,413.6875,62.5
TF:WPT_addd_rel_energy,5,1.492879800935043e-05,792.0,0.2169741672461331,128.0,0.3482543916835099,207.0,0.06049570250641962,403.0,275.0,126.0,-3.0,52.5,-140.0,661.5,3.9722044440096456e-05,944.0,414.25,62.5
TF:DWT_L4_var,5,0.6438925266265869,256.0,0.21844622179967288,63.0,0.3488643826572573,205.0,0.06364236356687782,328.0,332.0,69.0,-12.0,952.5,-114.0,635.5,6.564144978331891e-05,817.0,415.75,62.5
TIME:above_3std_frac,5,3.838861084659584e-05,770.0,0.14132219872547971,530.0,0.18573167589423534,598.0,0.079106964869281,157.0,8.0,393.0,-6.0,352.5,-1.0,226.5,0.00013924460249560566,303.0,416.25,62.5
TF:WPT_aada_log_energy,5,0.3428257405757904,288.0,0.20011459106878865,236.0,0.35500588688631884,160.0,0.055185065162591376,556.0,0.0,701.5,-7.0,452.5,-1.0,226.5,7.583975088884287e-05,710.0,416.3125,62.5
FREQ:ratio_mid_high,5,48.5162467956543,96.0,0.07364579698553092,742.0,0.25247944172685344,485.0,0.006743505684996733,904.0,0.0,701.5,-4.0,152.5,-1.0,226.5,0.0019446519588659627,28.0,416.9375,62.5
TF:WPT_low_high_ratio,5,43564118016.0,9.0,0.08856288401737804,684.0,0.35646037229192284,151.0,0.012598853776032225,871.0,0.0,701.5,-6.0,352.5,-1.0,226.5,0.00012294492774024129,340.0,416.9375,62.5
TF:WPT_aadd_range,5,12.624431610107422,136.5,0.1996587129294477,245.5,0.3061098918211713,360.0,0.0515331226700945,619.5,0.0,701.5,-10.0,752.5,-1.0,226.5,0.00014468759357922517,296.0,417.25,62.5
TIME:kurt,5,6.447531223297119,156.0,0.09459107454912638,670.0,0.16120025889607703,635.0,0.056154355487236136,541.0,0.0,701.5,-4.0,152.5,-1.0,226.5,0.0001680937472591506,263.0,418.1875,62.5
FREQ:psd_range,5,0.001055983011610806,631.5,0.14844283829051955,503.5,0.3300181169005021,303.0,0.08542898143764406,121.5,0.0,701.5,-10.0,752.5,-1.0,226.5,0.0004762703727229045,109.0,418.625,62.5
TF:WPT_band_centroid,5,0.19805127382278442,323.0,0.21694137430665864,131.0,0.349478032988245,199.0,0.06414921948935842,318.0,267.0,134.0,-12.0,952.5,-149.0,670.5,8.270422171602286e-05,624.0,419.0,62.5
TF:WPT_daaa_iqr,5,1.6050307749537751e-06,844.0,0.21689060483273645,135.0,0.349801335215834,195.0,0.05909545421792937,456.0,238.0,163.0,-5.0,252.5,-102.0,623.0,7.737456727012886e-05,685.0,419.1875,62.5
TF:WPT_ddaa_mad,5,7.019818326625682e-08,905.0,0.2172567079669233,124.0,0.3501651983001781,194.0,0.05725572881201418,517.0,263.0,138.0,-10.0,752.5,-1.0,226.5,9.644787586910338e-05,497.0,419.25,62.5
TF:DWT_L6_entropy,5,0.08320056647062302,385.0,0.10029790857629253,652.0,0.1061681844274287,713.0,0.016463394763305165,840.0,108.0,293.0,-3.0,52.5,-1.0,226.5,0.00029000132589581984,195.0,419.625,62.5
TF:WPT_adad_tk_std,5,0.00044927981798537076,685.0,0.19533421684186178,312.0,0.3195304796901772,319.0,0.05893434203054305,463.0,29.0,372.0,-4.0,152.5,-21.0,542.5,9.443259438798734e-05,511.0,419.625,62.5
TF:mod0_entropy,5,0.0326034240424633,450.0,0.13368111044716782,546.0,0.13883698035700087,666.0,0.09156232695864568,99.0,0.0,701.5,-7.0,452.5,-1.0,226.5,0.00023026206076831273,216.0,419.6875,62.5
TF:DWT_L6_tk_std,5,1.4502269607419294e-07,898.0,0.20798473681281507,205.0,0.3398454415674239,256.0,0.05754192062955635,504.0,113.0,288.0,-4.0,152.5,-1.0,226.5,6.399716365038603e-05,829.0,419.875,62.5
TF:WPT_aadd_std,5,0.3283514380455017,298.0,0.216737410792941,146.0,0.34778906421054234,211.0,0.0584265766307764,480.0,139.0,262.0,-9.0,652.5,-140.0,661.5,8.005614918645878e-05,651.0,420.25,62.5
TF:WPT_aaaa_rms,5,0.28153330087661743,302.0,0.2115941234768628,187.0,0.31402799953541827,337.0,0.06434502163845685,316.0,156.0,245.0,-9.0,652.5,-9.0,530.0,6.777860088692947e-05,796.0,420.6875,62.5
TF:WPT_addd_abs_mean,5,0.009992017410695553,503.0,0.2186757445291024,48.0,0.3666447491083331,74.0,0.058251394365028214,484.0,243.0,158.0,-11.0,852.5,-2.0,488.0,7.103893783778179e-05,759.0,420.8125,62.5
TF:WPT_dada_entropy,5,0.0727805495262146,395.0,0.09944410154084794,654.0,0.12063282355369465,687.0,0.012721361388449858,869.0,175.0,226.0,-4.0,152.5,-1.0,226.5,0.00034691007960832164,160.0,421.25,62.5
TF:glcm_79_entropy_d4_a3,5,0.06410504132509232,408.0,0.19538568226321532,308.0,0.3171076570127358,327.0,0.05679070002598211,527.0,41.0,360.0,-3.0,52.5,-185.0,706.0,7.676594603868045e-05,694.0,422.8125,62.5
TF:WPT_aada_rms,5,0.06314519792795181,413.0,0.21812178894191178,93.0,0.35483637572662063,164.0,0.05663549647050101,531.0,205.0,196.0,-11.0,852.5,-1.0,226.5,5.066443118728295e-05,924.0,425.0,62.5
TF:mod1_centroid,5,0.9650729298591614,233.0,0.10179104601275213,647.0,0.1075422395412633,711.0,0.03621860138041507,714.0,186.0,215.0,-7.0,452.5,-1.0,226.5,0.00024803497477560247,210.0,426.125,62.5
TF:glcm_57_homogeneity_d3_a3,5,0.0003143635403830558,712.0,0.195889469129297,301.0,0.3190417372929155,321.0,0.055358563154389036,552.0,61.0,340.0,-3.0,52.5,-277.0,798.5,0.00012648827910509766,333.0,426.25,62.5
TF:DWT_L3_var,5,3.2098805904388428,191.5,0.21508917643758732,161.5,0.3373897938365733,264.0,0.06436782671378911,313.5,229.0,172.0,-11.0,852.5,-28.0,549.0,5.3624271681400426e-05,909.0,426.625,62.5
TIME:autocorr_lag10,5,0.12515892088413239,364.0,0.21466200367177218,168.0,0.3346448311317842,280.0,0.06799974219701177,245.0,218.0,183.0,-11.0,852.5,-2.0,488.0,6.371676683305963e-05,835.0,426.9375,62.5
FREQ:ratio_low_mid,5,3476.263916015625,55.0,0.08352519575042495,705.0,0.2722472633096862,446.0,0.029014656473119276,749.0,0.0,701.5,-6.0,352.5,-1.0,226.5,0.00031144629969740605,182.0,427.1875,62.5
TIME:std_peak_amp,5,0.03638540208339691,447.0,0.12878245211214068,563.0,0.17242011020281423,619.0,0.0611173521972681,387.0,0.0,701.5,-3.0,52.5,-1.0,226.5,0.00010437655367512397,423.0,427.4375,62.5
TF:DWT_L4_min,5,2.399947166442871,206.0,0.19062331262482188,344.0,0.2819955388272879,420.0,0.05248667716589806,602.0,0.0,701.5,-4.0,152.5,-2.0,488.0,9.485971744286038e-05,508.0,427.75,62.5
TF:WPT_ddad_var,5,2.9006349405724663e-11,938.0,0.20399805313333866,222.0,0.3294979543707859,307.0,0.06902615983397593,236.0,94.0,307.0,-9.0,652.5,-105.0,626.0,0.000375761725611166,140.0,428.5625,62.5
TF:WPT_aaad_mad,5,0.20421059429645538,318.5,0.21679358325734036,142.5,0.3439405170582601,236.0,0.05651087040945841,534.5,199.0,202.0,-7.0,452.5,-112.0,633.0,5.343861946763781e-05,911.0,428.75,62.5
TF:DWT_L1_range,5,22.338947296142578,114.5,0.11712123175589578,596.5,0.21922142448053972,561.0,0.07457735920258367,179.5,0.0,701.5,-11.0,852.5,-1.0,226.5,0.0002627038783846984,204.0,429.5,62.5
TF:DWT_L1_p2p,5,22.338947296142578,114.5,0.11712123175589578,596.5,0.2192158421187287,562.0,0.07457735920258367,179.5,0.0,701.5,-11.0,852.5,-1.0,226.5,0.00023749501814656729,212.0,430.625,62.5
TF:WPT_aaad_min,5,4.351370811462402,175.5,0.1848858447193894,373.5,0.2713474655335584,449.0,0.053856351420270655,581.5,0.0,701.5,-9.0,652.5,-1.0,226.5,0.00014153406870743017,299.0,432.375,62.5
TF:DWT_L2_tk_max,5,811.0896606445312,67.0,0.11022333187341524,621.0,0.2734623487023278,443.0,0.028320380659234926,752.0,0.0,701.5,-6.0,352.5,-1.0,226.5,0.00013958439054254638,301.0,433.0625,62.5
TF:WPT_addd_entropy,5,0.08368315547704697,383.0,0.1008557712914835,650.0,0.10224887327244803,718.0,0.015335239207058707,853.0,116.0,285.0,-5.0,252.5,-1.0,226.5,0.00048645066835774624,104.0,434.0,62.5
TF:DWT_L6_log_energy,5,0.3460627794265747,287.0,0.20000080367650355,238.0,0.35998968984202584,105.0,0.055770141357604275,547.0,0.0,701.5,-7.0,452.5,-1.0,226.5,4.959435911095508e-05,931.0,436.0625,62.5
TF:DWT_L2_entropy,5,0.11149685084819794,368.0,0.1131608748792728,611.0,0.14403251202027434,656.0,0.016963839113977367,834.0,48.0,353.0,-5.0,252.5,-1.0,226.5,0.00030485114987837926,189.0,436.25,62.5
TF:DWT_L1_tk_max,5,2758.880126953125,58.0,0.08063883838201516,719.0,0.20926192298713842,577.0,0.03468770485005861,720.0,0.0,701.5,-5.0,252.5,-1.0,226.5,0.00019235805565237366,240.0,436.8125,62.5
TF:DWT_L0_energy,5,6010446.0,13.0,0.17628030741663656,405.0,0.21510916457879148,571.0,0.06908483703906704,233.0,0.0,701.5,-4.0,152.5,-146.0,667.0,7.172340382317227e-05,752.0,436.875,62.5
TF:WPT_aaad_entropy,5,0.09266375005245209,376.5,0.10828606976492884,630.5,0.1354864240517255,670.0,0.016996122661908343,832.5,90.0,311.0,-6.0,352.5,-1.0,226.5,0.0005291111710046277,98.0,437.1875,62.5
TF:Et_kurt,5,56.52935028076172,95.0,0.0560250204568988,788.0,0.09010655398203937,735.0,0.08161544557852798,138.0,0.0,701.5,-7.0,452.5,-1.0,226.5,0.00011622805021833638,363.0,437.4375,62.5
TIME:max_abs,5,1.2078031301498413,225.5,0.08185667185990295,711.5,0.10100909002634939,720.0,0.1073550000254208,60.5,0.0,701.5,-6.0,352.5,-1.0,226.5,9.550801225863827e-05,504.0,437.75,62.5
TF:DWT_L0_log_energy,5,0.07851594686508179,391.0,0.17668016887068946,401.0,0.2152068051144833,569.0,0.07184162955113083,207.0,0.0,701.5,-3.0,52.5,-143.0,664.5,9.35786787930726e-05,520.0,438.3125,62.5
TF:DWT_L0_var,5,331.8975524902344,75.0,0.17828443426174556,393.0,0.22688139445013444,539.0,0.06863067984372148,241.0,0.0,701.5,-4.0,152.5,-173.0,694.0,7.56822318456975e-05,713.0,438.625,62.5
FREQ:peak_count,5,627.5486450195312,69.0,0.16080472362110998,461.0,0.22603766167297046,541.0,0.03256119186046503,731.0,0.0,701.5,-7.0,452.5,-1.0,226.5,0.00012662475033681404,332.0,439.3125,62.5
TF:WPT_aaad_rel_energy,5,0.012139299884438515,490.0,0.21304737789946834,175.0,0.31845901608883187,323.0,0.06331226027315749,336.0,167.0,234.0,-11.0,852.5,-32.0,553.0,8.90476858114974e-05,553.0,439.5625,62.5
TF:WPT_ddad_tk_mean,5,3.381700475202365e-11,937.0,0.2084872637848635,201.0,0.3334219466959971,282.0,0.06645632947179793,263.0,131.0,270.0,-5.0,252.5,-81.0,602.5,7.465187373073906e-05,726.0,441.75,62.5
TF:DWT_L4_max,5,2.356806755065918,207.0,0.19264088906450383,336.0,0.2760919282830554,439.0,0.05349867555601353,587.0,0.0,701.5,-5.0,252.5,-1.0,226.5,6.85807999710048e-05,787.0,442.0625,62.5
TF:WPT_ddad_energy,5,7.801288120390382e-06,817.0,0.20404409828266115,220.0,0.3315603057761969,291.0,0.06898693605872258,237.0,96.0,305.0,-9.0,652.5,-21.0,542.5,9.770483379850229e-05,478.0,442.875,62.5
TF:glcm_68_correlation_d4_a1,5,6.160316388559295e-06,820.0,0.17536492032129072,408.0,0.3045989493496375,365.0,0.048177688079176086,650.0,1.0,400.0,-3.0,52.5,-1.0,226.5,8.17827614756969e-05,631.0,444.125,62.5
TF:WPT_addd_std,5,0.015436491928994656,484.0,0.21767952029812265,116.0,0.3628204048159329,96.0,0.057343559883362004,512.0,180.0,221.0,-12.0,952.5,-2.0,488.0,7.718862906791352e-05,688.0,444.6875,62.5
TF:DWT_L3_min,5,4.351370811462402,175.5,0.1848858447193894,373.5,0.27138522736618764,448.0,0.053856351420270655,581.5,0.0,701.5,-9.0,652.5,-1.0,226.5,0.00010899219527858036,402.0,445.125,62.5
TF:WPT_aaaa_min,5,12.278061866760254,139.0,0.07087636336667577,747.0,0.07948255141991556,764.0,0.0879977307167635,111.0,0.0,701.5,-6.0,352.5,-2.0,488.0,0.00017239462393767784,258.0,445.125,62.5
TF:DWT_L3_range,5,16.753314971923828,124.5,0.1886334227836586,350.5,0.2874878996604071,411.0,0.05430917098639805,571.5,0.0,701.5,-12.0,952.5,-1.0,226.5,0.00020546344755140918,231.0,446.125,62.5
TIME:tkeo_mean,5,0.00532830785959959,549.0,0.21823151703581745,81.0,0.34658600123830086,219.0,0.06614058838897165,271.0,318.0,83.0,-12.0,952.5,-2.0,488.0,4.7806063813819716e-05,934.0,447.1875,62.5
TF:WPT_aaad_max,5,4.510481357574463,170.5,0.18194935404220808,379.5,0.2775337157319626,433.0,0.05285023783960248,594.5,0.0,701.5,-8.0,552.5,-2.0,488.0,0.0001668300478600633,264.0,447.9375,62.5
TF:DWT_L3_entropy,5,0.09266375005245209,376.5,0.10828606976492884,630.5,0.13568211357359994,669.0,0.016996122661908343,832.5,93.0,308.0,-6.0,352.5,-1.0,226.5,0.0003038357199270988,190.0,448.1875,62.5
TF:WPT_dada_std,5,0.00015254829486366361,735.0,0.2183197390579238,74.0,0.35932735038240127,114.0,0.05863074127092266,473.0,232.0,169.0,-9.0,652.5,-2.0,488.0,5.869883363653445e-05,883.0,448.5625,62.5
TF:lbp_b0,5,2.7987220164504834e-05,779.0,0.19146867635003056,342.0,0.3026649599074269,369.0,0.05741539605028496,508.0,79.0,322.0,-5.0,252.5,-1.0,226.5,6.822307608238772e-05,792.0,448.875,62.5
TF:WPT_aaaa_energy,5,3122991.75,14.0,0.2116174190554369,186.0,0.31400992372741277,338.0,0.059747398393727634,437.0,136.0,265.0,-11.0,852.5,-61.0,582.0,4.9970717280717194e-05,926.0,450.0625,62.5
TF:glcm_7_homogeneity_d1_a1,5,0.0003162729262840003,709.5,0.19869822314124197,280.5,0.33117047041223735,294.0,0.06016516431910966,413.5,123.0,278.0,-7.0,452.5,-42.0,563.0,8.35632716596457e-05,614.0,450.625,62.5
TF:WPT_aadd_rms,5,0.3291671872138977,296.0,0.21673117272663017,147.0,0.34743508707797943,215.0,0.05849873908736375,477.0,138.0,263.0,-9.0,652.5,-127.0,648.0,5.2396201620938204e-05,915.0,451.6875,62.5
TF:WPT_daad_rel_energy,5,2.2409334804462944e-11,940.0,0.21689346338958437,134.0,0.3503642348263081,193.0,0.06154726965583893,372.0,278.0,123.0,-5.0,252.5,-163.0,684.5,5.1035195729285225e-05,922.0,452.625,62.5
TF:glcm_44_entropy_d3_a0,5,0.06256628036499023,415.0,0.1953998257450261,306.0,0.3129374447157418,342.0,0.05516245390938794,557.0,28.0,373.0,-3.0,52.5,-160.0,681.0,5.431064118392059e-05,904.0,453.8125,62.5
TF:WPT_ddaa_abs_mean,5,2.3610095922776964e-07,892.0,0.19707098118027705,290.0,0.2824682425494549,418.0,0.08299155968566327,134.0,13.0,388.0,-4.0,152.5,-95.0,616.0,7.276417827990139e-05,741.0,453.9375,62.5
TF:WPT_adaa_abs_mean,5,9.15525306481868e-05,748.0,0.21517666221409765,158.0,0.3343551400899649,281.0,0.05930677487602796,450.0,174.0,227.0,-6.0,352.5,-107.0,628.5,6.852695744021145e-05,788.0,454.125,62.5
TF:mod0_spread,5,0.4531424939632416,262.0,0.08508461327651601,701.0,0.06292368064829112,804.0,0.06341670334453417,332.0,0.0,701.5,-6.0,352.5,-1.0,226.5,0.00017461832145732905,256.0,454.4375,62.5
TF:WPT_aaad_range,5,16.753314971923828,124.5,0.1886334227836586,350.5,0.2874931057056056,410.0,0.05430917098639805,571.5,0.0,701.5,-12.0,952.5,-1.0,226.5,0.00013721874421999595,307.0,455.5,62.5
TF:DWT_L2_p2p,5,15.765226364135742,129.5,0.15605607723322043,480.5,0.2860953177613683,412.0,0.057423177233462144,506.5,0.0,701.5,-11.0,852.5,-1.0,226.5,0.00012051690479880879,353.0,457.75,62.5
TF:WPT_ddda_rel_energy,5,4.2539297084864813e-10,934.0,0.21047895441801753,194.0,0.34781610930533136,210.0,0.06667670711486404,257.0,153.0,248.0,-6.0,352.5,-71.0,592.0,5.944452784718515e-05,876.0,457.9375,62.5
TF:DWT_L4_p2p,5,8.962291717529297,149.5,0.19743062026834488,288.5,0.292433067725379,392.0,0.0544532441854124,566.5,0.0,701.5,-10.0,752.5,-2.0,488.0,0.00012482443727787601,335.0,459.1875,62.5
TIME:min,5,0.8865394592285156,235.0,0.09800938559273865,657.0,0.11145410324366578,702.0,0.07593047502381492,175.0,0.0,701.5,-4.0,152.5,-50.0,571.5,9.65985599203702e-05,495.0,461.1875,62.5
TF:DWT_L4_range,5,8.962291717529297,149.5,0.19743062026834488,288.5,0.2924262052277453,393.0,0.0544532441854124,566.5,0.0,701.5,-10.0,752.5,-2.0,488.0,0.00012174933238332605,350.0,461.1875,62.5
TF:WPT_adad_entropy,5,0.09503474831581116,373.0,0.0960925625073134,667.0,0.08118336243723512,754.0,0.019881327478077155,805.0,31.0,370.0,-5.0,252.5,-1.0,226.5,0.0001806836301014735,249.0,462.125,62.5
TF:WPT_addd_tk_max,5,0.6541708707809448,252.0,0.17345578858513186,421.0,0.2830734411337663,417.0,0.04800866815392949,652.0,0.0,701.5,-6.0,352.5,-2.0,488.0,9.99494190620375e-05,449.0,466.625,62.5
TIME:d1_max_abs,5,0.2163752168416977,316.0,0.17695260061191853,398.0,0.26747685224246087,455.0,0.06469493711948404,305.0,0.0,701.5,-3.0,52.5,-168.0,689.5,6.493304416533936e-05,824.0,467.6875,62.5
FREQ:spec_decrease,5,7.431268750224262e-05,755.0,0.16942006670650583,432.0,0.237190686590818,518.0,0.05629179757238828,539.0,0.0,701.5,-4.0,152.5,-1.0,226.5,0.00010420626991499306,424.0,468.5625,62.5
TF:DWT_L3_p2p,5,16.753314971923828,124.5,0.1886334227836586,350.5,0.2874970537518222,409.0,0.05430917098639805,571.5,0.0,701.5,-12.0,952.5,-1.0,226.5,0.00010467727116148435,420.0,469.5,62.5
TF:glcm_37_homogeneity_d2_a3,5,0.0003178235492669046,707.5,0.1990768336319253,271.5,0.32973403600130524,305.0,0.06094114351004191,392.5,125.0,276.0,-7.0,452.5,-25.0,546.5,6.688313490706687e-05,807.0,469.8125,62.5
TF:glcm_23_correlation_d2_a0,5,1.255778556696896e-06,851.0,0.1571051655101806,477.0,0.24421149217389093,505.0,0.0386757589235552,699.0,78.0,323.0,-5.0,252.5,-1.0,226.5,9.876055840209092e-05,459.0,474.125,62.5
TF:DWT_L2_min,5,4.122636318206787,177.0,0.15321753225132734,488.0,0.2545075103310923,481.0,0.0515438441301782,618.0,0.0,701.5,-8.0,552.5,-1.0,226.5,8.936166746018963e-05,551.0,474.4375,62.5
TF:glcm_78_correlation_d4_a3,5,5.935477020102553e-06,822.0,0.175330423918712,410.0,0.30212684817687174,371.0,0.0467221668703641,662.0,11.0,390.0,-6.0,352.5,-1.0,226.5,8.702278144563878e-05,575.0,476.125,62.5
TF:Ef_p75,5,2.8364336685626768e-05,777.5,0.21089298593189404,192.0,0.3423227911632689,240.0,0.059437078933054256,447.0,141.0,260.0,-10.0,752.5,-2.0,488.0,7.940157407993976e-05,656.0,476.625,62.5
TF:stft_p90,5,1.0705943168431986e-05,801.0,0.21570556058653664,155.0,0.34321267707726166,238.0,0.06142608482893308,377.0,228.0,173.0,-5.0,252.5,-348.0,869.5,3.6683026933789286e-05,948.0,476.75,62.5
TF:glcm_15_contrast_d1_a3,5,0.04149283841252327,438.5,0.18701246057816337,365.5,0.26400067032537544,463.0,0.0733489433033862,195.5,0.0,701.5,-9.0,652.5,-136.0,657.0,0.00012208632371399225,345.0,477.3125,62.5
TF:DWT_L1_entropy,5,0.16736379265785217,342.0,0.13088753490779304,551.0,0.11810873448087422,691.0,0.03359833061858053,727.0,0.0,701.5,-5.0,252.5,-1.0,226.5,0.0001281700310766541,328.0,477.4375,62.5
TF:WPT_dadd_range,5,0.004774266388267279,552.5,0.20214880198275037,227.5,0.30878492556104575,354.0,0.049794518679664626,642.5,3.0,398.0,-11.0,852.5,-2.0,488.0,0.00013839850905140262,305.0,477.5,62.5
TF:glcm_4_entropy_d1_a0,5,0.06236448138952255,416.0,0.1959445188430632,300.0,0.31921891846100925,320.0,0.059176502439443814,454.0,64.0,337.0,-9.0,652.5,-121.0,642.0,7.611399009263338e-05,703.0,478.0625,62.5
TF:lbp_b2,5,9.391417734150309e-06,805.0,0.15329624067576894,487.0,0.18475098170933313,603.0,0.04567763738228144,670.0,36.0,365.0,-7.0,452.5,-1.0,226.5,0.00020162512395424122,233.0,480.25,62.5
TF:glcm_35_contrast_d2_a3,5,0.04149283841252327,438.5,0.18701246057816337,365.5,0.2644951922101142,462.0,0.0733489433033862,195.5,0.0,701.5,-9.0,652.5,-92.0,613.0,0.00010446773215885892,422.0,481.3125,62.5
TF:DWT_L0_std,5,2.7022249698638916,201.0,0.18043824526842234,382.0,0.22695879727809798,537.0,0.07443563799974331,183.0,0.0,701.5,-10.0,752.5,-120.0,641.0,9.882532257294302e-05,457.0,481.875,62.5
TIME:p10,5,0.011018240824341774,495.0,0.13043720400379363,553.0,0.1478573771123659,649.0,0.0526373994623526,599.0,0.0,701.5,-5.0,252.5,-1.0,226.5,0.00011170989684302442,387.0,482.9375,62.5
TF:mod10_centroid,5,2.2576253414154053,208.0,0.12669749631261035,567.0,0.12499590349720435,677.0,0.04282039399583448,689.0,0.0,701.5,-7.0,452.5,-1.0,226.5,0.00012247403664494025,344.0,483.1875,62.5
TF:DWT_L2_kurt,5,12.248517990112305,140.0,0.08069558713687874,718.0,0.12656686688317276,675.0,0.004826469488665785,916.0,0.0,701.5,-5.0,252.5,-1.0,226.5,0.00018696739069295213,241.0,483.8125,62.5
TF:DWT_L3_rms,5,0.4275853931903839,270.5,0.21347598360504855,171.5,0.33688451408130593,267.0,0.05952027716279436,440.5,100.0,301.0,-12.0,952.5,-12.0,533.0,3.648480570674526e-05,949.0,485.625,62.5
SPAT:st_linearity_r2,5,0.03032590262591839,454.0,0.09424954755845827,671.0,0.042869154045422686,849.0,0.06039544574870876,407.0,0.0,701.5,-6.0,352.5,-1.0,226.5,0.00021395237101609838,225.0,485.8125,62.5
TF:glcm_19_entropy_d1_a3,5,0.06430819630622864,404.5,0.1953637730876181,310.5,0.33221911653802216,287.0,0.05983886792091995,434.5,69.0,332.0,-9.0,652.5,-92.0,613.0,6.130484165125597e-05,861.0,486.875,62.5
TIME:p90,5,0.012953408993780613,488.0,0.12169579721660338,585.0,0.14985484766767065,644.0,0.050439338551776416,636.0,0.0,701.5,-4.0,152.5,-1.0,226.5,9.806661869786267e-05,472.0,488.1875,62.5
TF:DWT_L1_kurt,5,10.5092134475708,145.0,0.10420102333139142,642.0,0.09447083351423347,731.0,0.019542581832333417,808.0,0.0,701.5,-6.0,352.5,-1.0,226.5,0.00013110058549995553,320.0,490.8125,62.5
TF:WPT_daaa_log_energy,5,0.3912268280982971,278.0,0.18809828306687193,354.0,0.2778475310000563,431.0,0.058967230477599615,461.0,0.0,701.5,-6.0,352.5,-152.0,673.5,7.77078777215724e-05,679.0,491.3125,62.5
TF:WPT_adad_min,5,0.04805992916226387,429.0,0.16719978518452552,441.0,0.2502541889336589,487.0,0.054136478908939224,578.0,0.0,701.5,-6.0,352.5,-67.0,588.0,0.00011996385331278664,355.0,491.5,62.5
TF:WPT_adad_p2p,5,0.1534969061613083,346.5,0.1877349051709984,359.5,0.2773243679670876,436.0,0.061300075374768934,382.5,0.0,701.5,-9.0,652.5,-81.0,602.5,9.84638304488408e-05,468.0,493.625,62.5
TF:DWT_L5_entropy,5,0.09504096210002899,372.0,0.09329601764555934,674.0,0.07713643003745307,769.0,0.02390384104170724,778.0,4.0,397.0,-7.0,452.5,-1.0,226.5,0.0001526057507738773,282.0,493.875,62.5
TF:WPT_addd_max,5,0.16985301673412323,338.0,0.193845477146394,328.0,0.28116913736518256,423.0,0.05221377587342161,607.0,0.0,701.5,-6.0,352.5,-2.0,488.0,7.163434354726346e-05,753.0,498.875,62.5
TF:glcm_74_entropy_d4_a2,5,0.06996424496173859,396.0,0.19621193173704377,291.0,0.32083104844351196,318.0,0.06106089603931047,390.0,88.0,313.0,-11.0,852.5,-56.0,577.5,5.922858920877061e-05,879.0,502.125,62.5
TF:WPT_ddad_std,5,1.298073357247631e-06,849.0,0.2123260222987142,178.0,0.3295039297365969,306.0,0.06042370212811873,405.0,111.0,290.0,-12.0,952.5,-158.0,679.0,0.0001138138003736473,375.0,504.3125,62.5
TF:stft_p25,5,9.99725619279708e-32,960.0,6.198787490417605e-05,956.0,0.006064827014724106,935.0,0.079956787202893,146.0,92.0,309.0,-6.0,352.5,-1.0,226.5,0.00014946992848575053,288.0,521.625,62.5
TF:WPT_adad_max,5,0.05029914528131485,427.0,0.16451937572687383,451.0,0.24700257262369174,497.0,0.043933868817395215,682.0,0.0,701.5,-6.0,352.5,-149.0,670.5,9.850575875654949e-05,464.0,530.6875,62.5
TF:WPT_adaa_iqr,4,0.00020055685308761895,726.0,0.21681220179984192,140.0,0.3524995417527612,182.0,0.055749989891420715,548.0,219.0,182.0,-3.0,52.5,-15.0,536.5,8.106593328745418e-05,636.0,375.375,50.0
TF:WPT_daad_iqr,4,3.461824599071406e-05,772.0,0.2179344560417461,102.0,0.35486602722105953,161.0,0.05707174417713462,520.0,254.0,147.0,-8.0,552.5,-122.0,643.5,0.00011531551524573809,368.0,408.25,50.0
TF:WPT_daad_energy,4,0.0016148753929883242,607.0,0.21791590468735494,105.0,0.34565738075569685,227.0,0.06341420451006399,333.0,324.0,77.0,-10.0,752.5,-2.0,488.0,7.736565444811362e-05,686.0,409.4375,50.0
TF:WPT_aaaa_range,4,32.60197448730469,107.5,0.12529325653263126,574.5,0.12288321608376052,684.0,0.12171222097053218,33.5,0.0,701.5,-10.0,752.5,-1.0,226.5,0.00021471229881188592,224.0,413.0,50.0
SPAT:sp_kurt,4,5.082455158233643,167.0,0.07308521137362468,745.0,0.17212062175464515,620.0,0.023210790778356902,783.0,0.0,701.5,-3.0,52.5,-1.0,226.5,0.001039512547135502,46.0,417.6875,50.0
TF:WPT_aaaa_p2p,4,32.60197448730469,107.5,0.12529325653263126,574.5,0.12292681236581027,683.0,0.12171222097053218,33.5,0.0,701.5,-10.0,752.5,-1.0,226.5,0.0001642924487404926,269.0,418.5,50.0
TIME:hist_contrast,4,4.615643501281738,169.0,0.11209214671615657,614.0,0.11047963497312097,704.0,0.09429552420710158,94.0,0.0,701.5,-8.0,552.5,-1.0,226.5,0.00014924194955944544,289.0,418.8125,50.0
TF:WPT_aadd_tk_std,4,5.290615558624268,166.0,0.20942611209489828,198.0,0.3276327998771693,308.0,0.05129421182466495,624.0,128.0,273.0,-9.0,652.5,-76.0,597.5,8.901983296565276e-05,554.0,421.625,50.0
TIME:d2_mean_abs,4,0.0013884088257327676,619.0,0.2190545210824001,29.0,0.3654016590339988,79.0,0.061221584739460155,385.0,252.0,149.0,-11.0,852.5,-2.0,488.0,6.9827171874649e-05,777.0,422.3125,50.0
TF:glcm_60_contrast_d4_a0,4,0.0852336660027504,380.0,0.14156596602202012,527.0,0.24370622554353671,506.0,0.057362566687972946,509.0,0.0,701.5,-4.0,152.5,-1.0,226.5,0.00010911508466043058,400.0,425.3125,50.0
FREQ:bandP_rel_6,4,0.0022690752521157265,589.5,0.21835531221978824,67.5,0.359749007428225,113.0,0.06194142284364213,361.5,340.0,61.0,-11.0,852.5,-110.0,631.0,7.203820506653525e-05,748.0,428.0,50.0
SPAT:sp_grad_std,4,7.285453829578312e-21,952.0,0.08840363441929674,685.0,0.39714849022859067,24.0,0.021120695134360743,796.0,0.0,701.5,-3.0,52.5,-1.0,226.5,0.006137824754856722,4.0,430.1875,50.0
TIME:shape_factor,4,0.010380050167441368,499.0,0.1390495536597409,537.0,0.23236408317731705,527.0,0.06621739311974956,270.0,0.0,701.5,-8.0,552.5,-1.0,226.5,0.00032086473205321186,177.0,436.3125,50.0
TF:WPT_dadd_std,4,0.00012107039947295561,742.0,0.21763693867213757,118.0,0.3548436521716849,163.0,0.05734729491876497,511.0,183.0,218.0,-11.0,852.5,-32.0,553.0,0.00012276470761659304,341.0,437.3125,50.0
TIME:burst_std_dur,4,1914.0185546875,63.0,0.13797876659680208,539.0,0.24604257434124133,500.0,0.04568466188171112,669.0,0.0,701.5,-8.0,552.5,-1.0,226.5,0.000176150654045159,254.0,438.1875,50.0
TF:glcm_22_homogeneity_d2_a0,4,0.00034707863233052194,702.0,0.19952835187263995,248.0,0.3145797579626741,334.0,0.054733700988255564,561.0,55.0,346.0,-3.0,52.5,-222.0,743.0,9.339983869187431e-05,521.0,438.4375,50.0
TIME:d1_mean_abs,4,0.005952746607363224,535.0,0.21820858493350104,85.0,0.36436806123206456,85.0,0.06076600182418645,396.0,211.0,190.0,-11.0,852.5,-3.0,524.0,6.200706849247733e-05,852.0,439.9375,50.0
FREQ:ratio_high_tail,4,0.0022690752521157265,589.5,0.21835531221978824,67.5,0.3597658641419139,111.0,0.06194142284364213,361.5,338.0,63.0,-11.0,852.5,-117.0,638.5,6.257461436842948e-05,844.0,440.9375,50.0
TIME:burst_mean_dur,4,615.808837890625,70.0,0.11515911111253728,603.0,0.30523469556753335,361.0,0.022958008067361382,785.0,0.0,701.5,-8.0,552.5,-1.0,226.5,0.00018168716640390035,247.0,443.3125,50.0
TIME:crest_factor,4,1.2078031301498413,225.5,0.08185667185990295,711.5,0.10098032749400154,722.0,0.1073550000254208,60.5,0.0,701.5,-6.0,352.5,-1.0,226.5,8.93169749718458e-05,552.0,444.0,50.0
TF:WPT_dadd_var,4,2.4395069431193406e-07,890.0,0.2183376864262567,70.0,0.354863519855269,162.0,0.06184788042623268,363.0,331.0,70.0,-8.0,552.5,-9.0,530.0,5.0261381730370585e-05,925.0,445.3125,50.0
TIME:impulse_factor,4,3.460421562194824,183.5,0.08859822344863338,682.0,0.11400970585983172,700.0,0.1059974020413579,63.5,0.0,701.5,-9.0,652.5,-1.0,226.5,0.00011946917218738711,357.0,445.8125,50.0
FREQ:peak_ratio,4,0.05689112842082977,419.0,0.10953254135123902,627.0,0.1034782318875136,716.0,0.07925093640400228,152.0,0.0,701.5,-8.0,552.5,-1.0,226.5,0.0003057035216405332,188.0,447.8125,50.0
TF:DWT_L3_max,4,4.510481357574463,170.5,0.18194935404220808,379.5,0.27752614446797086,434.0,0.05285023783960248,594.5,0.0,701.5,-8.0,552.5,-1.0,226.5,9.115153331368893e-05,536.0,449.375,50.0
TF:Et_centroid,4,27.484312057495117,111.0,0.054414427011871214,789.0,0.17942938762383687,610.0,0.05138347767910852,621.0,0.0,701.5,-6.0,352.5,-1.0,226.5,0.00028561900972708836,196.0,450.9375,50.0
TF:WPT_dadd_kurt,4,17.122642517089844,122.0,0.06770243977112178,754.0,0.10728683139295647,712.0,0.004145218593702602,922.0,0.0,701.5,-3.0,52.5,-1.0,226.5,0.00041894504752609395,128.0,452.3125,50.0
TF:WPT_addd_range,4,0.6475923657417297,254.5,0.1990067821563605,275.5,0.2960932432343535,388.0,0.05232612419662246,603.5,0.0,701.5,-9.0,652.5,-1.0,226.5,9.313837422623029e-05,524.0,453.25,50.0
TF:WPT_dadd_abs_mean,4,7.832455594325438e-05,754.0,0.2186404440297035,51.0,0.36635398443966105,76.0,0.05847531789328978,479.0,241.0,160.0,-11.0,852.5,-2.0,488.0,6.954709435032107e-05,779.0,454.9375,50.0
TF:Ef_n_peaks,4,25.2781925201416,112.0,0.1860024667841319,370.0,0.23978338924696896,515.0,0.043756578947368514,683.0,0.0,701.5,-5.0,252.5,-1.0,226.5,6.895366401513575e-05,784.0,455.5625,50.0
TF:WPT_dadd_tk_mean,4,2.299543240269486e-07,893.0,0.21788890350318474,108.0,0.3487177682031559,206.0,0.06181876711744521,366.0,305.0,96.0,-10.0,752.5,-37.0,558.5,7.82793856587069e-05,668.0,456.0,50.0
TF:WPT_dadd_rms,4,0.00012112782860640436,741.0,0.217636622898742,119.0,0.35409444427828163,174.0,0.0573405852264921,513.0,182.0,219.0,-11.0,852.5,-45.0,566.5,9.850236871100797e-05,465.0,456.25,50.0
TF:DWT_L4_log_energy,4,0.3301941454410553,293.0,0.19890945221877673,278.0,0.3495315337397913,197.0,0.05511320928003215,558.0,0.0,701.5,-4.0,152.5,-94.0,615.0,6.080333490944951e-05,867.0,457.75,50.0
TF:WPT_dadd_rel_energy,4,9.179770832368206e-10,930.0,0.2166030134694615,148.0,0.34516761135591745,228.0,0.06079781375025113,395.0,265.0,136.0,-8.0,552.5,-138.0,659.0,8.244847285566766e-05,625.0,459.1875,50.0
FREQ:peak1_freq,4,38062.07421875,38.0,0.07491128078884403,739.0,0.2982475094742605,383.0,-0.00483616375121476,1001.0,0.0,701.5,-8.0,552.5,-1.0,226.5,0.0013541387643388996,36.0,459.6875,50.0
TF:DWT_L4_kurt,4,21.04179573059082,118.0,0.06664882208757436,758.0,0.12032690003937141,688.0,0.004945805886774973,913.0,0.0,701.5,-3.0,52.5,-1.0,226.5,0.00021324060965798638,226.0,460.4375,50.0
TF:WPT_aadd_p2p,4,12.624431610107422,136.5,0.1996587129294477,245.5,0.3061164673765684,359.0,0.0515331226700945,619.5,0.0,701.5,-10.0,752.5,-2.0,488.0,0.0001123596725471418,381.0,460.4375,50.0
TF:WPT_aaad_kurt,4,15.148818969726562,131.5,0.0750647779748471,735.5,0.12334236676462007,680.0,0.005959001879818656,909.5,0.0,701.5,-4.0,152.5,-1.0,226.5,0.00036514450734435335,147.0,460.5,50.0
TF:DWT_L3_kurt,4,15.148818969726562,131.5,0.0750647779748471,735.5,0.1233435862768153,679.0,0.005959001879818656,909.5,0.0,701.5,-4.0,152.5,-1.0,226.5,0.0003639110012805551,149.0,460.625,50.0
TF:WPT_aadd_rel_energy,4,0.006892074830830097,525.0,0.2159912362172325,152.0,0.34164943054632024,248.0,0.06179647230030851,368.0,246.0,155.0,-9.0,652.5,-147.0,668.5,4.808644837202941e-05,933.0,462.75,50.0
TF:glcm_47_homogeneity_d3_a1,4,0.0003114651481155306,713.0,0.19547979536709723,303.0,0.31052848325180626,350.0,0.05659673541191463,533.0,53.0,348.0,-3.0,52.5,-206.0,727.0,7.783298601792028e-05,676.0,462.8125,50.0
TF:WPT_ddad_log_energy,4,0.35073763132095337,285.0,0.19854551806928009,284.0,0.33164489890146065,289.0,0.053313481368551296,590.0,0.0,701.5,-9.0,652.5,-213.0,734.5,0.00032787236498457386,171.0,463.4375,50.0
TF:WPT_dada_p2p,4,0.005837217438966036,539.5,0.2065581241279116,207.5,0.3127863089481395,343.0,0.052278432889136084,605.5,33.0,368.0,-10.0,752.5,-21.0,542.5,0.00012146712992142494,351.0,463.6875,50.0
TIME:hist_b7,4,0.0034251725301146507,566.0,0.06473080152028009,765.0,0.09308134669369039,733.0,0.07770957428809398,168.0,0.0,701.5,-5.0,252.5,-1.0,226.5,0.0001338738961376262,313.0,465.6875,50.0
TF:DWT_L5_max,4,0.3601658046245575,282.0,0.15659991821263694,479.0,0.226911289802727,538.0,0.07075742520165318,215.0,0.0,701.5,-4.0,152.5,-223.0,744.0,8.328428530544584e-05,618.0,466.25,50.0
TIME:seg_energy_0,4,0.0069732628762722015,524.0,0.04473979981858321,807.0,0.12177454446406344,686.0,0.06621866141752493,269.0,0.0,701.5,-5.0,252.5,-1.0,226.5,0.00015994422027816948,273.0,467.4375,50.0
TIME:seg_energy_9,4,0.006121344864368439,532.0,0.0780621596643644,725.0,0.16085009902925318,636.0,0.06650917199582704,262.0,0.0,701.5,-6.0,352.5,-1.0,226.5,0.00013890838420831816,304.0,467.4375,50.0
TF:WPT_dada_min,4,0.0015347801381722093,612.0,0.2014677485052165,229.0,0.2891090370707605,404.0,0.0532001622088278,592.0,0.0,701.5,-6.0,352.5,-21.0,542.5,0.0001362398888264245,308.0,467.6875,50.0
SPAT:sp_argmax,4,73.54117584228516,90.0,0.034643081150884,825.0,0.023927660774287318,885.0,0.07834522849462355,162.0,0.0,701.5,-9.0,652.5,-1.0,226.5,0.00026091519032975496,205.0,468.4375,50.0
TF:glcm_77_homogeneity_d4_a3,4,0.0003035597037523985,714.0,0.19365597997239492,329.0,0.2977243388244908,385.0,0.0519455081513781,609.0,16.0,385.0,-4.0,152.5,-142.0,663.0,9.378117443656876e-05,519.0,469.5625,50.0
TF:mod2_centroid,4,0.8107592463493347,239.0,0.08501172309897702,702.0,0.08709348262983418,741.0,0.025179862564420098,769.0,14.0,387.0,-8.0,552.5,-1.0,226.5,0.0003616933931356447,150.0,470.875,50.0
TIME:hjorth_complexity,4,6.0385589599609375,159.0,0.16241683909522553,454.0,0.3445858709999281,231.0,0.04470908381432664,680.0,0.0,701.5,-3.0,52.5,-73.0,594.5,5.6537892730736344e-05,896.0,471.0625,50.0
TIME:higuchi_fd,4,0.0009676156332716346,634.0,0.1519114310736803,493.0,0.21542706716256,567.0,0.046143337409282746,665.0,0.0,701.5,-6.0,352.5,-1.0,226.5,0.0003954417657671786,135.0,471.8125,50.0
TF:glcm_2_homogeneity_d1_a0,4,0.00029334964347071946,716.0,0.1999765084099604,239.0,0.33185036691238246,288.0,0.05582159492809235,546.0,95.0,306.0,-5.0,252.5,-175.0,696.0,7.109342424493154e-05,758.0,475.1875,50.0
TF:WPT_adda_max,4,0.7061500549316406,249.0,0.1462588111437204,511.0,0.219608612595112,559.0,0.0714255359766353,211.0,0.0,701.5,-6.0,352.5,-228.0,749.5,9.788703575693908e-05,475.0,476.0625,50.0
TF:WPT_aadd_log_energy,4,0.329171359539032,295.0,0.19856338076937563,283.0,0.3474346664697183,216.0,0.055058990718914416,559.0,0.0,701.5,-4.0,152.5,-147.0,668.5,3.93505159092845e-05,945.0,477.5625,50.0
TF:glcm_42_homogeneity_d3_a0,4,0.0003373286162968725,703.0,0.19787963131952835,287.0,0.3079462765327241,357.0,0.05257769042042435,600.0,9.0,392.0,-3.0,52.5,-240.0,761.0,7.82030932737858e-05,669.0,477.6875,50.0
TF:WPT_daad_std,4,1.8808248569257557e-05,786.0,0.21676809344971795,144.0,0.352093703892173,187.0,0.057690918566637744,499.0,154.0,247.0,-9.0,652.5,-2.0,488.0,6.501073661090007e-05,822.0,478.1875,50.0
TF:WPT_addd_kurt,4,20.388179779052734,119.0,0.0641603771603384,767.0,0.08995821673230608,737.0,0.005457655034817726,912.0,0.0,701.5,-5.0,252.5,-1.0,226.5,0.00036497066102553606,148.0,482.9375,50.0
TIME:d2_std,4,0.0021422719582915306,592.0,0.21784026816955937,112.0,0.35658082841343175,150.0,0.06004006257243113,424.0,187.0,214.0,-11.0,852.5,-50.0,571.5,3.4120445262654775e-05,952.0,483.5,50.0
TF:WPT_dadd_p2p,4,0.004774266388267279,552.5,0.20214880198275037,227.5,0.3087972558493428,353.0,0.049794518679664626,642.5,2.0,399.0,-11.0,852.5,-1.0,226.5,8.317311240433436e-05,619.0,484.0625,50.0
TF:glcm_67_homogeneity_d4_a1,4,0.0003000538272317499,715.0,0.19247829600308455,339.0,0.2918119698676658,396.0,0.05391232161774041,580.0,5.0,396.0,-3.0,52.5,-232.0,753.5,8.065578181661494e-05,641.0,484.125,50.0
TF:Ef_iqr,4,2.8364336685626768e-05,777.5,0.21089298592959604,193.0,0.34230582803704923,241.0,0.05943707893312005,446.0,143.0,258.0,-10.0,752.5,-4.0,525.0,7.652894822114847e-05,696.0,486.125,50.0
TF:DWT_L5_min,4,0.3612220287322998,281.0,0.1566168190526525,478.0,0.23327924453685167,524.0,0.07346023401739117,192.0,0.0,701.5,-8.0,552.5,-203.0,724.0,0.0001007854955405794,443.0,487.0,50.0
TF:WPT_aaad_p2p,4,16.753314971923828,124.5,0.1886334227836586,350.5,0.2875080857208241,408.0,0.05430917098639805,571.5,0.0,701.5,-12.0,952.5,-1.0,226.5,8.721868901535426e-05,574.0,488.625,50.0
TIME:mean_peak_amp,4,0.023530468344688416,469.0,0.10985257346784598,626.0,0.16656500639621807,629.0,0.029526660010302148,743.0,0.0,701.5,-5.0,252.5,-1.0,226.5,0.00014849125103943395,293.0,492.5625,50.0
TF:WPT_dada_rel_energy,4,1.4259761149659766e-09,928.0,0.21689633795746802,132.0,0.35362507458689585,177.0,0.06197666633071007,359.0,290.0,111.0,-9.0,652.5,-201.0,722.5,6.000976781450317e-05,872.0,494.25,50.0
TIME:d1_std,4,0.009160357527434826,506.5,0.21658646237740176,149.0,0.341376434400277,250.0,0.060356794448334854,408.5,150.0,251.0,-11.0,852.5,-81.0,602.5,4.741381707506923e-05,935.0,494.375,50.0
TF:glcm_5_contrast_d1_a1,4,0.0413702167570591,440.5,0.18647718783412245,367.5,0.257128579511229,476.0,0.07505907396197087,176.5,0.0,701.5,-9.0,652.5,-37.0,558.5,8.523588072817672e-05,591.0,495.5,50.0
TF:WPT_dada_kurt,4,14.96567440032959,133.0,0.06349608958061856,770.0,0.11453421752561344,697.0,0.0036630239563892,927.0,0.0,701.5,-6.0,352.5,-1.0,226.5,0.00031704971664172407,181.0,498.5625,50.0
TF:WPT_daad_abs_mean,4,1.1928224921575747e-05,798.0,0.2180789324880239,96.0,0.3557075582072984,154.0,0.05850020974140902,476.0,203.0,198.0,-11.0,852.5,-71.0,592.0,6.415579596003565e-05,828.0,499.3125,50.0
TIME:env_kurt,4,18.002349853515625,121.0,0.04727950639080845,804.0,0.07795290802814403,767.0,0.07113529453991954,214.0,0.0,701.5,-7.0,452.5,-2.0,488.0,9.763337855458035e-05,482.0,503.75,50.0
TF:DWT_L4_tk_max,4,125.66956329345703,82.0,0.15732590623410403,476.0,0.2744911041167364,442.0,0.04353243831337185,685.0,0.0,701.5,-6.0,352.5,-76.0,597.5,7.558310901879117e-05,714.0,506.3125,50.0
TF:WPT_aada_min,4,0.9022399187088013,234.0,0.1828430083530151,375.0,0.2656530339925518,458.0,0.04531066915120137,675.0,0.0,701.5,-6.0,352.5,-139.0,660.0,8.058942928298677e-05,643.0,512.375,50.0
TIME:energy_centroid,4,0.7412621974945068,246.0,0.048875087406514424,800.0,0.10840125150959334,710.0,0.05935399773055517,449.0,0.0,701.5,-10.0,752.5,-1.0,226.5,0.00022493684517420004,219.0,513.0625,50.0
TF:WPT_adad_rel_energy,4,4.99997270253516e-07,878.0,0.2168336670875293,139.0,0.3417880456476641,247.0,0.061053863030231435,391.0,260.0,141.0,-11.0,852.5,-122.0,643.5,6.595818859867347e-05,815.0,513.375,50.0
TF:glcm_25_contrast_d2_a1,4,0.0413702167570591,440.5,0.18647718783412245,367.5,0.2573495788383888,474.0,0.07505907396197087,176.5,0.0,701.5,-9.0,652.5,-56.0,577.5,7.507003855259923e-05,722.0,514.0,50.0
TF:DWT_L6_kurt,4,33.287540435791016,106.0,0.05696692394948704,786.0,0.05532926731918053,820.0,0.006571520355120068,906.0,0.0,701.5,-5.0,252.5,-1.0,226.5,0.00013112552406790287,319.0,514.6875,50.0
TF:glcm_48_correlation_d3_a1,4,3.6494006963039283e-06,832.0,0.17799332926132924,396.0,0.2922851737495802,394.0,0.04796453580821258,653.0,0.0,701.5,-4.0,152.5,-28.0,549.0,0.00010004403942048819,447.0,515.625,50.0
SPAT:sp_q25,4,0.2468479871749878,308.0,0.05084946058337539,796.0,0.013266040195570206,911.0,0.07812083333332957,165.0,0.0,701.5,-6.0,352.5,-100.0,621.5,0.00014190342279819289,298.0,519.1875,50.0
TF:DWT_L0_rms,4,2.7095603942871094,200.0,0.17874576178417784,390.0,0.21514268873068954,570.0,0.07405522083554873,187.0,0.0,701.5,-10.0,752.5,-157.0,678.0,7.599013072485804e-05,706.0,523.125,50.0
TF:WPT_aada_entropy,4,0.08390010893344879,382.0,0.09141791369310764,676.0,0.07732738459274113,768.0,0.016446014893085708,841.0,0.0,701.5,-5.0,252.5,-1.0,226.5,0.00011559347928016546,366.0,526.6875,50.0
TF:WPT_adad_kurt,4,21.183914184570312,117.0,0.06028662608023981,780.0,0.06041435448772203,810.0,0.008761676744429533,896.0,0.0,701.5,-6.0,352.5,-1.0,226.5,0.00012338764554423962,337.0,527.5625,50.0
TF:WPT_adda_tk_std,4,0.045569732785224915,436.0,0.15859053596529116,470.0,0.29862343235381417,380.0,0.053684798750022404,584.0,0.0,701.5,-9.0,652.5,-105.0,626.0,0.00011178713199458865,386.0,529.5,50.0
TF:WPT_adda_p2p,4,2.647824764251709,202.5,0.1510428713237716,495.5,0.23486162898679375,522.0,0.0705924076338718,216.5,0.0,701.5,-12.0,952.5,-255.0,776.0,0.0001146175896277391,370.0,529.5625,50.0
TF:WPT_adaa_log_energy,4,0.44470205903053284,264.0,0.17692947475365972,400.0,0.22072186888976653,554.0,0.06377963069246896,325.0,0.0,701.5,-7.0,452.5,-376.0,897.0,7.416562451644427e-05,731.0,540.625,50.0
TF:glcm_69_entropy_d4_a1,4,0.0638667419552803,409.0,0.19513522370633607,316.0,0.3107004613295894,349.0,0.056785981701815244,528.0,38.0,363.0,-10.0,752.5,-190.0,711.5,5.356048370112544e-05,910.0,542.375,50.0
TIME:hist_b8,4,0.0033743216190487146,567.0,0.0684712768004852,752.0,0.07434774660566701,777.0,0.0790492987236366,158.0,0.0,701.5,-7.0,452.5,-2.0,488.0,9.870378870629135e-05,461.0,544.625,50.0
TF:Ef_p25,4,4.021717520960947e-28,956.0,0.0033571934287435572,926.0,0.22049261186267533,557.0,0.06540789340859637,284.0,0.0,701.5,-7.0,452.5,-1.0,226.5,0.00016436886452011394,268.0,546.4375,50.0
TF:WPT_adad_range,4,0.1534969061613083,346.5,0.1877349051709984,359.5,0.27736361410194954,435.0,0.061300075374768934,382.5,0.0,701.5,-9.0,652.5,-117.0,638.5,6.11973444216406e-05,864.0,547.5,50.0
TF:mod5_centroid,4,0.758884847164154,243.0,0.0773770267656347,727.0,0.07090857220959945,787.0,0.029465369881265382,745.0,0.0,701.5,-10.0,752.5,-1.0,226.5,0.0002102126542149788,227.0,551.1875,50.0
TF:DWT_L6_max,4,0.0019494802691042423,597.0,0.15852762516175428,471.0,0.24684966657843965,498.0,0.06211315265590558,358.0,0.0,701.5,-5.0,252.5,-227.0,748.0,6.692390602283152e-05,805.0,553.875,50.0
TF:WPT_dadd_tk_max,4,3.971052501583472e-05,769.0,0.17051727890328375,427.0,0.28164158400672035,421.0,0.044704318599529995,681.0,0.0,701.5,-7.0,452.5,-12.0,533.0,9.90062104575725e-05,456.0,555.125,50.0
TF:WPT_ddda_entropy,4,0.455214262008667,261.0,0.03295755104590537,829.0,0.013315699843825968,910.0,0.045825161325114015,666.0,0.0,701.5,-6.0,352.5,-2.0,488.0,0.0001860960760453218,243.0,556.375,50.0
TF:Ef_min,4,5.07656287815043e-30,959.0,0.00046155244739629384,954.0,0.30268201222077273,368.0,0.05730078511863683,514.0,97.0,304.0,-5.0,252.5,-234.0,755.0,0.00010766452642080272,410.0,564.5625,50.0
TF:WPT_ddad_rms,4,1.299682821809256e-06,848.0,0.21234613746197922,177.0,0.33153106501139273,292.0,0.06047790721140783,404.0,112.0,289.0,-12.0,952.5,-125.0,646.5,5.368755429246369e-05,908.0,564.625,50.0
TF:mod9_centroid,4,1.7707816362380981,216.0,0.09649692581791,662.0,0.066998081766104,797.0,0.029296981181615587,746.0,0.0,701.5,-11.0,852.5,-1.0,226.5,0.00012865739440964558,325.0,565.8125,50.0
TF:stft_p10,4,1.5189490963840934e-33,961.0,7.647787079904896e-06,957.0,0.0011200908187602998,967.0,0.05114789721327868,625.0,54.0,347.0,-5.0,252.5,-1.0,226.5,0.00014083090661115997,300.0,579.5,50.0
TF:mod10_spread,4,0.19074943661689758,328.0,0.06554137893445774,760.0,0.03909531275249467,857.0,0.01910848824770133,814.0,0.0,701.5,-8.0,552.5,-1.0,226.5,0.00010692688939695348,412.0,581.4375,50.0
TF:mod4_centroid,4,0.7520297765731812,244.0,0.07607917742377368,731.0,0.07208108783382627,783.0,0.01816524728286179,821.0,0.0,701.5,-11.0,852.5,-1.0,226.5,0.00014396712690654473,297.0,582.0625,50.0
TF:mod6_centroid,4,0.7496942281723022,245.0,0.07641185310249404,730.0,0.06881764818286262,793.0,0.021116123067051722,797.0,0.0,701.5,-11.0,852.5,-1.0,226.5,0.00010947588150470238,399.0,593.0625,50.0
TIME:p5,4,0.010894278064370155,496.0,0.0389651863420345,818.0,0.0981096749466639,727.0,0.03394574403157526,726.0,0.0,701.5,-6.0,352.5,-114.0,635.5,0.00010989943138045741,396.0,606.5625,50.0
TF:mod8_centroid,4,1.0347282886505127,229.0,0.046647090764742265,806.0,0.03120062783987354,877.0,0.016556739940035443,839.0,0.0,701.5,-11.0,852.5,-1.0,226.5,0.00011424495685138302,373.0,613.0625,50.0
TF:Ef_peak_freq,3,148949.40625,30.0,0.11515878214465596,604.0,0.22486372470119464,545.0,0.05339268292682925,588.0,0.0,701.5,-9.0,652.5,-1.0,226.5,0.0004374985042212532,122.0,433.6875,37.5
FREQ:hist_b28,3,0.0010410698596388102,633.0,0.14042068703438304,533.0,0.281407899897697,422.0,0.09034907282908297,103.0,0.0,701.5,-8.0,552.5,-1.0,226.5,8.857415790063987e-05,557.0,466.0625,37.5
TIME:clearance_factor,3,3.460421562194824,183.5,0.08859822344752911,683.0,0.11399338798974767,701.0,0.1059974020413579,63.5,0.0,701.5,-9.0,652.5,-1.0,226.5,8.951120864810737e-05,549.0,470.0625,37.5
TF:DWT_L1_zcr,3,0.003668750636279583,564.0,0.1423862217952443,519.0,0.1385912519421173,667.0,0.042763091452772475,690.0,58.0,343.0,-9.0,652.5,-1.0,226.5,0.0004497349817083345,116.0,472.25,37.5
TF:WPT_adda_min,3,0.7131192088127136,248.0,0.14550496405223878,512.0,0.21523076954281883,568.0,0.06654159915710509,261.0,0.0,701.5,-4.0,152.5,-211.0,732.0,8.227170817681829e-05,628.0,475.375,37.5
TF:WPT_dada_max,3,0.0015382857527583838,611.0,0.20113282464929919,232.0,0.30199746776362435,372.0,0.051688946011911936,615.0,0.0,701.5,-4.0,152.5,-103.0,624.0,9.386414458526429e-05,517.0,478.125,37.5
FREQ:cepstral_5,3,0.0022373839747160673,591.0,0.12853529950477371,564.0,0.11675655037930843,693.0,0.04693863616057793,659.0,0.0,701.5,-4.0,152.5,-1.0,226.5,0.00012184088562461485,349.0,492.0625,37.5
TF:DWT_L3_log_energy,3,0.3032791316509247,299.5,0.19617046404681948,292.5,0.3368466872942566,270.0,0.05464078014996586,562.5,0.0,701.5,-9.0,652.5,-56.0,577.5,8.446834194374657e-05,603.0,494.875,37.5
TF:WPT_dadd_tk_std,3,5.824668960485724e-07,872.0,0.2122225331454647,179.0,0.3388508193034494,261.0,0.05403102009120586,579.0,185.0,216.0,-8.0,552.5,-2.0,488.0,6.627049963726966e-05,813.0,495.0625,37.5
FREQ:cepstral_4,3,0.0038423831574618816,562.0,0.11812377874909326,592.0,0.14868768597278148,648.0,0.05277359834308811,597.0,0.0,701.5,-5.0,252.5,-1.0,226.5,0.00011198054206870776,383.0,495.3125,37.5
TIME:ssc_rate,3,9.47438893490471e-05,747.0,0.13176336228724986,548.0,0.1704330933391116,623.0,0.029521315154179835,744.0,0.0,701.5,-4.0,152.5,-1.0,226.5,0.00019370148179809934,238.0,497.5625,37.5
TF:glcm_3_correlation_d1_a0,3,5.100037014926784e-07,877.0,0.1686665361454843,435.0,0.22045682907952457,558.0,0.03719205107633784,711.0,382.0,19.0,-3.0,52.5,-294.0,815.0,9.19039248376967e-05,531.0,499.8125,37.5
FREQ:cepstral_6,3,0.0007766676717437804,657.0,0.14389720085785418,516.0,0.1526025074838131,641.0,0.03994866800809937,694.0,0.0,701.5,-6.0,352.5,-1.0,226.5,0.00019695292922495202,236.0,503.0625,37.5
SPAT:st_direction,3,0.005226522218436003,551.0,0.016204005472062872,860.0,0.19422822291577635,591.0,0.10059223628701021,75.0,0.0,701.5,-10.0,752.5,-1.0,226.5,0.00016415213062054255,271.0,503.5625,37.5
TF:WPT_dada_range,3,0.005837217438966036,539.5,0.2065581241279116,207.5,0.3127732252214819,344.0,0.052278432889136084,605.5,34.0,367.0,-10.0,752.5,-50.0,571.5,8.018826757261294e-05,650.0,504.6875,37.5
TF:DWT_L5_p2p,3,1.3881787061691284,222.5,0.15965829873522008,466.5,0.23252505146237645,526.0,0.07635636376965406,172.5,0.0,701.5,-8.0,552.5,-114.0,635.5,6.87438249796977e-05,786.0,507.875,37.5
FREQ:peak2_freq,3,65469.2890625,35.0,0.08692795408200041,693.0,0.1849709930313974,601.0,-0.004194884428223856,1000.0,0.0,701.5,-10.0,752.5,-1.0,226.5,0.0006693511012593612,73.0,510.3125,37.5
FREQ:spec_rolloff,3,61824.57421875,37.0,0.06876070697744173,750.0,0.19650878596473476,586.0,0.03423935509421372,724.0,0.0,701.5,-5.0,252.5,-1.0,226.5,6.629933471795265e-05,812.0,511.1875,37.5
TF:glcm_62_homogeneity_d4_a0,3,0.0003289271844550967,704.0,0.19518166391630076,315.0,0.2912176195012832,399.0,0.05326166287185969,591.0,0.0,701.5,-4.0,152.5,-45.0,566.5,7.918113345405405e-05,660.0,511.1875,37.5
TF:WPT_aaaa_tk_max,3,6891.26806640625,48.0,0.06048644699030395,778.0,0.08341911288835924,749.0,0.04771285506522519,655.0,0.0,701.5,-6.0,352.5,-1.0,226.5,8.609701599162343e-05,583.0,511.6875,37.5
TF:divergence_mean,3,0.010136296972632408,501.0,0.09368271578326853,672.0,0.16907486198548227,625.0,0.037423946988589606,708.0,0.0,701.5,-8.0,552.5,-1.0,226.5,0.00046741180615020246,112.0,512.3125,37.5
TF:WPT_dddd_min,3,0.0005833454197272658,669.0,0.15034224745718683,499.0,0.22205268380744236,547.0,0.07422186309924268,186.0,0.0,701.5,-4.0,152.5,-208.0,729.0,7.887550366596797e-05,662.0,518.25,37.5
FREQ:ratio_low_high,3,2152.490966796875,62.0,0.083333352768652,708.0,0.34214639719163475,243.0,0.016730568932440567,836.0,0.0,701.5,-8.0,552.5,-125.0,646.5,0.00010904438395552968,401.0,518.8125,37.5
TF:DWT_L5_range,3,1.3881787061691284,222.5,0.15965829873522008,466.5,0.23252524793853135,525.0,0.07635636376965406,172.5,0.0,701.5,-8.0,552.5,-207.0,728.0,6.84051982184966e-05,790.0,519.8125,37.5
TF:WPT_dadd_min,3,0.0012646120740100741,627.0,0.19615474375406525,294.0,0.27466508797688016,441.0,0.051329298426164426,623.0,0.0,701.5,-8.0,552.5,-2.0,488.0,9.911282686664862e-05,454.0,522.625,37.5
TIME:burst_mean_gap,3,10301.9013671875,47.0,0.0869058112887742,694.0,0.21194755068210247,575.0,0.014133141411858424,862.0,0.0,701.5,-7.0,452.5,-1.0,226.5,8.109543055561557e-05,635.0,524.1875,37.5
TF:WPT_aaad_log_energy,3,0.3032791316509247,299.5,0.19617046404681948,292.5,0.3367702928903875,272.0,0.05464078014996586,562.5,0.0,701.5,-9.0,652.5,-37.0,558.5,6.126218684503296e-05,862.0,525.125,37.5
TIME:seg_energy_1,3,0.0036104561295360327,565.0,0.042308438221935786,811.0,0.19074767297362616,595.0,0.036432412679631945,713.0,0.0,701.5,-6.0,352.5,-1.0,226.5,0.000178280457689371,252.0,527.0625,37.5
TF:WPT_addd_p2p,3,0.6475923657417297,254.5,0.1990067821563605,275.5,0.2961193348517668,387.0,0.05232612419662246,603.5,0.0,701.5,-9.0,652.5,-2.0,488.0,6.125054996050323e-05,863.0,528.1875,37.5
TF:WPT_aaaa_tk_std,3,22.36520004272461,113.0,0.05852884080912879,782.0,0.16325921224077478,632.0,0.04527788055453171,676.0,0.0,701.5,-5.0,252.5,-2.0,488.0,8.56509894093766e-05,588.0,529.125,37.5
FREQ:cepstral_3,3,0.0014888527803122997,616.0,0.12155635453893893,586.0,0.11059134905874535,703.0,0.04359975848856209,684.0,0.0,701.5,-6.0,352.5,-1.0,226.5,0.00010090307482453922,441.0,538.8125,37.5
TF:WPT_aadd_kurt,3,18.479711532592773,120.0,0.0678058216433442,753.0,0.11515306567962025,696.0,0.0037053711819028967,926.0,0.0,701.5,-10.0,752.5,-1.0,226.5,0.0003722632593690684,142.0,539.6875,37.5
TF:WPT_aada_max,3,0.8773587346076965,236.0,0.18517707180476084,371.0,0.25945484965537613,472.0,0.04517059800001731,677.0,0.0,701.5,-8.0,552.5,-124.0,645.0,7.836459729290323e-05,667.0,540.25,37.5
TF:WPT_dada_tk_max,3,5.396987035055645e-05,761.0,0.18738966438714644,363.0,0.2972250777643981,386.0,0.05273816148474996,598.0,0.0,701.5,-6.0,352.5,-6.0,527.0,7.847569773588011e-05,665.0,544.25,37.5
TF:DWT_L5_kurt,3,38.66901779174805,104.0,0.0524364337042469,793.0,0.03991441437762422,855.0,0.008812598287725768,895.0,0.0,701.5,-5.0,252.5,-1.0,226.5,8.982786013997866e-05,546.0,546.6875,37.5
TF:WPT_aada_tk_max,3,27.904958724975586,110.0,0.12560813904333223,571.0,0.2591570949454076,473.0,0.035898264807550345,715.0,0.0,701.5,-5.0,252.5,-190.0,711.5,6.243620269227315e-05,847.0,547.6875,37.5
TIME:max,3,1.0319316387176514,230.0,0.08153905880088785,714.0,0.0868456483688762,744.0,0.07918096828191304,153.5,0.0,701.5,-9.0,652.5,-15.0,536.5,7.881328046016008e-05,663.0,549.375,37.5
TF:WPT_ddaa_log_energy,3,0.6984214782714844,250.0,0.14774788999928867,506.0,0.14907646365657357,645.0,0.07293880940994915,200.0,0.0,701.5,-5.0,252.5,-379.0,900.0,4.2758407602433975e-05,941.0,549.5,37.5
TF:WPT_aada_p2p,3,3.131866455078125,194.5,0.1961490180220956,295.5,0.27267641110699525,444.0,0.04839572912121687,648.5,0.0,701.5,-10.0,752.5,-45.0,566.5,6.357136363306118e-05,837.0,555.0,37.5
TF:WPT_dddd_max,3,0.0005859195371158421,668.0,0.14957112751924295,500.0,0.22090018607579998,553.0,0.0666152344999444,258.0,0.0,701.5,-5.0,252.5,-306.0,827.0,7.68778817958523e-05,691.0,556.375,37.5
TF:glcm_33_correlation_d2_a2,3,2.419152679067338e-06,839.0,0.16620832286188045,444.0,0.2762428730837496,438.0,0.05624941092203444,540.0,0.0,701.5,-5.0,252.5,-37.0,558.5,7.77093152460582e-05,678.0,556.4375,37.5
TIME:hist_b6,3,0.004253990948200226,557.0,0.04430941222799127,808.0,0.049148740325208884,833.0,0.07262261711954918,203.0,0.0,701.5,-5.0,252.5,-151.0,672.0,0.00010278295260680918,430.0,557.125,37.5
TIME:seg_energy_2,3,0.0032456177286803722,573.0,0.03142540587830377,832.0,0.18567074400450156,599.0,0.026791850566628764,756.0,0.0,701.5,-7.0,452.5,-1.0,226.5,0.00012817085274054985,327.0,558.4375,37.5
TF:WPT_aada_range,3,3.131866455078125,194.5,0.1961490180220956,295.5,0.2726480915661704,445.0,0.04839572912121687,648.5,0.0,701.5,-10.0,752.5,-166.0,687.0,6.958503070831804e-05,778.0,562.8125,37.5
TF:glcm_73_correlation_d4_a2,3,4.89892227051314e-06,826.0,0.1742968941281463,417.0,0.2837436205671344,416.0,0.05362091239348801,586.0,0.0,701.5,-7.0,452.5,-61.0,582.0,9.068568248061207e-05,539.0,565.0,37.5
TF:WPT_aada_kurt,3,16.026227951049805,128.0,0.061366402361267176,775.0,0.053070893100605865,823.0,0.0030518006337170414,931.0,0.0,701.5,-6.0,352.5,-1.0,226.5,8.583373814994068e-05,587.0,565.5625,37.5
TF:DWT_L6_min,3,0.0019110717112198472,598.0,0.1596989548533313,464.0,0.22959073458260004,531.0,0.0724092817078527,204.0,0.0,701.5,-7.0,452.5,-196.0,717.0,6.131678081131226e-05,860.0,566.0,37.5
TF:WPT_dadd_max,3,0.0012717267964035273,626.0,0.19607095410578487,299.0,0.280364688035426,425.0,0.04573234118993244,668.0,0.0,701.5,-6.0,352.5,-100.0,621.5,6.232511381347805e-05,850.0,567.9375,37.5
FREQ:cepstral_8,3,0.00035461338120512664,700.0,0.09936958430429807,656.0,0.0683896896731655,794.0,0.042087126188467404,691.0,0.0,701.5,-4.0,152.5,-2.0,488.0,0.00010833989669025394,406.0,573.625,37.5
TF:mod3_centroid,3,0.7343947887420654,247.0,0.07319737726694185,744.0,0.0635131619499183,801.0,0.019474117640675196,809.0,0.0,701.5,-10.0,752.5,-1.0,226.5,0.0001359173724837552,309.0,573.8125,37.5
TF:WPT_adda_entropy,3,0.1862805336713791,331.0,0.05654539329136902,787.0,0.023110891377384757,887.0,0.03783052727352349,706.0,0.0,701.5,-4.0,152.5,-37.0,558.5,9.810864461820811e-05,471.0,574.3125,37.5
TF:DWT_L0_skew,3,1.1402056217193604,227.0,0.02415370183149605,846.0,0.08825129143408939,739.0,0.07896070141528456,160.0,0.0,701.5,-8.0,552.5,-250.0,771.0,8.477382308336464e-05,599.0,574.5,37.5
TF:WPT_adda_range,3,2.647824764251709,202.5,0.1510428713237716,495.5,0.23485384770643325,523.0,0.0705924076338718,216.5,0.0,701.5,-12.0,952.5,-246.0,767.5,7.24485670171363e-05,746.0,575.625,37.5
TF:WPT_daad_entropy,3,0.12896199524402618,359.0,0.07883557026307644,722.0,0.048188909704501626,837.0,0.02240083019667811,789.0,0.0,701.5,-5.0,252.5,-1.0,226.5,7.351439117829166e-05,738.0,578.1875,37.5
TF:glcm_58_correlation_d3_a3,3,3.5766706787399016e-06,833.0,0.1781755979691403,394.0,0.28889650929166244,405.0,0.046453340641660186,663.0,0.0,701.5,-6.0,352.5,-21.0,542.5,7.365932790553627e-05,737.0,578.5625,37.5
TF:lbp_b3,3,4.990904017176945e-06,824.0,0.1102110941008661,622.0,0.10305517124801788,717.0,0.03694756141998653,712.0,0.0,701.5,-7.0,452.5,-1.0,226.5,0.00011249659522845226,380.0,579.4375,37.5
TIME:seg_energy_7,3,0.002911339746788144,582.0,0.02744357018959348,841.0,0.18419136536754976,604.0,0.01830867773075883,819.0,0.0,701.5,-7.0,452.5,-1.0,226.5,0.00010231982289556384,435.0,582.6875,37.5
TIME:burst_occupancy,3,0.0003560207551345229,699.0,0.053999657665256655,791.0,0.060135135365697145,811.0,0.081536427460666,139.0,0.0,701.5,-8.0,552.5,-133.0,654.0,0.00012316581909842817,338.0,585.75,37.5
TF:glcm_13_correlation_d1_a2,3,6.191788770593121e-07,869.0,0.16156597468140366,457.0,0.24748309896471765,496.0,0.0502146539790782,638.0,0.0,701.5,-4.0,152.5,-162.0,683.0,7.632222841335891e-05,700.0,587.125,37.5
SPAT:sp_grad_energy,3,2.890359915158666e-36,964.0,1.4371600014821622e-07,958.0,0.005695542037835288,940.0,0.010893794038922655,884.0,0.0,701.5,-3.0,52.5,-1.0,226.5,0.005644927535102278,7.0,591.6875,37.5
TF:WPT_dddd_tk_std,3,1.8410869273566277e-08,914.0,0.16671761083747694,443.0,0.29127644551117715,398.0,0.06081342439545515,394.0,0.0,701.5,-10.0,752.5,-97.0,618.5,9.239868295877935e-05,530.0,593.9375,37.5
TIME:skew,3,0.16754676401615143,341.0,0.07573424261334297,734.0,0.05743034230660271,815.0,0.04844765405713921,647.0,0.0,701.5,-4.0,152.5,-174.0,695.0,7.683054432907363e-05,693.0,597.375,37.5
TF:WPT_daaa_std,3,2.534152372390963e-06,837.0,0.17862167800309592,391.0,0.27964310966397044,427.0,0.07280593971526961,202.0,0.0,701.5,-11.0,852.5,-184.0,705.0,7.789997105831998e-05,675.0,598.875,37.5
TF:WPT_adaa_kurt,3,2458.11767578125,61.0,0.010671472565537991,871.0,0.01226321564930366,913.0,0.06729374860176704,252.0,0.0,701.5,-5.0,252.5,-372.0,893.0,6.183105275052304e-05,855.0,599.875,37.5
TF:WPT_daad_tk_std,3,3.574177043219606e-08,910.0,0.16836243477118906,436.0,0.2934321189127984,389.0,0.045761841642797146,667.0,0.0,701.5,-8.0,552.5,-176.0,697.0,9.876532244377999e-05,458.0,601.375,37.5
TF:WPT_aaaa_skew,3,0.4479717016220093,263.0,0.048429606810127576,801.0,0.03372589349414845,870.0,0.07749071152497974,170.0,0.0,701.5,-7.0,452.5,-292.0,813.5,7.09948180142487e-05,760.0,603.9375,37.5
TF:DWT_L5_zcr,3,9.858391422312707e-05,746.0,0.07893479730825158,721.0,0.05994560570312801,812.0,0.02904324462374174,748.0,25.0,376.0,-10.0,752.5,-1.0,226.5,9.847786334725817e-05,467.0,606.125,37.5
TF:WPT_adaa_skew,3,43.98711013793945,101.0,0.00202459508119999,943.0,0.006350144674288405,934.0,0.06676949313984411,256.0,0.0,701.5,-5.0,252.5,-405.0,926.5,6.570306018126622e-05,816.0,616.3125,37.5
TF:WPT_daaa_rms,3,2.53814687312115e-06,836.0,0.17858974417663456,392.0,0.2778806652789898,430.0,0.07283283698411734,201.0,0.0,701.5,-11.0,852.5,-154.0,675.5,6.243611172846347e-05,848.0,617.0625,37.5
TF:WPT_adaa_min,3,0.1419418603181839,353.0,0.08828077679868956,686.0,0.11652265761905056,694.0,0.06252457100923772,351.0,0.0,701.5,-6.0,352.5,-383.0,904.0,5.4824347441151454e-05,900.0,617.75,37.5
TF:WPT_daaa_entropy,3,3.3348824977874756,187.0,0.004293223789161562,916.0,0.007745513220745348,926.0,0.05087789725928183,629.0,0.0,701.5,-6.0,352.5,-251.0,772.0,9.751418199675185e-05,485.0,621.125,37.5
TF:mod7_centroid,3,0.7725088000297546,242.0,0.038831479454575914,820.0,0.039136041585111414,856.0,0.01408563028947464,863.0,0.0,701.5,-10.0,752.5,-1.0,226.5,9.125786762810877e-05,534.0,624.4375,37.5
TF:WPT_dddd_entropy,3,0.1478222757577896,348.0,0.06263792816422159,772.0,0.038634855360606846,859.0,0.040059793634200466,693.0,0.0,701.5,-6.0,352.5,-2.0,488.0,6.727005766057819e-05,802.0,627.0,37.5
TF:glcm_28_correlation_d2_a1,3,8.460645517516241e-07,859.5,0.17658173034739988,402.5,0.24866211771791003,492.0,0.04551693681674296,672.5,0.0,701.5,-7.0,452.5,-197.0,718.5,7.368154463895027e-05,736.0,629.375,37.5
TF:glcm_8_correlation_d1_a1,3,8.460645517516241e-07,859.5,0.17658173034739988,402.5,0.24957389444898848,491.0,0.04551693681674296,672.5,0.0,701.5,-7.0,452.5,-224.0,745.0,7.420898992927549e-05,730.0,631.8125,37.5
TF:WPT_adaa_entropy,3,2.73403000831604,199.0,0.00657004536944162,894.0,0.0043870660206635215,948.0,0.06326715710533568,337.0,0.0,701.5,-4.0,152.5,-390.0,911.5,4.9946074260576325e-05,927.0,633.8125,37.5
TF:mod5_entropy,3,0.005989057943224907,533.0,0.06351686430578053,769.0,0.05276208322310749,824.0,0.015407702547099824,850.0,0.0,701.5,-11.0,852.5,-1.0,226.5,0.00011689993969927241,361.0,639.6875,37.5
TIME:p95,3,0.011679982766509056,492.0,0.04953939928806091,798.0,0.11413859472131715,699.0,0.029782192952748067,740.0,0.0,701.5,-8.0,552.5,-261.0,782.0,0.00011233839982391045,382.0,643.375,37.5
TF:mod6_entropy,3,0.0058912187814712524,537.0,0.06355315151288427,768.0,0.043525043241384065,847.0,0.012571880448404772,872.0,0.0,701.5,-10.0,752.5,-1.0,226.5,0.00010067809557605515,444.0,643.5625,37.5
TF:DWT_L2_skew,3,0.08277031779289246,387.0,0.00638254459100129,898.0,0.04236249954623572,850.0,0.0003742357986994292,942.0,0.0,701.5,-7.0,452.5,-241.0,762.0,9.079971911411256e-05,538.0,691.375,37.5
TF:DWT_L4_skew,3,0.01629752106964588,478.0,0.010646384981556144,872.0,0.015026247823854977,902.0,-0.000734773630657592,989.0,0.0,701.5,-6.0,352.5,-272.0,793.0,9.607466012608922e-05,500.0,698.5,37.5
TF:DWT_L1_skew,3,0.12783250212669373,361.0,0.011428690605964052,869.0,0.04787973569566173,840.0,0.003638414986919824,928.0,0.0,701.5,-7.0,452.5,-201.0,722.5,7.408695123906413e-05,732.0,700.8125,37.5
TF:DWT_L0_mean,3,0.2164744734764099,315.0,0.002232484696368977,937.0,0.03386624605556765,868.0,0.06969724599937178,224.0,0.0,701.5,-12.0,952.5,-356.0,877.5,7.186247001785394e-05,750.0,703.1875,37.5
TF:DWT_L2_mean,3,0.011322049424052238,494.0,0.003492482601554653,925.0,0.06133008604437995,808.0,0.019268624696443012,812.0,0.0,701.5,-10.0,752.5,-297.0,818.0,9.976803359533623e-05,451.0,720.25,37.5
TF:mod5_spread,3,0.13976319134235382,357.0,0.009431632921755041,877.0,0.0026892156504008113,958.0,0.0023994559825902067,933.0,0.0,701.5,-11.0,852.5,-328.0,849.5,0.00011253146143266093,378.0,738.3125,37.5
TF:DWT_L5_tk_max,2,3.7499022483825684,180.0,0.10805795947338213,632.0,0.20019363957479586,584.0,0.05531960221551696,555.0,0.0,701.5,-4.0,152.5,-236.0,757.0,7.810732811752237e-05,672.0,529.25,25.0
TF:DWT_L6_p2p,2,0.007181921042501926,519.5,0.16497281386678173,448.5,0.24119688155085317,509.0,0.07360099941181936,189.5,0.0,701.5,-9.0,652.5,-165.0,686.0,8.964212121141568e-05,548.0,531.8125,25.0
TF:WPT_ddda_max,2,0.007149545010179281,522.0,0.1246995687385119,580.0,0.1872374593669277,597.0,0.06746427568951628,248.0,0.0,701.5,-4.0,152.5,-288.0,809.0,7.58675650973508e-05,709.0,539.875,25.0
TF:coherence_mean,2,0.00019228848395869136,729.0,0.13153329485421436,549.0,0.17774255295930486,612.0,0.039217645170123314,696.0,0.0,701.5,-10.0,752.5,-1.0,226.5,0.0005614336154769498,93.0,544.9375,25.0
TF:WPT_ddda_min,2,0.007168572396039963,521.0,0.12444501915622072,581.0,0.18520606674214246,600.0,0.06822460480055985,243.0,0.0,701.5,-6.0,352.5,-270.0,791.0,8.242264679607477e-05,627.0,552.125,25.0
TF:WPT_daad_min,2,0.0005887861480005085,666.0,0.1384476877933797,538.0,0.2370223467602255,521.0,0.04892182843759564,646.0,0.0,701.5,-6.0,352.5,-86.0,607.5,9.845829800937375e-05,469.0,562.6875,25.0
TF:DWT_L6_range,2,0.007181921042501926,519.5,0.16497281386678173,448.5,0.24117420738145334,510.0,0.07360099941181936,189.5,0.0,701.5,-9.0,652.5,-213.0,734.5,7.194822571243196e-05,749.0,563.125,25.0
TF:WPT_dddd_p2p,2,0.0021198363974690437,593.5,0.15750153718031212,474.5,0.2249835901566697,544.0,0.07310405427765293,198.5,0.0,701.5,-8.0,552.5,-199.0,720.0,6.983483296447465e-05,776.0,570.0625,25.0
TIME:activity_factor,2,0.00032128789462149143,705.0,0.11553699326696086,601.0,0.17495937849410392,617.0,0.03147817858164327,735.0,0.0,701.5,-7.0,452.5,-1.0,226.5,8.858952738746497e-05,556.0,574.3125,25.0
TF:WPT_adda_tk_max,2,12.941043853759766,135.0,0.11067624716945584,619.0,0.21589840092428503,566.0,0.05366867854294746,585.0,0.0,701.5,-7.0,452.5,-310.0,831.5,7.600454898261968e-05,705.0,574.4375,25.0
TF:WPT_daad_max,2,0.0006060029263608158,664.0,0.13744191278999243,541.0,0.24131545536237642,508.0,0.029545674197075236,742.0,0.0,701.5,-5.0,252.5,-183.0,704.0,9.76033126455703e-05,483.0,574.5,25.0
TF:WPT_adad_tk_max,2,0.12445510178804398,365.0,0.11311490506026474,612.0,0.23186058493570316,529.0,0.03520497511755981,716.0,0.0,701.5,-5.0,252.5,-178.0,699.0,7.469844687010977e-05,725.0,575.0,25.0
TIME:max_peak_amp,2,1.0318471193313599,231.0,0.08152110201940904,715.0,0.08690946307854697,743.0,0.07918096828191304,153.5,0.0,701.5,-9.0,652.5,-9.0,530.0,5.720439341495393e-05,891.0,577.1875,25.0
TF:WPT_daad_p2p,2,0.0015442207222804427,609.5,0.17158869745677574,425.5,0.24508118925982503,502.0,0.0586582234212252,469.5,0.0,701.5,-9.0,652.5,-186.0,707.0,8.672099215562945e-05,579.0,580.8125,25.0
TF:hog_b0,2,2.725165177253075e-05,781.0,0.07760186692478843,726.0,0.06141029022232969,807.0,0.004689487265973445,918.0,367.0,34.0,-8.0,552.5,-1.0,226.5,8.392518459858919e-05,610.0,581.875,25.0
TF:lbp_b30,2,3.148690893794992e-06,834.0,0.12739808024618463,566.0,0.14136977127095607,661.0,0.03904849029925317,698.0,0.0,701.5,-9.0,652.5,-1.0,226.5,0.00012477881311214007,336.0,584.4375,25.0
TIME:hist_b4,2,0.0032931871246546507,570.0,0.04917097055086658,799.0,0.05071878672534291,826.0,0.06524188775635374,293.0,0.0,701.5,-4.0,152.5,-260.0,781.0,8.838546769762153e-05,561.0,585.5,25.0
FREQ:spec_spread,2,27911.08984375,41.0,0.0334444564756719,828.0,0.04861750844885604,836.0,0.03454705352031031,722.0,0.0,701.5,-4.0,152.5,-204.0,725.5,7.766174444040301e-05,682.0,586.0625,25.0
TF:WPT_dddd_range,2,0.0021198363974690437,593.5,0.15750153718031212,474.5,0.22498435373912917,543.0,0.07310405427765293,198.5,0.0,701.5,-8.0,552.5,-219.0,740.0,5.455581495143221e-05,903.0,588.3125,25.0
TF:hog_b15,2,2.916821358667221e-05,775.0,0.07495075715806161,738.0,0.04915085611712344,832.0,0.01802306766934477,822.0,353.0,48.0,-10.0,752.5,-1.0,226.5,9.262764977910577e-05,528.0,590.25,25.0
TF:mod2_entropy,2,0.006617284379899502,528.0,0.07322460425344922,743.0,0.057687411779826725,814.0,0.02082488077465704,798.0,0.0,701.5,-8.0,552.5,-1.0,226.5,0.00011810062211515435,359.0,590.3125,25.0
TIME:seg_energy_8,2,0.003308376530185342,569.0,0.02890477632233233,838.0,0.19464110207071972,590.0,0.021955070721725846,792.0,0.0,701.5,-10.0,752.5,-1.0,226.5,0.00016892941156774466,261.0,591.3125,25.0
FREQ:hist_b27,2,0.0005800346261821687,670.0,0.13791412377778736,540.0,0.13965276204923072,663.0,0.05695548840512105,525.0,0.0,701.5,-7.0,452.5,-188.0,709.0,9.798404801870627e-05,473.0,591.75,25.0
TF:DWT_L6_zcr,2,3.458363426034339e-05,773.0,0.0861583967813449,698.0,0.06373031183232536,800.0,0.016353205692488312,842.0,103.0,298.0,-8.0,552.5,-1.0,226.5,8.831947048561681e-05,563.0,594.125,25.0
TF:WPT_adaa_range,2,0.2587076723575592,304.5,0.13023749416642996,555.5,0.142054888556002,659.0,0.07987236249640815,148.5,0.0,701.5,-11.0,852.5,-264.0,785.0,7.149911433287761e-05,754.0,595.0625,25.0
TF:mod1_entropy,2,0.008411278016865253,512.0,0.08747002399265619,689.0,0.07565146120753852,773.0,0.028158781002918538,753.0,0.0,701.5,-11.0,852.5,-1.0,226.5,0.00013195655250860416,318.0,603.1875,25.0
TF:WPT_ddda_kurt,2,255.07437133789062,78.0,0.012951237821249071,864.0,0.0104836845812053,918.0,0.031266329380305775,738.0,0.0,701.5,-5.0,252.5,-111.0,632.0,8.041844405437694e-05,648.0,604.0,25.0
TF:WPT_adaa_max,2,0.1475071758031845,349.0,0.08587875039694369,699.0,0.11441402867854711,698.0,0.05212226336896633,608.0,0.0,701.5,-6.0,352.5,-371.0,892.0,9.037924003976868e-05,542.0,605.25,25.0
TF:lbp_b8,2,6.1568493947561365e-06,821.0,0.17022376348906368,431.0,0.18492907158198424,602.0,0.03867436468484258,700.0,0.0,701.5,-7.0,452.5,-89.0,610.0,9.068266216563145e-05,540.0,607.25,25.0
FREQ:hist_b25,2,0.046844836324453354,434.0,0.10607726890646361,636.0,0.16587573629528762,630.0,0.04484632244611725,679.0,0.0,701.5,-8.0,552.5,-289.0,810.0,0.0001052676164186183,417.0,607.5,25.0
TIME:seg_energy_3,2,0.003196996869519353,574.0,0.027709213661098613,840.0,0.17573584953012045,613.0,0.02180423017003877,793.0,0.0,701.5,-7.0,452.5,-1.0,226.5,7.909917006714564e-05,661.0,607.6875,25.0
TF:WPT_daaa_energy,2,3.477124482742511e-05,771.0,0.14175584790619183,524.0,0.27781789584405026,432.0,0.0610895331847145,389.0,0.0,701.5,-9.0,652.5,-134.0,655.5,7.230466971686263e-05,747.0,609.0625,25.0
FREQ:hist_b26,2,0.015416097827255726,485.0,0.09637426804806071,663.0,0.09600354609277906,730.0,0.01657102220584174,837.0,0.0,701.5,-5.0,252.5,-167.0,688.0,9.290795881275556e-05,525.0,610.25,25.0
TF:WPT_daaa_var,2,1.2918172087594826e-10,936.0,0.14179692380997932,522.0,0.27957547029310126,428.0,0.06109822245093418,388.0,0.0,701.5,-9.0,652.5,-163.0,684.5,8.77922767893453e-05,570.0,610.3125,25.0
TF:glcm_53_correlation_d3_a2,2,4.1655312088551e-06,830.0,0.1702532980762458,430.0,0.2875690178824639,407.0,0.05713784062571678,519.0,0.0,701.5,-8.0,552.5,-156.0,677.0,6.984423528423597e-05,775.0,611.5,25.0
TF:hog_b8,2,2.7178917662240565e-05,782.0,0.1054692159815523,637.0,0.10055500689895336,723.0,0.032369544746467686,732.0,0.0,701.5,-9.0,652.5,-1.0,226.5,9.977933321006954e-05,450.0,613.0625,25.0
TIME:hist_b11,2,0.0018595048459246755,600.0,0.06432397504348648,766.0,0.047465673956897714,842.0,0.07118091727282327,212.0,0.0,701.5,-5.0,252.5,-182.0,703.0,6.385474336841412e-05,833.0,613.75,25.0
TF:WPT_daad_range,2,0.0015442207222804427,609.5,0.17158869745677574,425.5,0.24507197998214014,503.0,0.0586582234212252,469.5,0.0,701.5,-9.0,652.5,-230.0,751.5,6.75662294990445e-05,798.0,613.875,25.0
TF:hog_b6,2,1.3619463970826473e-05,796.0,0.06034297663213985,779.0,0.045491278768524435,845.0,0.004197898973375901,921.0,258.0,143.0,-9.0,652.5,-1.0,226.5,8.832933113422705e-05,562.0,615.625,25.0
TF:WPT_adaa_std,2,0.0007337999413721263,661.0,0.15377800152787502,485.0,0.22154731788800897,549.0,0.08302013007385589,133.0,0.0,701.5,-12.0,952.5,-262.0,783.5,7.700322994991675e-05,690.0,619.4375,25.0
TF:WPT_adaa_p2p,2,0.2587076723575592,304.5,0.13023749416642996,555.5,0.14205624802953176,658.0,0.07987236249640815,148.5,0.0,701.5,-11.0,852.5,-375.0,896.0,5.9484921638646296e-05,875.0,623.9375,25.0
TF:WPT_daaa_tk_max,2,6.870239843692616e-08,906.0,0.10335494754258599,644.0,0.17533591254623726,614.0,0.0346225298511642,721.0,0.0,701.5,-5.0,252.5,-254.0,775.0,0.00010973851434046169,397.0,626.375,25.0
TF:WPT_ddda_p2p,2,0.02821817249059677,460.5,0.12549163835216096,572.5,0.2030322396602533,580.0,0.06907635781947459,234.5,0.0,701.5,-11.0,852.5,-316.0,837.0,6.954447602459879e-05,780.0,627.3125,25.0
FREQ:cepstral_1,2,0.07866392284631729,390.0,0.051187395123285157,795.0,0.03548081049306395,863.0,0.03423498984314098,725.0,0.0,701.5,-5.0,252.5,-192.0,713.0,8.58961494411763e-05,586.0,628.25,25.0
TF:WPT_daad_kurt,2,47.03371810913086,99.0,0.03894616266224973,819.0,0.029672498163224148,878.0,0.009279800106597645,890.0,0.0,701.5,-6.0,352.5,-2.0,488.0,6.657670268308042e-05,810.0,629.75,25.0
TIME:hist_b10,2,0.003356721019372344,568.0,0.06334050287379624,771.0,0.05316717367258317,821.0,0.07900818508114843,159.0,0.0,701.5,-7.0,452.5,-225.0,746.0,6.43778812779177e-05,826.0,630.625,25.0
TIME:trimmed_mean10,2,0.0005203934269957244,674.0,0.06754031777210273,755.0,0.07686551027873012,771.0,0.03727420341851909,709.0,0.0,701.5,-4.0,152.5,-170.0,691.5,8.362667562556144e-05,613.0,633.4375,25.0
TF:WPT_dddd_kurt,2,41.30303192138672,103.0,0.03444293016261038,827.0,0.023484754723136714,886.0,0.02535918573545112,764.0,0.0,701.5,-4.0,152.5,-237.0,758.0,5.8298745876064095e-05,884.0,634.5,25.0
TF:WPT_daaa_kurt,2,11775.765625,46.0,0.010415500773583842,873.0,0.0028698947720031676,957.0,0.0500846332892975,641.0,0.0,701.5,-5.0,252.5,-363.0,884.0,7.312260441919268e-05,740.0,636.875,25.0
TF:mod3_entropy,2,0.005676068365573883,542.0,0.05771806775772434,784.0,0.05059781994209134,827.0,0.01386382132120726,865.0,0.0,701.5,-10.0,752.5,-1.0,226.5,0.00010961361597836673,398.0,637.0625,25.0
TF:hog_b1,2,1.3710182429349516e-05,794.0,0.067329750792387,756.0,0.04925370738892676,830.0,0.014078646791250973,864.0,244.0,157.0,-9.0,652.5,-2.0,488.0,8.696272418727262e-05,576.0,639.6875,25.0
TF:WPT_adaa_rms,2,0.0007380824536085129,660.0,0.1536201364529997,486.0,0.22059955357278271,556.0,0.0829500030925416,135.0,0.0,701.5,-11.0,852.5,-368.0,889.0,6.242823997253993e-05,849.0,641.125,25.0
TF:WPT_ddda_range,2,0.02821817249059677,460.5,0.12549163835216096,572.5,0.20302067716025318,581.0,0.06907635781947459,234.5,0.0,701.5,-11.0,852.5,-314.0,835.0,5.2350211926219715e-05,917.0,644.3125,25.0
FREQ:cepstral_2,2,0.010538226924836636,497.0,0.01705160638111262,859.0,0.013905643964557513,907.0,0.037217772293861445,710.0,0.0,701.5,-5.0,252.5,-212.0,733.0,9.484947431447305e-05,509.0,646.125,25.0
TF:WPT_adda_kurt,2,56.691593170166016,94.0,0.03178677429866835,831.0,0.015405246268731076,901.0,0.019256405844089487,813.0,0.0,701.5,-7.0,452.5,-131.0,652.5,7.421066595843432e-05,729.0,646.8125,25.0
TF:WPT_ddad_max,2,0.0001554684859002009,733.0,0.1111432905453178,618.0,0.17024743454733393,624.0,0.058820697739402086,464.0,0.0,701.5,-6.0,352.5,-385.0,906.0,6.925907317279711e-05,783.0,647.75,25.0
TF:WPT_ddaa_min,2,0.0016108513809740543,608.0,0.0782248460723737,724.0,0.09342221065089662,732.0,0.06011017029714198,417.0,0.0,701.5,-5.0,252.5,-362.0,883.0,6.037330830878298e-05,868.0,648.25,25.0
TF:hog_b9,2,1.3771813428320456e-05,793.0,0.05917357043952682,781.0,0.04134829059941936,851.0,0.015212771043452512,855.0,274.0,127.0,-11.0,852.5,-21.0,542.5,0.00011190746404257636,385.0,648.375,25.0
TF:WPT_ddad_entropy,2,0.6852061748504639,251.0,0.023345778784806103,847.0,0.014848561201314503,905.0,0.05095790885855587,627.0,0.0,701.5,-7.0,452.5,-128.0,649.5,7.028393857573138e-05,770.0,650.4375,25.0
TF:WPT_ddad_kurt,2,712.2848510742188,68.0,0.005194992385247655,905.0,0.02215546515868061,888.0,0.026227788087006505,760.0,0.0,701.5,-6.0,352.5,-170.0,691.5,6.349900398643902e-05,838.0,650.5625,25.0
TIME:median,2,0.002105515915900469,595.0,0.05269884963767682,792.0,0.08010212219640955,761.0,0.022768263769011005,786.0,0.0,701.5,-6.0,352.5,-159.0,680.0,8.967949318170157e-05,547.0,651.875,25.0
TF:WPT_aaaa_median,2,0.04024549946188927,445.0,0.048075871797932566,802.0,0.09009985879653026,736.0,0.01499815837336828,856.0,0.0,701.5,-5.0,252.5,-209.0,730.0,7.579233318692967e-05,712.0,654.375,25.0
TIME:hist_b5,2,0.004570847377181053,555.0,0.03188544014770743,830.0,0.024278905436104115,884.0,0.07193658391773593,206.0,0.0,701.5,-7.0,452.5,-256.0,777.5,6.19353928637254e-05,853.0,657.4375,25.0
TF:WPT_aadd_mean,2,0.005434954538941383,548.0,0.008130353009296643,882.0,0.06303040939491966,803.0,0.026687781758626027,757.0,0.0,701.5,-5.0,252.5,-335.0,856.0,9.855420066378201e-05,463.0,657.875,25.0
TF:WPT_ddda_tk_std,2,4.5382398639048915e-06,827.0,0.10988588747973864,625.0,0.26328163423802486,464.0,0.04953267253066588,645.0,0.0,701.5,-7.0,452.5,-220.0,741.0,6.670821458392555e-05,809.0,658.125,25.0
TF:WPT_daaa_rel_energy,2,4.78215611641325e-13,946.0,0.14150559965946538,528.0,0.2695243940419001,452.0,0.06065826487008863,399.0,0.0,701.5,-9.0,652.5,-195.0,716.0,5.758877190927573e-05,889.0,660.5,25.0
SPAT:st_traj_drift,2,6.490185737609863,155.0,0.012195740925031883,866.0,0.048147632461006395,839.0,0.025848354697575765,763.0,0.0,701.5,-12.0,952.5,-161.0,682.0,0.00011459542637432824,371.0,666.25,25.0
TF:mod4_entropy,2,0.005869665648788214,538.0,0.0621244800170013,774.0,0.050046346949288445,829.0,0.01695796180383584,835.0,0.0,701.5,-11.0,852.5,-1.0,226.5,8.659248626169341e-05,580.0,667.0625,25.0
TF:hog_b14,2,1.3692905667994637e-05,795.0,0.06906237349437552,749.0,0.040529284556793055,853.0,0.018739054953220414,816.0,124.0,277.0,-10.0,752.5,-2.0,488.0,8.407709803908056e-05,606.0,667.0625,25.0
TF:mod8_spread,2,0.18736518919467926,330.0,0.08510671446784637,700.0,0.04003767140194281,854.0,0.026456449304417012,759.0,0.0,701.5,-9.0,652.5,-194.0,715.0,8.16587816818998e-05,632.0,668.0,25.0
TF:WPT_daaa_skew,2,61.23146438598633,92.0,0.0016970264024067363,949.0,0.004844798840116127,944.0,0.0397803010581514,695.0,0.0,701.5,-6.0,352.5,-370.0,891.0,7.14145996318828e-05,755.0,672.5,25.0
TF:WPT_ddad_tk_std,2,1.4605437970161006e-09,927.0,0.10703352855398178,633.0,0.24792644896868854,495.0,0.04492234133145803,678.0,0.0,701.5,-4.0,152.5,-404.0,925.0,5.3341456105863584e-05,912.0,678.0,25.0
TF:WPT_ddaa_skew,2,95.75785064697266,84.0,0.0023718792411219964,934.0,0.005494383814057979,941.0,0.05335404770860892,589.0,0.0,701.5,-7.0,452.5,-417.0,938.0,6.676427741045726e-05,808.0,681.0,25.0
SPAT:sp_q75,2,0.24631716310977936,309.0,0.04006703211028665,814.0,0.011464377921861946,916.0,0.0733437499999972,197.0,0.0,701.5,-10.0,752.5,-430.0,951.0,6.020372749487357e-05,869.0,688.75,25.0
TF:mod9_spread,2,0.13353805243968964,358.0,0.04713958339029684,805.0,0.01857935738851202,891.0,0.017987873877348882,823.0,0.0,701.5,-8.0,552.5,-226.0,747.0,7.71504473217366e-05,689.0,695.875,25.0
TF:WPT_addd_mean,2,6.264830153668299e-05,758.0,0.005961433314260205,901.0,0.0682194829669176,795.0,0.03219423998671374,733.0,0.0,701.5,-6.0,352.5,-356.0,877.5,9.789973759764483e-05,474.0,699.0625,25.0
TF:DWT_L5_mean,2,1.606782547014518e-07,895.0,0.002079508715455865,940.0,0.08031354616912267,760.0,0.07635398428378003,174.0,0.0,701.5,-6.0,352.5,-418.0,939.0,6.21868628104477e-05,851.0,701.625,25.0
TF:DWT_L5_skew,2,0.021849870681762695,472.0,0.014779326204063407,862.0,0.014964246348827537,904.0,0.009267017144024973,891.0,0.0,701.5,-6.0,352.5,-354.0,875.0,8.851251703230249e-05,558.0,702.0,25.0
TF:WPT_addd_skew,2,0.07835400104522705,392.0,0.005226692872879766,904.0,0.04917823870170013,831.0,-0.003425256135146104,995.0,0.0,701.5,-6.0,352.5,-332.0,853.5,8.507545984227385e-05,594.0,702.9375,25.0
TF:mod10_entropy,2,0.00654304213821888,529.0,0.06525334350441657,761.0,0.03192728108535503,874.0,0.024153391714395955,774.0,0.0,701.5,-10.0,752.5,-256.0,777.5,9.873292934174748e-05,460.0,703.6875,25.0
TF:WPT_adad_skew,2,0.17465952038764954,336.0,0.006702706871273607,893.0,0.01472463601342211,906.0,0.008853532047950982,894.0,0.0,701.5,-6.0,352.5,-424.0,945.5,8.396951937725333e-05,608.0,704.5625,25.0
TF:WPT_daaa_mean,2,1.483320399842114e-08,918.0,0.0017390989265312793,948.0,0.08087335536215479,757.0,0.03919414889549027,697.0,0.0,701.5,-6.0,352.5,-321.0,842.0,0.00010178172003996608,437.0,706.625,25.0
FREQ:pow_mean,2,3.7791943550109863,179.0,0.0005496397093267141,952.0,0.0,987.5,0.01025833333333302,887.0,397.0,4.0,-10.0,752.5,-435.0,956.0,1.453606270317375e-06,957.0,709.375,25.0
TF:WPT_ddda_skew,2,0.18144680559635162,333.0,0.0030704546229906042,932.0,0.01572240398594893,899.0,0.02529786102929933,766.0,0.0,701.5,-6.0,352.5,-304.0,825.5,6.016449256554252e-05,870.0,709.9375,25.0
TF:WPT_ddad_skew,2,3.6535820960998535,181.0,0.0019735664486089924,944.0,0.006372111219847376,933.0,0.03510238601485464,717.0,0.0,701.5,-7.0,452.5,-369.0,890.0,5.9936844177686864e-05,873.0,711.5,25.0
TF:DWT_L0_median,2,0.2217872589826584,314.0,0.03118732569367341,833.0,0.08594642076076431,746.0,0.015850250515370628,847.0,0.0,701.5,-10.0,752.5,-287.0,808.0,7.137543984018187e-05,756.0,719.75,25.0
TF:mod7_spread,2,0.18316097557544708,332.0,0.06730989506000172,757.0,0.05309644349602216,822.0,0.015753868972680694,848.0,0.0,701.5,-11.0,852.5,-266.0,787.5,7.776843324887659e-05,677.0,722.1875,25.0
TF:DWT_L1_median,2,0.028986146673560143,459.0,0.005080380266515563,907.0,0.04545138128085746,846.0,0.012083042737469105,874.0,0.0,701.5,-8.0,552.5,-328.0,849.5,8.495149875077268e-05,596.0,723.1875,25.0
TF:WPT_daad_median,2,4.962971615896095e-07,879.0,0.00741939872301331,888.0,0.0825988751337321,750.0,0.02029209427850079,801.0,0.0,701.5,-7.0,452.5,-310.0,831.5,9.681804355451199e-05,493.0,724.5625,25.0
TF:WPT_aadd_skew,2,0.10374435037374496,370.0,0.008092498884128415,883.0,0.04891063544445551,834.0,-0.0034903857565140445,997.0,0.0,701.5,-6.0,352.5,-319.0,840.0,6.168645611329867e-05,859.0,729.625,25.0
TF:DWT_L1_mean,2,0.022593950852751732,470.0,0.0033516387397992315,927.0,0.033733690649851766,869.0,0.011615065405507698,878.0,0.0,701.5,-9.0,652.5,-274.0,795.0,8.464498370013132e-05,600.0,736.625,25.0
TF:WPT_daad_skew,2,0.4422278106212616,265.0,0.004803816048321755,911.0,0.007208242707960721,930.0,0.006770230403509119,903.0,0.0,701.5,-7.0,452.5,-416.0,937.0,6.791446078103864e-05,794.0,736.75,25.0
TF:WPT_dada_skew,2,0.05497600883245468,420.0,0.0020488732186499208,941.0,0.034720920405843625,865.0,0.0012882450856930793,940.0,0.0,701.5,-7.0,452.5,-303.0,824.0,7.074635042258562e-05,763.0,738.375,25.0
TF:mod6_spread,2,0.1407402604818344,356.0,0.015791719196823262,861.0,0.005732974974816507,939.0,0.0021263080881488844,935.0,0.0,701.5,-10.0,752.5,-246.0,767.5,8.102543920410228e-05,637.0,743.6875,25.0
TF:WPT_adda_skew,2,0.20356759428977966,320.0,0.003335502343295871,929.0,0.0,987.5,0.016307890079357963,844.0,0.0,701.5,-7.0,452.5,-419.0,940.0,6.834904768269944e-05,791.0,745.6875,25.0
TF:WPT_dddd_skew,2,0.12873771786689758,360.0,0.003914785019281345,922.0,0.0,987.5,0.01367195106060499,866.0,0.0,701.5,-7.0,452.5,-399.0,920.0,7.033098513871282e-05,769.0,747.3125,25.0
TF:DWT_L2_median,2,0.01567949913442135,482.0,0.002506465173579957,933.0,0.06222983804562077,805.0,0.024055801504877482,776.0,0.0,701.5,-11.0,852.5,-337.0,858.0,8.689051529177269e-05,577.0,748.125,25.0
TF:WPT_aada_skew,2,0.0811132863163948,389.0,0.0033363863230717198,928.0,0.018985945826283324,890.0,0.006713497679425939,905.0,0.0,701.5,-7.0,452.5,-409.0,930.0,6.779246353243014e-05,795.0,748.875,25.0
TF:mod4_spread,2,0.14099527895450592,354.0,0.009911770525480717,875.0,0.003382699205288109,955.0,0.004349125331038367,920.0,0.0,701.5,-11.0,852.5,-344.0,865.5,8.764421782972094e-05,572.0,761.9375,25.0
TIME:hist_b3,1,0.0018709403229877353,599.0,0.08094120459159856,716.0,0.057419607293094366,816.0,0.051065920618738374,626.0,0.0,701.5,-4.0,152.5,-210.0,731.0,9.131039288606421e-05,532.0,609.25,12.5
TF:WPT_daaa_range,1,0.0014518506359308958,617.5,0.12327811535488437,582.5,0.1505947607109306,642.0,0.06702198032363414,253.5,0.0,701.5,-8.0,552.5,-290.0,811.0,7.521137973800506e-05,720.0,610.0625,12.5
TIME:seg_energy_4,1,0.002966872649267316,580.0,0.018761230925867137,855.0,0.17204121059757949,621.0,0.022545301309404166,788.0,0.0,701.5,-8.0,552.5,-1.0,226.5,8.850945394877184e-05,559.0,610.4375,12.5
TF:WPT_daaa_p2p,1,0.0014518506359308958,617.5,0.12327811535488437,582.5,0.1505943270963428,643.0,0.06702198032363414,253.5,0.0,701.5,-8.0,552.5,-271.0,792.0,7.088474302299257e-05,762.0,613.0625,12.5
TF:WPT_dddd_tk_max,1,8.077919119386934e-06,814.0,0.11426948606782765,608.0,0.20486645763050237,578.0,0.057065886902300494,521.0,0.0,701.5,-4.0,152.5,-296.0,817.0,6.88444319590469e-05,785.0,622.125,12.5
TF:hog_b7,1,2.7529706130735576e-05,780.0,0.10700526837329473,634.0,0.10175172866886939,719.0,0.03822363204835448,704.0,0.0,701.5,-10.0,752.5,-1.0,226.5,9.600903121727671e-05,502.0,627.4375,12.5
TF:lbp_b28,1,1.2342518402874703e-06,852.0,0.13509901033405436,543.0,0.1622081989290467,634.0,0.03276007390506876,730.0,0.0,701.5,-8.0,552.5,-45.0,566.5,0.00010039950899518235,446.0,628.1875,12.5
TF:WPT_ddad_min,1,0.00016156556375790387,732.0,0.10864606954005501,629.0,0.17151426693630478,622.0,0.052790471330052824,596.0,0.0,701.5,-5.0,252.5,-258.0,779.5,7.349231983213802e-05,739.0,631.4375,12.5
FREQ:cepstral_7,1,0.0005920961848460138,665.0,0.08818906482666389,687.0,0.04757868872620463,841.0,0.04718272653755472,656.0,0.0,701.5,-8.0,552.5,-1.0,226.5,7.270721049261312e-05,744.0,634.1875,12.5
TIME:hist_b2,1,0.0009283064864575863,636.0,0.09051214013232675,677.0,0.07957221133376224,763.0,0.02200949513729977,790.0,0.0,701.5,-3.0,52.5,-239.0,760.0,7.60675948159243e-05,704.0,635.5,12.5
TIME:hist_b9,1,0.003778420854359865,563.0,0.0651644680281068,763.0,0.0504486401936215,828.0,0.08530099181732238,123.0,0.0,701.5,-8.0,552.5,-215.0,736.0,6.396721534675862e-05,830.0,637.125,12.5
TF:WPT_ddad_p2p,1,0.0004611178010236472,681.5,0.12884604397204422,561.5,0.1807727061276836,609.0,0.07457704113235647,181.5,0.0,701.5,-9.0,652.5,-390.0,911.5,6.251030353201153e-05,845.0,643.0,12.5
TF:WPT_ddad_range,1,0.0004611178010236472,681.5,0.12884604397204422,561.5,0.18079037754982874,607.0,0.07457704113235647,181.5,0.0,701.5,-9.0,652.5,-339.0,860.5,5.471662251800842e-05,901.0,643.375,12.5
TF:lbp_b14,1,2.448818349876092e-06,838.0,0.14720978347224786,510.0,0.15476404495260265,638.0,0.038193958719664564,705.0,0.0,701.5,-10.0,752.5,-2.0,488.0,9.10402937252361e-05,537.0,646.25,12.5
TIME:seg_energy_5,1,0.0029267447534948587,581.0,0.017941859925477536,856.0,0.1729950341535993,618.0,0.02532355736007147,765.0,0.0,701.5,-8.0,552.5,-119.0,640.0,9.613564229480344e-05,499.0,651.625,12.5
TF:mod7_entropy,1,0.005588208325207233,545.0,0.034554093170696146,826.0,0.03156946826004736,875.0,0.016332680778783328,843.0,310.0,91.0,-10.0,752.5,-50.0,571.5,7.505950271107691e-05,723.0,653.375,12.5
TF:DWT_L2_zcr,1,0.0015100736636668444,614.0,0.08205778559797701,710.0,0.07117850752568966,785.0,0.01180863593592622,876.0,0.0,701.5,-9.0,652.5,-1.0,226.5,7.842370085510025e-05,666.0,653.9375,12.5
TF:WPT_ddaa_p2p,1,0.0031252580229192972,575.5,0.1117074698575915,615.5,0.11030118847629611,705.0,0.08399332613151721,128.5,0.0,701.5,-10.0,752.5,-411.0,932.0,6.277237457994395e-05,841.0,656.4375,12.5
TF:WPT_adaa_energy,1,2.921215772628784,197.0,0.11325051247467918,610.0,0.22060891805037652,555.0,0.05751307357889127,505.0,0.0,701.5,-12.0,952.5,-321.0,842.0,5.460667972332277e-05,902.0,658.125,12.5
TF:glcm_18_correlation_d1_a3,1,8.370835757887107e-07,862.5,0.17626630317164851,406.5,0.2410740088304073,511.0,0.04282728206481663,687.5,0.0,701.5,-10.0,752.5,-217.0,738.0,8.401980661327063e-05,607.0,658.3125,12.5
TF:WPT_ddaa_rms,1,8.635581252747215e-06,810.0,0.11780735414328615,594.0,0.14899639193492753,647.0,0.08433350523029351,126.0,0.0,701.5,-9.0,652.5,-392.0,913.0,6.495180151872156e-05,823.0,658.375,12.5
TF:WPT_daad_tk_max,1,1.569665255374275e-05,791.0,0.09742090272749526,659.0,0.22646871307121463,540.0,0.028371118925538757,751.0,0.0,701.5,-4.0,152.5,-299.0,820.0,6.181604220926852e-05,856.0,658.875,12.5
TF:glcm_38_correlation_d2_a3,1,8.370835757887107e-07,862.5,0.17626630317164851,406.5,0.2406202409670195,514.0,0.04282728206481663,687.5,0.0,701.5,-10.0,752.5,-244.0,765.0,8.460763471287607e-05,602.0,661.4375,12.5
TF:WPT_ddaa_std,1,8.584233910369221e-06,811.0,0.11785362162855718,593.0,0.15302501831232007,639.0,0.08438848833580417,125.0,0.0,701.5,-9.0,652.5,-374.0,895.0,5.910374995983648e-05,880.0,662.125,12.5
TF:WPT_daaa_max,1,0.0009384613949805498,635.0,0.07723286582856731,728.0,0.1453250973707947,653.0,0.031959520242852084,734.0,0.0,701.5,-8.0,552.5,-318.0,839.0,9.848141740212965e-05,466.0,663.625,12.5
TF:WPT_aadd_median,1,0.007600829936563969,515.0,0.00868558901094905,881.0,0.08134954632599545,752.0,0.020799990305760938,799.0,0.0,701.5,-8.0,552.5,-245.0,766.0,0.00012004066970992347,354.0,665.125,12.5
TF:WPT_ddaa_range,1,0.0031252580229192972,575.5,0.1117074698575915,615.5,0.11029805989039287,706.0,0.08399332613151721,128.5,0.0,701.5,-10.0,752.5,-405.0,926.5,5.1536787075907896e-05,918.0,665.5,12.5
TF:WPT_ddda_tk_max,1,0.0014900433598086238,615.0,0.0873818515274507,690.0,0.19332100709223043,592.0,0.05255915879983278,601.0,0.0,701.5,-7.0,452.5,-308.0,829.0,5.639438050373241e-05,897.0,672.25,12.5
TF:WPT_daaa_tk_std,1,2.029091200617117e-10,935.0,0.11900541264518555,589.0,0.22969991446017968,530.0,0.029732750463556824,741.0,0.0,701.5,-6.0,352.5,-269.0,790.0,7.275209835637679e-05,742.0,672.625,12.5
TIME:hist_b12,1,0.0006390140042640269,663.0,0.058276153771487316,783.0,0.03742563169211488,860.0,0.05695497842655607,526.0,0.0,701.5,-5.0,252.5,-204.0,725.5,5.5925712070699446e-05,899.0,676.3125,12.5
TIME:hist_b13,1,0.0001805463689379394,730.0,0.06857821089616604,751.0,0.03125628869163721,876.0,0.03749535126752965,707.0,0.0,701.5,-5.0,252.5,-342.0,863.0,8.514825934337919e-05,592.0,684.125,12.5
TF:WPT_ddad_tk_max,1,6.902820928189612e-07,865.0,0.08865941822725625,681.0,0.16688800142464455,628.0,0.046901567520845566,660.0,0.0,701.5,-5.0,252.5,-366.0,887.0,6.688517644611624e-05,806.0,685.125,12.5
TF:WPT_adaa_rel_energy,1,3.592864317170097e-08,909.0,0.11695040106531968,599.0,0.21958891057747776,560.0,0.060600965038024396,400.0,0.0,701.5,-10.0,752.5,-373.0,894.0,7.763677225658455e-05,683.0,687.375,12.5
TF:WPT_ddaa_max,1,0.0016663779970258474,606.0,0.07607066773829003,732.0,0.0927279330440336,734.0,0.04626794264513615,664.0,0.0,701.5,-7.0,452.5,-398.0,919.0,7.643339411935552e-05,697.0,688.25,12.5
TF:WPT_daaa_min,1,0.0009178545442409813,640.0,0.07695076142711733,729.0,0.146162489708078,650.0,0.018532595699176545,818.0,0.0,701.5,-5.0,252.5,-346.0,867.0,5.943241220316453e-05,877.0,691.875,12.5
TF:WPT_adaa_tk_max,1,0.6494900584220886,253.0,0.083557695575728,704.0,0.10408123247256462,714.0,0.05048185721148279,635.0,0.0,701.5,-11.0,852.5,-352.0,873.0,6.463983287620698e-05,825.0,694.75,12.5
TF:lbp_b1,1,1.4956867744331248e-06,845.0,0.10397640947360526,643.0,0.08706676828920967,742.0,0.029060886678116335,747.0,0.0,701.5,-11.0,852.5,-76.0,597.5,9.91181262479648e-05,453.0,697.6875,12.5
TF:mod8_entropy,1,0.005895785056054592,536.0,0.03867160264868577,821.0,0.02481430507231286,883.0,0.02341862989862455,780.0,0.0,701.5,-9.0,652.5,-179.0,700.0,8.944037431083946e-05,550.0,703.0,12.5
TF:DWT_L6_skew,1,0.0059719327837228775,534.0,0.02845438125531536,839.0,0.018062559739031148,893.0,0.024959337341721156,771.0,0.0,701.5,-5.0,252.5,-396.0,917.0,7.461672974513957e-05,727.0,704.375,12.5
TF:mod11_entropy,1,0.006627283990383148,527.0,0.06518146546225662,762.0,0.036417251383459526,862.0,0.017787223837435848,826.0,0.0,701.5,-9.0,652.5,-276.0,797.0,9.39778711670638e-05,515.0,705.375,12.5
TF:WPT_adaa_mean,1,1.1434661246312317e-05,799.0,0.0021290693923489497,939.0,0.07274709495246068,780.0,0.07763112707748425,169.0,0.0,701.5,-8.0,552.5,-384.0,905.0,6.709352732423062e-05,804.0,706.25,12.5
FREQ:hist_entropy,1,0.12581002712249756,363.0,0.038205520639905885,822.0,0.011502850913194695,915.0,0.0141832525690206,861.0,0.0,701.5,-9.0,652.5,-284.0,805.0,8.815850512662208e-05,565.0,710.625,12.5
TF:WPT_adad_median,1,7.919486233731732e-05,753.0,0.00755810532159434,887.0,0.08792384328491032,740.0,0.024672753890078055,773.0,0.0,701.5,-6.0,352.5,-341.0,862.0,8.243771468587885e-05,626.0,711.875,12.5
TF:WPT_aada_mean,1,0.00012293884356040508,740.0,0.005685768994060754,903.0,0.06991605569522896,790.0,0.028930014636151233,750.0,0.0,701.5,-7.0,452.5,-348.0,869.5,9.253636549933274e-05,529.0,716.9375,12.5
FREQ:spec_flatness,1,0.0013563816901296377,623.0,0.02687682200744673,842.0,0.01642472880719481,898.0,0.03838513043486331,702.0,0.0,701.5,-7.0,452.5,-235.0,756.0,7.066138308633538e-05,766.0,717.625,12.5
TIME:hist_b1,1,0.00024211755953729153,721.0,0.09320885666987098,675.0,0.10395904913274912,715.0,0.00593162855921118,911.0,0.0,701.5,-5.0,252.5,-360.0,881.0,5.694792125854357e-05,893.0,718.75,12.5
TF:WPT_ddaa_rel_energy,1,3.9281512070887814e-12,944.0,0.08937776206679776,679.0,0.14256005179291886,657.0,0.05443847626400286,568.0,0.0,701.5,-6.0,352.5,-393.0,914.0,4.463287766202795e-05,937.0,719.125,12.5
TF:WPT_ddaa_mean,1,1.1770249130904631e-07,901.0,0.002258292192470774,935.0,0.07448653833622698,776.0,0.08049435784730215,143.0,0.0,701.5,-8.0,552.5,-415.0,936.0,6.604218685737747e-05,814.0,719.875,12.5
TF:WPT_ddaa_kurt,1,2952.3701171875,57.0,0.011775395962714753,868.0,0.00441704274713306,946.0,0.047761721861383596,654.0,0.0,701.5,-10.0,752.5,-382.0,903.0,5.6786231012417584e-05,894.0,722.0,12.5
TF:mod9_entropy,1,0.006301789078861475,530.0,0.06223755545527146,773.0,0.026422437638221385,880.0,0.019371764322153148,810.0,0.0,701.5,-11.0,852.5,-200.0,721.0,9.387880554769921e-05,516.0,723.0,12.5
FREQ:hist_b23,1,0.04181048646569252,437.0,0.10110358377529753,649.0,0.1152843820230296,695.0,0.019748073269471485,806.0,0.0,701.5,-9.0,652.5,-412.0,933.5,5.257830581627014e-05,913.0,723.4375,12.5
TF:WPT_ddda_median,1,1.4549550542142242e-06,846.0,0.00640874167430806,897.0,0.08529763138773205,747.0,0.02519747156813324,768.0,0.0,701.5,-8.0,552.5,-280.0,801.0,9.732699496309952e-05,488.0,725.125,12.5
TF:mod1_spread,1,0.14697109162807465,350.0,0.01901193481230148,854.0,0.018265418725157634,892.0,0.012551632738448473,873.0,0.0,701.5,-10.0,752.5,-248.0,769.0,8.33731214313672e-05,616.0,726.0,12.5
TF:WPT_adaa_var,1,1.0765550541691482e-05,800.0,0.113401408292678,609.0,0.22152124721337962,550.0,0.057654341589134975,500.0,0.0,701.5,-12.0,952.5,-324.0,845.0,5.927549827776621e-05,878.0,729.5,12.5
TIME:hist_b0,1,2.1818457753397524e-05,784.0,0.11539372994902546,602.0,0.13817473535916225,668.0,0.009565152616279073,889.0,0.0,701.5,-6.0,352.5,-397.0,918.0,4.739252688475269e-05,936.0,731.375,12.5
TF:WPT_ddaa_entropy,1,2.9677608013153076,196.0,0.008735551599198489,880.0,0.008470849008596737,924.0,0.045448028035790476,674.0,0.0,701.5,-9.0,652.5,-408.0,929.0,5.384207298221161e-05,906.0,732.875,12.5
TF:WPT_ddda_mean,1,1.0171035000894335e-06,856.0,0.00909413297847334,879.0,0.07222224927635335,782.0,0.024125555300617583,775.0,0.0,701.5,-9.0,652.5,-304.0,825.5,0.00011016957966088962,394.0,733.1875,12.5
TF:WPT_daad_mean,1,3.8660914469801355e-07,882.0,0.0072045958550718174,889.0,0.070668848398177,788.0,0.02739705696846447,754.0,0.0,701.5,-6.0,352.5,-378.0,899.0,8.306932840305134e-05,621.0,735.875,12.5
FREQ:hist_b24,1,0.05206715688109398,426.0,0.05720348060134666,785.0,0.13116000629524427,672.0,0.0314322909735407,737.0,0.0,701.5,-12.0,952.5,-359.0,880.0,7.3984243336586e-05,734.0,736.0,12.5
TF:WPT_adda_median,1,0.00019518820045050234,728.0,0.006229018574798086,899.0,0.07548654913196717,774.0,0.017974377404682843,824.0,0.0,701.5,-11.0,852.5,-193.0,714.0,0.00010897302069453028,403.0,737.0,12.5
TF:DWT_L4_mean,1,4.8063258873298764e-05,764.0,0.0067806768833131754,892.0,0.07504463772698422,775.0,0.02398118530271677,777.0,0.0,701.5,-7.0,452.5,-339.0,860.5,7.751453598500264e-05,684.0,738.3125,12.5
TF:DWT_L3_skew,1,0.054466474801301956,421.5,0.0044736610131851885,912.5,0.046668053135785925,843.0,0.0019646402712278285,936.5,0.0,701.5,-10.0,752.5,-266.0,787.5,8.818027891311247e-05,564.0,739.875,12.5
TIME:hist_b14,1,4.50340703537222e-05,768.0,0.07444416692700448,740.0,0.05138929324073516,825.0,0.015456589310829829,849.0,0.0,701.5,-7.0,452.5,-356.0,877.5,7.531310475959724e-05,719.0,741.5625,12.5
SPAT:sp_q50,1,0.2498907893896103,307.0,0.036749973151599336,823.0,0.0,987.5,0.05161874999999738,617.0,0.0,701.5,-10.0,752.5,-421.0,942.0,6.433298754255953e-05,827.0,744.6875,12.5
TF:WPT_aaaa_mean,1,0.0032870802097022533,571.0,0.002226174773907486,938.0,0.032242882864330635,873.0,0.06931039564947862,231.0,0.0,701.5,-12.0,952.5,-351.0,872.0,6.554084665739609e-05,820.0,744.875,12.5
TF:WPT_dadd_skew,1,0.05733513459563255,418.0,0.0040086744814227535,920.0,0.03336539685505713,871.0,-0.0035885707328216507,998.0,0.0,701.5,-8.0,552.5,-334.0,855.0,8.052593681443518e-05,646.0,745.25,12.5
TF:mod2_spread,1,0.14250487089157104,352.0,0.010316329235292418,874.0,0.001787902027046151,965.0,-0.0038949805855652843,999.0,0.0,701.5,-10.0,752.5,-180.0,701.0,8.283951820200818e-05,623.0,746.0,12.5
TF:WPT_adda_mean,1,0.00010648938041413203,744.0,0.007997642878590333,884.0,0.06638762546803623,798.0,0.026996971548460237,755.0,0.0,701.5,-10.0,752.5,-336.0,857.0,9.681471637546712e-05,494.0,748.25,12.5
TF:WPT_dadd_median,1,1.173031932921731e-06,853.0,0.0044692558783604695,914.0,0.08101500748497914,755.0,0.024696893394779495,772.0,0.0,701.5,-11.0,852.5,-277.0,798.5,0.00010253386700830459,433.0,759.9375,12.5
FREQ:hist_b22,1,0.015088426880538464,486.0,0.07294054136910334,746.0,0.08177317035305975,751.0,0.004753414558593269,917.0,0.0,701.5,-9.0,652.5,-429.0,950.0,3.5085242181237684e-05,951.0,769.375,12.5
TF:WPT_dadd_mean,1,3.8213985931179195e-07,884.0,0.006961749161234893,891.0,0.061620858306185244,806.0,0.03306155893399426,728.0,0.0,701.5,-11.0,852.5,-300.0,821.0,9.603996291419263e-05,501.0,773.125,12.5
TF:mod3_spread,1,0.1409289836883545,355.0,0.009260752222220139,878.0,0.006043692053292915,936.0,-0.0014945581422074314,992.0,0.0,701.5,-12.0,952.5,-281.0,802.0,8.787639211182569e-05,569.0,773.25,12.5
TF:WPT_aaad_skew,1,0.054466474801301956,421.5,0.0044736610131851885,912.5,0.046661679509412135,844.0,0.0019646402712278285,936.5,0.0,701.5,-10.0,752.5,-242.0,763.0,5.8205368051900835e-05,886.0,777.1875,12.5
TF:hog_b2,1,8.877772415871732e-06,806.0,0.051608578142393655,794.0,0.017241064556384078,894.0,0.014426656088790096,859.0,0.0,701.5,-12.0,952.5,-347.0,868.0,0.00011156811070364907,389.0,783.0,12.5
SPAT:st_mean,1,1.0350844778730053e-35,963.0,1.911113875574813e-08,960.0,4.112480593887469e-05,972.0,0.006398851381461688,908.0,0.0,701.5,-10.0,752.5,-292.0,813.5,0.00012206775710828214,346.0,802.0625,12.5
TF:hog_b3,1,7.974841537361499e-06,815.0,0.02627067421030683,843.0,0.0,987.5,0.007645711924332827,902.0,0.0,701.5,-12.0,952.5,-301.0,822.0,9.686971267341134e-05,492.0,814.4375,12.5
FREQ:psd_min,1,0.0,984.0,4.241203210344164e-24,966.0,0.0,987.5,0.0008049461281607524,941.0,0.0,701.5,-8.0,552.5,-350.0,871.0,7.9397742035714e-05,657.0,832.5625,12.5
FREQ:hist_b0,1,3.356607763819238e-15,950.0,2.2277283356225366e-10,965.0,0.0,987.5,0.0,966.5,399.0,2.0,-12.0,952.5,-459.0,980.5,0.0,980.5,848.0625,12.5
TIME:log_energy,1,5.900923497392796e-06,823.0,4.1802139614600257e-10,963.0,0.0024974805450570514,960.0,0.0,966.5,0.0,701.5,-12.0,952.5,-459.0,980.5,0.0,980.5,915.9375,12.5
TIME:sem,1,4.722923718780692e-10,933.0,2.8772701243533606e-10,964.0,0.0,987.5,0.0,966.5,0.0,701.5,-12.0,952.5,-459.0,980.5,0.0,980.5,933.25,12.5
TIME:mean_power,1,0.0,984.0,0.0,984.5,0.01028714818237253,919.0,0.0,966.5,0.0,701.5,-12.0,952.5,-459.0,980.5,0.0,980.5,933.625,12.5
TIME:energy,1,0.0,984.0,0.0,984.5,0.009520900503972474,921.0,0.0,966.5,0.0,701.5,-12.0,952.5,-459.0,980.5,0.0,980.5,933.875,12.5
FREQ:hist_b5,1,0.0,984.0,0.0,984.5,0.009265220872040736,922.0,0.0,966.5,0.0,701.5,-12.0,952.5,-459.0,980.5,0.0,980.5,934.0,12.5
TIME:var,1,0.0,984.0,0.0,984.5,0.007861633878748275,925.0,0.0,966.5,0.0,701.5,-12.0,952.5,-459.0,980.5,0.0,980.5,934.375,12.5
TIME:zero_frac,1,0.0,984.0,0.0,984.5,0.005900653274350631,938.0,0.0,966.5,0.0,701.5,-12.0,952.5,-459.0,980.5,0.0,980.5,936.0,12.5
FREQ:hist_b4,1,0.0,984.0,0.0,984.5,0.003753280036822293,949.0,0.0,966.5,0.0,701.5,-12.0,952.5,-459.0,980.5,0.0,980.5,937.375,12.5
FREQ:hist_b2,1,0.0,984.0,0.0,984.5,0.0034053235754720745,954.0,0.0,966.5,0.0,701.5,-12.0,952.5,-459.0,980.5,0.0,980.5,938.0,12.5
FREQ:hist_b3,1,0.0,984.0,0.0,984.5,0.0020944518643140064,963.0,0.0,966.5,0.0,701.5,-12.0,952.5,-459.0,980.5,0.0,980.5,939.125,12.5
TIME:std,1,0.0,984.0,0.0,984.5,0.0,987.5,0.0,966.5,0.0,701.5,-12.0,952.5,-459.0,980.5,0.0,980.5,942.1875,12.5
TIME:rms,1,0.0,984.0,0.0,984.5,0.0,987.5,0.0,966.5,0.0,701.5,-12.0,952.5,-459.0,980.5,0.0,980.5,942.1875,12.5
FREQ:hist_b1,1,0.0,984.0,0.0,984.5,0.0,987.5,0.0,966.5,0.0,701.5,-12.0,952.5,-459.0,980.5,0.0,980.5,942.1875,12.5
TIME:seg_energy_6,0,0.0029849535785615444,579.0,0.02077508952523312,851.0,0.19096708120935268,594.0,0.01539491349954018,852.0,0.0,701.5,-8.0,552.5,-130.0,651.0,9.380182474847482e-05,518.0,662.375,0.0
TF:DWT_L6_tk_max,0,0.00014365080278366804,736.0,0.11734106318799838,595.0,0.2274748275464824,536.0,0.05602271659941645,543.0,0.0,701.5,-8.0,552.5,-187.0,708.0,4.306940841943446e-05,940.0,664.0,0.0
TF:WPT_adaa_tk_mean,0,4.231982074998086e-06,829.0,0.1089436494565371,628.0,0.22533072422463496,542.0,0.05534797659016838,553.0,0.0,701.5,-8.0,552.5,-361.0,882.0,7.813753746069981e-05,671.0,669.875,0.0
TF:lbp_b16,0,1.4344839200930437e-06,847.0,0.11017389708391796,624.0,0.11806459957028981,692.0,0.020386826882523808,800.0,0.0,701.5,-8.0,552.5,-63.0,584.5,7.092993063786079e-05,761.0,695.3125,0.0
TF:lbp_b27,0,1.2707937457889784e-06,850.0,0.11891787679486693,590.0,0.0989533488430343,726.0,0.01995440167392253,802.0,0.0,701.5,-10.0,752.5,-137.0,658.0,8.860302212059799e-05,555.0,704.375,0.0
TF:lbp_b7,0,2.028131120823673e-06,841.0,0.0963011898111322,664.0,0.10098997599910176,721.0,0.022982674269485186,784.0,0.0,701.5,-11.0,852.5,-28.0,549.0,9.279871180752681e-05,527.0,705.0,0.0
TF:lbp_b24,0,4.245742729835911e-06,828.0,0.13382302811610644,545.0,0.14405046055135395,655.0,0.023359200916015406,781.0,0.0,701.5,-10.0,752.5,-154.0,675.5,7.482846827736486e-05,724.0,707.8125,0.0
TF:lbp_b23,0,8.653779559608665e-07,858.0,0.12305816119313089,584.0,0.09934376776285836,724.0,0.015891908743128857,845.0,0.0,701.5,-9.0,652.5,-313.0,834.0,9.050459629007305e-05,541.0,717.5,0.0
TF:lbp_b12,0,6.162431986922456e-07,870.0,0.14119845913974258,531.0,0.15718152792855644,637.0,0.019030979236394765,815.0,0.0,701.5,-9.0,652.5,-377.0,898.0,7.639808229495817e-05,698.0,725.375,0.0
TF:lbp_b10,0,1.1645017821138026e-06,854.0,0.1264722629753433,568.0,0.10879567479563468,709.0,0.024963238477562766,770.0,0.0,701.5,-9.0,652.5,-177.0,698.0,6.175293096912643e-05,857.0,726.25,0.0
TF:lbp_b29,0,8.433372045146825e-07,861.0,0.1308583936062372,552.0,0.11814929915536565,690.0,0.021739197748980657,794.0,0.0,701.5,-10.0,752.5,-258.0,779.5,7.620857810455194e-05,702.0,729.0625,0.0
SPAT:st_vel_mean,0,0.00675357598811388,526.0,0.012195741601107871,865.0,0.04816674165826473,838.0,0.02584835472092301,762.0,0.0,701.5,-12.0,952.5,-131.0,652.5,9.118606120821744e-05,535.0,729.0625,0.0
TF:WPT_aaad_mean,0,0.005529417656362057,546.5,0.006430689459921142,895.5,0.055797404124457106,817.0,0.034836289937126244,718.5,0.0,701.5,-11.0,852.5,-310.0,831.5,8.388375381849113e-05,611.0,746.75,0.0
TF:WPT_ddaa_energy,0,0.0003186118556186557,706.0,0.0873434709874494,692.0,0.14907036134788987,646.0,0.05175631974137857,614.0,0.0,701.5,-11.0,852.5,-381.0,902.0,5.705901921337286e-05,892.0,750.75,0.0
TF:WPT_aada_median,0,0.0004559322551358491,683.0,0.0018569949751679705,946.0,0.08889241311546803,738.0,0.01588406715623292,846.0,0.0,701.5,-9.0,652.5,-307.0,828.0,8.368379867335864e-05,612.0,750.875,0.0
TF:WPT_aaad_median,0,0.0077754477970302105,513.5,0.004858200299057418,909.5,0.0694253060077199,792.0,0.01992862913591069,803.5,0.0,701.5,-11.0,852.5,-282.0,803.0,8.073204865118388e-05,639.0,751.8125,0.0
TF:DWT_L3_mean,0,0.005529417656362057,546.5,0.006430689459921142,895.5,0.05579124315579609,818.0,0.034836289937126244,718.5,0.0,701.5,-11.0,852.5,-268.0,789.0,7.588337116165503e-05,708.0,753.6875,0.0
TF:DWT_L4_median,0,0.0006469202926382422,662.0,0.004008361315473396,921.0,0.07424502444974701,778.0,0.012695086383827669,870.0,0.0,701.5,-10.0,752.5,-286.0,807.0,8.983319846737871e-05,545.0,754.625,0.0
TF:WPT_adaa_tk_std,0,0.002672491827979684,587.0,0.08367099457151679,703.0,0.12302567575310697,682.0,0.050688386033971626,634.0,0.0,701.5,-12.0,952.5,-365.0,886.0,4.971687049758802e-05,929.0,759.375,0.0
TF:WPT_dada_mean,0,9.719905165184173e-07,857.0,0.007158968643409185,890.0,0.07199945830737686,784.0,0.022583733629918848,787.0,0.0,701.5,-9.0,652.5,-279.0,800.0,8.411254083160271e-05,605.0,759.625,0.0
TF:WPT_dada_median,0,1.9941514892707346e-06,842.0,0.005786286761368242,902.0,0.08081535968072773,758.0,0.017045192511861762,831.0,0.0,701.5,-9.0,652.5,-323.0,844.0,8.649870924619819e-05,581.0,764.0,0.0
TF:lbp_b6,0,6.822107252446585e-07,868.0,0.1414864261257531,529.0,0.14565900070792992,652.0,0.017923764840145344,825.0,0.0,701.5,-11.0,852.5,-412.0,933.5,6.99135926308773e-05,774.0,766.9375,0.0
TF:hog_b13,0,8.689854439580813e-06,808.0,0.04776152557966293,803.0,0.016451080623165915,897.0,0.019686413838390242,807.0,0.0,701.5,-10.0,752.5,-353.0,874.0,9.487325944736284e-05,507.0,768.75,0.0
TF:lbp_b19,0,5.515093448593689e-07,875.0,0.09679728612966425,661.0,0.06702479866295041,796.0,0.004931494779603919,914.0,0.0,701.5,-10.0,752.5,-424.0,945.5,9.43247516344491e-05,513.0,769.8125,0.0
TF:lbp_b15,0,3.730926437128801e-06,831.0,0.08922591337965236,680.0,0.07266615705874369,781.0,0.017530448748270054,828.0,0.0,701.5,-11.0,852.5,-249.0,770.0,7.542350719713089e-05,717.0,770.125,0.0
TF:DWT_L4_zcr,0,0.00019641117251012474,727.0,0.05012989489418093,797.0,0.041304815506568726,852.0,0.02322810011736762,782.0,0.0,701.5,-10.0,752.5,-216.0,737.0,6.321827418032337e-05,839.0,773.5,0.0
TF:WPT_dada_zcr,0,0.0005034843343310058,675.0,0.029945312083085502,835.0,0.0170750934806696,895.0,0.013643268703023747,867.0,0.0,701.5,-10.0,752.5,-315.0,836.0,8.191058779686468e-05,630.0,774.0,0.0
TF:WPT_ddaa_tk_max,0,8.324477676069364e-05,751.0,0.08343475257534255,707.0,0.09698038469123338,729.0,0.05090165957141154,628.0,0.0,701.5,-11.0,852.5,-402.0,923.5,5.1253159485946e-05,920.0,776.5625,0.0
TF:DWT_L3_median,0,0.0077754477970302105,513.5,0.004858200299057418,909.5,0.06943252822994195,791.0,0.01992862913591069,803.5,0.0,701.5,-11.0,852.5,-356.0,877.5,7.006247990262746e-05,772.0,777.625,0.0
TF:WPT_dddd_median,0,9.381233212479856e-08,904.0,0.003572536109586669,924.0,0.08064474238092423,759.0,0.03297962829792858,729.0,0.0,701.5,-11.0,852.5,-273.0,794.0,8.799711572326099e-05,566.0,778.75,0.0
TF:lbp_b11,0,7.888833692959452e-07,864.0,0.09336723645059859,673.0,0.05990340611345024,813.0,0.021661625821633248,795.0,0.0,701.5,-11.0,852.5,-228.0,749.5,6.938864742272293e-05,782.0,778.8125,0.0
TF:WPT_aadd_zcr,0,0.00045490716001950204,684.0,0.02446690931805007,845.0,0.009667058058190126,920.0,0.01540749461845464,851.0,0.0,701.5,-9.0,652.5,-291.0,812.0,7.064566513028874e-05,767.0,779.125,0.0
TF:DWT_L6_median,0,2.6207667147559732e-08,912.0,0.0112401902085358,870.0,0.08091132231498932,756.0,0.01778445213858531,827.0,0.0,701.5,-11.0,852.5,-295.0,816.0,9.41959580667004e-05,514.0,781.125,0.0
TF:WPT_addd_zcr,0,0.00047632737550884485,679.0,0.03939324101570832,816.0,0.02856553216690605,879.0,0.017434767083598483,829.0,0.0,701.5,-10.0,752.5,-302.0,823.0,6.99525273961663e-05,773.0,781.625,0.0
TF:hog_b10,0,9.852808943833224e-06,803.0,0.03978521689589519,815.0,0.026196363324140215,881.0,0.01461918407510704,858.0,0.0,701.5,-11.0,852.5,-221.0,742.0,8.314902268853626e-05,620.0,784.125,0.0
TF:WPT_daaa_median,0,4.079687254687769e-09,924.0,0.0031271253401043433,931.0,0.08125275157955159,753.0,0.02612241829127903,761.0,0.0,701.5,-11.0,852.5,-330.0,851.5,9.480670307480558e-05,510.0,785.5625,0.0
TF:WPT_ddaa_var,0,1.1739015315370693e-09,929.0,0.0873648084013833,691.0,0.15301870791733174,640.0,0.051779861006092866,613.0,0.0,701.5,-11.0,852.5,-401.0,922.0,4.430875233558715e-05,938.0,785.875,0.0
TF:lbp_b26,0,5.588834710579249e-07,874.0,0.10279399166660579,645.0,0.07695453498883831,770.0,0.01118497992199187,881.0,0.0,701.5,-11.0,852.5,-344.0,865.5,7.579795027391825e-05,711.0,787.5625,0.0
TF:DWT_L3_zcr,0,0.0007576813222840428,658.5,0.06099397897965867,776.5,0.034325365380174944,866.0,0.008382354152891937,897.5,0.0,701.5,-12.0,952.5,-253.0,774.0,7.76943810345846e-05,680.0,788.3125,0.0
TF:WPT_ddaa_tk_mean,0,5.594762431115896e-10,932.0,0.08655727011090683,696.0,0.1394560221428729,664.0,0.05134835530637958,622.0,0.0,701.5,-11.0,852.5,-400.0,921.0,5.075278776284807e-05,923.0,789.0,0.0
TF:WPT_ddaa_tk_std,0,3.1519621757070126e-07,887.0,0.08344283286720668,706.0,0.09772823653015816,728.0,0.050362184886314866,637.0,0.0,701.5,-11.0,852.5,-364.0,885.0,4.9683120423745105e-05,930.0,790.875,0.0
TF:WPT_adad_mean,0,6.2775936385151e-05,757.0,0.007725105540295201,885.0,0.06305733647280665,802.0,0.030317303321962072,739.0,0.0,701.5,-11.0,852.5,-285.0,806.0,6.715870969664783e-05,803.0,793.25,0.0
TF:hog_b5,0,9.447378033655696e-06,804.0,0.035242511136997556,824.0,0.016691015727070102,896.0,0.01113685259760466,882.0,0.0,701.5,-11.0,852.5,-238.0,759.0,8.212107042829778e-05,629.0,793.5,0.0
TF:WPT_aaad_zcr,0,0.0007576813222840428,658.5,0.06099397897965867,776.5,0.03315349508915899,872.0,0.008382354152891937,897.5,0.0,701.5,-12.0,952.5,-243.0,764.0,7.399125107701347e-05,733.0,794.4375,0.0
TIME:hist_b15,0,4.949235972162569e-06,825.0,0.10262264912988235,646.0,0.08419406428565557,748.0,0.00904962657232704,893.0,0.0,701.5,-10.0,752.5,-389.0,910.0,5.9081691055532364e-05,882.0,794.75,0.0
TF:WPT_ddad_median,0,1.7596365253780277e-08,916.0,0.004909158170728343,908.0,0.07673756308127277,772.0,0.02199998811905378,791.0,0.0,701.5,-12.0,952.5,-252.0,773.0,8.790078716585172e-05,568.0,797.75,0.0
TF:lbp_b25,0,5.694756737284479e-07,873.0,0.09709604840838203,660.0,0.06113263877327979,809.0,0.009065588819240473,892.0,0.0,701.5,-10.0,752.5,-317.0,838.0,6.169770659774512e-05,858.0,798.0,0.0
TF:WPT_ddad_mean,0,1.1066386917946147e-08,919.0,0.005114557426232634,906.0,0.06998540398062625,789.0,0.023543268825365376,779.0,0.0,701.5,-11.0,852.5,-265.0,786.0,7.944246136130955e-05,655.0,798.5,0.0
TF:WPT_adda_zcr,0,0.0004980280064046383,676.0,0.030508813050252506,834.0,0.021572705589968155,889.0,0.007818416724254722,900.0,0.0,701.5,-9.0,652.5,-326.0,847.0,5.7356164010861015e-05,890.0,798.75,0.0
TF:WPT_dddd_mean,0,1.7802781471232265e-08,915.0,0.004247324930274455,917.0,0.0790338615702546,765.0,0.025279582723113526,767.0,0.0,701.5,-11.0,852.5,-310.0,831.5,8.059491528516059e-05,642.0,798.9375,0.0
TF:WPT_daad_zcr,0,0.0003919169830624014,691.0,0.01782096711349053,857.0,0.007585772111701861,928.0,0.010634806949590823,885.0,0.0,701.5,-10.0,752.5,-321.0,842.0,7.020068033451171e-05,771.0,803.5,0.0
TF:WPT_ddaa_median,0,7.841362004157304e-10,931.0,0.00409840832139325,919.0,0.0797847281329247,762.0,0.018696123840347197,817.0,0.0,701.5,-12.0,952.5,-232.0,753.5,8.50407274149458e-05,595.0,803.9375,0.0
TF:WPT_dadd_zcr,0,0.0004636998346541077,680.0,0.04053725568097235,812.0,0.025825882888023344,882.0,0.016560129847707675,838.0,0.0,701.5,-10.0,752.5,-327.0,848.0,4.971830120629093e-05,928.0,805.25,0.0
TF:WPT_dddd_zcr,0,0.0003495962009765208,701.0,0.020253856979515324,852.0,0.013353486706587425,909.0,0.013124840071423342,868.0,0.0,701.5,-10.0,752.5,-423.0,944.0,7.552949509140826e-05,716.0,805.5,0.0
TF:lbp_b22,0,1.3347829508347786e-07,899.0,0.09546055243998591,669.0,0.06418279157341811,799.0,0.010461557746865401,886.0,0.0,701.5,-10.0,752.5,-386.0,907.0,6.250252733476431e-05,846.0,807.5,0.0
FREQ:hist_b21,0,0.0032532380428165197,572.0,0.04319150347701897,809.0,0.038705487824715945,858.0,-0.0007870053740172906,990.0,0.0,701.5,-9.0,652.5,-427.0,948.0,2.164668705381107e-05,953.0,810.5,0.0
TF:WPT_adaa_median,0,5.250534513834282e-07,876.0,0.004439972119861482,915.0,0.07114997501369924,786.0,0.011596758401024936,880.0,0.0,701.5,-11.0,852.5,-325.0,846.0,8.161743265329664e-05,633.0,811.25,0.0
FREQ:mag_min,0,6.375107375763687e-27,955.0,0.001871863843916061,945.0,0.04332644394971874,848.0,0.004107577472144848,923.0,0.0,701.5,-8.0,552.5,-283.0,804.0,7.072255407355535e-05,764.0,811.625,0.0
TF:WPT_ddad_zcr,0,0.0004086114058736712,689.0,0.0076508703762862085,886.0,0.0,987.5,0.011669718631857619,877.0,0.0,701.5,-10.0,752.5,-262.0,783.5,6.266173187534137e-05,842.0,814.875,0.0
TF:hog_b4,0,8.202610843000002e-06,813.0,0.02122511418565722,850.0,0.012266251949934581,912.0,0.0036336516081217603,929.0,0.0,701.5,-11.0,852.5,-298.0,819.0,7.816635303478639e-05,670.0,818.375,0.0
TF:DWT_L5_median,0,1.2868285011791158e-05,797.0,0.0042054985812852615,918.0,0.0738798464375856,779.0,0.017359922582274926,830.0,0.0,701.5,-12.0,952.5,-330.0,851.5,7.53914895514321e-05,718.0,818.4375,0.0
TF:WPT_addd_median,0,0.00016569424769841135,731.0,0.003593929882156093,923.0,0.08618441861252979,745.0,0.011606078139924713,879.0,0.0,701.5,-12.0,952.5,-275.0,796.0,6.53871543978011e-05,821.0,818.625,0.0
TF:WPT_adad_zcr,0,0.00037965140654705465,694.0,0.013125035623801774,863.0,0.00745075562185038,929.0,0.0023579259289311766,934.0,0.0,701.5,-10.0,752.5,-414.0,935.0,7.272138673624226e-05,743.0,819.0,0.0
TF:WPT_ddda_zcr,0,0.0004878522304352373,678.0,0.028984959208492606,837.0,0.015005069274282246,903.0,-0.0034290122590563757,996.0,0.0,701.5,-10.0,752.5,-395.0,916.0,6.743202256736776e-05,799.0,822.875,0.0
TF:DWT_L6_mean,0,2.749282052016966e-11,939.0,0.0017692276875181428,947.0,0.0780859100991651,766.0,0.042925346368769844,686.0,0.0,701.5,-12.0,952.5,-394.0,915.0,7.635836249429622e-05,699.0,825.75,0.0
TF:hog_b11,0,8.464106940664351e-06,812.0,0.029207255354893064,836.0,0.0,987.5,0.007931582034289808,899.0,0.0,701.5,-11.0,852.5,-332.0,853.5,7.68321383151402e-05,692.0,829.25,0.0
TF:lbp_b9,0,3.829568129276595e-07,883.0,0.07423998673299022,741.0,0.03662450644192994,861.0,0.0044869792167702895,919.0,0.0,701.5,-11.0,852.5,-367.0,888.0,6.732213439015007e-05,800.0,830.75,0.0
TF:hog_b12,0,7.95061350800097e-06,816.0,0.021225885314058918,849.0,0.01563901210420493,900.0,0.003485004195979987,930.0,0.0,701.5,-12.0,952.5,-388.0,909.0,8.437755161407776e-05,604.0,832.75,0.0
TF:lbp_b17,0,2.749682721514546e-07,889.0,0.08802666384751355,688.0,0.055627150688186244,819.0,0.01186393968877688,875.0,0.0,701.5,-11.0,852.5,-407.0,928.0,5.2354986902043445e-05,916.0,833.625,0.0
TF:WPT_aada_zcr,0,0.00038282378227449954,693.0,0.023276673844271137,848.0,0.008664584983914203,923.0,0.007769434918315226,901.0,0.0,701.5,-11.0,852.5,-420.0,941.0,6.376618394166508e-05,834.0,836.75,0.0
TF:stft_min,0,7.37021194972577e-39,965.0,4.514470825606412e-09,961.0,0.00486176510306624,943.0,0.004880143784421512,915.0,0.0,701.5,-10.0,752.5,-343.0,864.0,8.332470980408305e-05,617.0,839.875,0.0
FREQ:hist_b20,0,0.0004918877966701984,677.0,0.02465274853084743,844.0,0.011013790681515534,917.0,0.001916694385632508,938.0,0.0,701.5,-10.0,752.5,-433.0,954.0,5.13970086700309e-06,954.0,842.25,0.0
TF:lbp_b18,0,2.3841086260745215e-07,891.0,0.0757869402188102,733.0,0.03484259896141495,864.0,0.0038331791709886,924.0,0.0,701.5,-11.0,852.5,-410.0,931.0,6.0841365335651606e-05,866.0,845.375,0.0
TF:WPT_adaa_zcr,0,0.00024184332869481295,722.0,0.017682633346226953,858.0,0.0,987.5,0.00987499932785438,888.0,0.0,701.5,-11.0,852.5,-402.0,923.5,6.31666515489911e-05,840.0,846.625,0.0
TF:WPT_ddaa_zcr,0,0.0002691316185519099,718.0,0.009531926770221607,876.0,0.0,987.5,-0.002420034157318879,993.0,0.0,701.5,-11.0,852.5,-338.0,859.0,6.559326480221749e-05,819.0,850.8125,0.0
TF:WPT_daaa_zcr,0,0.0002397479402134195,723.0,0.02023672478492668,853.0,0.0012607989750685888,966.0,-0.003192836179612254,994.0,0.0,701.5,-12.0,952.5,-380.0,901.0,7.507313503630277e-05,721.0,851.5,0.0
TF:lbp_b13,0,1.8061106743516575e-07,894.0,0.08661731155781532,695.0,0.04868787810282882,835.0,0.0013108659188786117,939.0,0.0,701.5,-12.0,952.5,-387.0,908.0,5.6712004718921904e-05,895.0,852.5,0.0
FREQ:hist_b18,0,8.876231731846929e-06,807.0,0.005975431871405241,900.0,0.002564453001033584,959.0,0.00020067495754493573,943.0,0.0,701.5,-9.0,652.5,-436.0,957.0,2.232702673376134e-07,958.0,859.75,0.0
TF:lbp_b20,0,1.705573815513617e-08,917.0,0.04302726315163749,810.0,0.012258302592669246,914.0,0.006452564173328972,907.0,0.0,701.5,-10.0,752.5,-432.0,953.0,3.934030938425015e-05,946.0,862.625,0.0
FREQ:hist_b19,0,4.9694357585394755e-05,763.0,0.011814063676099974,867.0,0.0007398177364263958,969.0,-0.0010559284565857874,991.0,0.0,701.5,-10.0,752.5,-434.0,955.0,1.8674352309763092e-06,956.0,869.375,0.0
TF:lbp_b4,0,4.262955144440639e-08,907.0,0.06588331323052304,759.0,0.03392316362466863,867.0,0.00380876736497929,925.0,0.0,701.5,-12.0,952.5,-422.0,943.0,5.129532962308316e-05,919.0,871.75,0.0
FREQ:hist_b17,0,6.877193641230406e-07,866.0,0.0031334012080620247,930.0,0.0,987.5,8.958333333333336e-05,944.0,0.0,701.5,-9.0,652.5,-437.0,958.0,1.8820113954816122e-06,955.0,874.3125,0.0
TF:lbp_b21,0,1.9905151305010804e-08,913.0,0.03903283278786871,817.0,0.005992247953170882,937.0,-0.004902232196536164,1002.0,0.0,701.5,-11.0,852.5,-428.0,949.0,6.187316103986983e-05,854.0,878.25,0.0
FREQ:hist_b16,0,1.0603361744188078e-08,920.0,0.002031164079024603,942.0,0.0,987.5,0.0,966.5,0.0,701.5,-8.0,552.5,-459.0,980.5,0.0,980.5,878.875,0.0
TF:lbp_b5,0,2.7485363318646705e-08,911.0,0.04013916114854031,813.0,0.013400775545240773,908.0,0.015226388870837328,854.0,0.0,701.5,-12.0,952.5,-431.0,952.0,4.0150522045499725e-05,942.0,879.25,0.0
TIME:mean,0,3.4491770797447675e-34,962.0,2.782820539865253e-08,959.0,0.004835489792885284,945.0,0.0028477778731685003,932.0,0.0,701.5,-12.0,952.5,-426.0,947.0,6.766047810391048e-05,797.0,899.5,0.0
SPAT:sp_spread,0,6.20713472017087e-05,759.0,3.4447971653526974e-09,962.0,0.0,987.5,0.0,966.5,0.0,701.5,-12.0,952.5,-459.0,980.5,0.0,980.5,911.25,0.0
FREQ:hist_b15,0,1.4065222077308537e-11,942.0,0.002246842459132287,936.0,0.0034572168731852315,952.0,0.0,966.5,0.0,701.5,-12.0,952.5,-459.0,980.5,0.0,980.5,926.4375,0.0
FREQ:hist_b13,0,4.0191027589342454e-13,947.0,0.0014030948485812512,951.0,0.0005383174938531354,970.0,0.0,966.5,0.0,701.5,-12.0,952.5,-459.0,980.5,0.0,980.5,931.1875,0.0
FREQ:hist_b14,0,1.20570220474292e-12,945.0,0.0014346839617956928,950.0,0.0,987.5,0.0,966.5,0.0,701.5,-12.0,952.5,-459.0,980.5,0.0,980.5,933.0,0.0
SPAT:sp_smoothness,0,0.0,984.0,0.0,984.5,0.00768829024691664,927.0,0.0,966.5,0.0,701.5,-12.0,952.5,-459.0,980.5,0.0,980.5,934.625,0.0
SPAT:sp_coverage,0,0.0,984.0,0.0,984.5,0.006860162923843838,931.0,0.0,966.5,0.0,701.5,-12.0,952.5,-459.0,980.5,0.0,980.5,935.125,0.0
FREQ:hist_b8,0,0.0,984.0,0.0,984.5,0.006857049460539333,932.0,0.0,966.5,0.0,701.5,-12.0,952.5,-459.0,980.5,0.0,980.5,935.25,0.0
SPAT:sp_width,0,0.0,984.0,0.0,984.5,0.005064901703795588,942.0,0.0,966.5,0.0,701.5,-12.0,952.5,-459.0,980.5,0.0,980.5,936.5,0.0
SPAT:sp_active50,0,0.0,984.0,0.0,984.5,0.004393766914541519,947.0,0.0,966.5,0.0,701.5,-12.0,952.5,-459.0,980.5,0.0,980.5,937.125,0.0
SPAT:sp_active_frac,0,0.0,984.0,0.0,984.5,0.003570719905009234,950.0,0.0,966.5,0.0,701.5,-12.0,952.5,-459.0,980.5,0.0,980.5,937.5,0.0
FREQ:hist_b7,0,0.0,984.0,0.0,984.5,0.0035348866982030103,951.0,0.0,966.5,0.0,701.5,-12.0,952.5,-459.0,980.5,0.0,980.5,937.625,0.0
SPAT:sp_active10,0,0.0,984.0,0.0,984.5,0.003443730025401326,953.0,0.0,966.5,0.0,701.5,-12.0,952.5,-459.0,980.5,0.0,980.5,937.875,0.0
SPAT:sp_top3_frac,0,0.0,984.0,0.0,984.5,0.0029054868809894607,956.0,0.0,966.5,0.0,701.5,-12.0,952.5,-459.0,980.5,0.0,980.5,938.25,0.0
SPAT:sp_entropy,0,0.0,984.0,0.0,984.5,0.0024010684960682482,961.0,0.0,966.5,0.0,701.5,-12.0,952.5,-459.0,980.5,0.0,980.5,938.875,0.0
SPAT:sp_centroid,0,0.0,984.0,0.0,984.5,0.002125414971268391,962.0,0.0,966.5,0.0,701.5,-12.0,952.5,-459.0,980.5,0.0,980.5,939.0,0.0
TIME:hjorth_activity,0,0.0,984.0,0.0,984.5,0.0018681075001150127,964.0,0.0,966.5,0.0,701.5,-12.0,952.5,-459.0,980.5,0.0,980.5,939.25,0.0
FREQ:hist_b11,0,0.0,984.0,0.0,984.5,0.0009711033596331298,968.0,0.0,966.5,0.0,701.5,-12.0,952.5,-459.0,980.5,0.0,980.5,939.75,0.0
SPAT:sp_n_clusters,0,0.0,984.0,0.0,984.5,0.0003987369693603249,971.0,0.0,966.5,0.0,701.5,-12.0,952.5,-459.0,980.5,0.0,980.5,940.125,0.0
FREQ:hist_b6,0,0.0,984.0,0.0,984.5,0.0,987.5,0.0,966.5,0.0,701.5,-12.0,952.5,-459.0,980.5,0.0,980.5,942.1875,0.0
FREQ:hist_b9,0,0.0,984.0,0.0,984.5,0.0,987.5,0.0,966.5,0.0,701.5,-12.0,952.5,-459.0,980.5,0.0,980.5,942.1875,0.0
FREQ:hist_b10,0,0.0,984.0,0.0,984.5,0.0,987.5,0.0,966.5,0.0,701.5,-12.0,952.5,-459.0,980.5,0.0,980.5,942.1875,0.0
FREQ:hist_b12,0,0.0,984.0,0.0,984.5,0.0,987.5,0.0,966.5,0.0,701.5,-12.0,952.5,-459.0,980.5,0.0,980.5,942.1875,0.0
SPAT:sp_flatness,0,0.0,984.0,0.0,984.5,0.0,987.5,0.0,966.5,0.0,701.5,-12.0,952.5,-459.0,980.5,0.0,980.5,942.1875,0.0
SPAT:sp_max_frac,0,0.0,984.0,0.0,984.5,0.0,987.5,0.0,966.5,0.0,701.5,-12.0,952.5,-459.0,980.5,0.0,980.5,942.1875,0.0
SPAT:sp_cluster_mean,0,0.0,984.0,0.0,984.5,0.0,987.5,0.0,966.5,0.0,701.5,-12.0,952.5,-459.0,980.5,0.0,980.5,942.1875,0.0
SPAT:sp_cluster_max,0,0.0,984.0,0.0,984.5,0.0,987.5,0.0,966.5,0.0,701.5,-12.0,952.5,-459.0,980.5,0.0,980.5,942.1875,0.0
SPAT:sp_cluster_std,0,0.0,984.0,0.0,984.5,0.0,987.5,0.0,966.5,0.0,701.5,-12.0,952.5,-459.0,980.5,0.0,980.5,942.1875,0.0
SPAT:st_std,0,0.0,984.0,0.0,984.5,0.0,987.5,0.0,966.5,0.0,701.5,-12.0,952.5,-459.0,980.5,0.0,980.5,942.1875,0.0
SPAT:st_energy,0,0.0,984.0,0.0,984.5,0.0,987.5,0.0,966.5,0.0,701.5,-12.0,952.5,-459.0,980.5,0.0,980.5,942.1875,0.0
