feature,votes,score_variance,rank_variance,score_pearson,rank_pearson,score_mutual_info,rank_mutual_info,score_relieff,rank_relieff,score_mrmr,rank_mrmr,score_rfe,rank_rfe,score_boruta,rank_boruta,score_shap,rank_shap,avg_rank,selection_pct
SPAT:st_grad_t_energy,8,62152700.0,12.0,0.2636791591617531,1.0,0.7748913433229081,1.0,0.28178892830141583,1.0,400.0,1.0,-3.0,52.5,-1.0,59.0,0.004571473089171814,3.0,16.3125,100.0
SPAT:st_grad_c_energy,8,2731586816.0,11.0,0.2522098807547364,4.0,0.646571738399746,6.0,0.23985860529306402,5.0,391.0,10.0,-3.0,52.5,-1.0,59.0,0.005576186794116102,1.0,18.5625,100.0
SPAT:st_t_skew,8,5.882787227630615,165.0,0.24632435527670626,7.0,0.5177699750086648,12.0,0.26056392721868293,2.0,390.0,11.0,-3.0,52.5,-1.0,59.0,0.002520490972367591,18.0,40.8125,100.0
SPAT:st_vel_std,8,0.2652328610420227,304.0,0.22846025409046897,10.0,0.4743168126311774,15.0,0.20162501077093423,10.0,385.0,16.0,-3.0,52.5,-1.0,59.0,0.003115261637596538,14.0,60.0625,100.0
SPAT:st_traj_range,8,9.455780029296875,146.0,0.21062605745949917,202.0,0.3524688702157164,319.0,0.18232377543852216,16.0,381.0,20.0,-3.0,52.5,-1.0,59.0,0.0010804441525082754,39.0,106.6875,100.0
TF:tfband_1,8,74.1196517944336,89.0,0.21615149082159305,171.0,0.4122012607846708,136.0,0.18681256151950665,14.0,344.0,57.0,-6.0,352.5,-1.0,59.0,0.0007816641772100324,62.0,117.5625,100.0
TF:DWT_L0_tk_mean,8,500.9629821777344,73.0,0.217410108250017,150.0,0.45582950002828904,27.0,0.1554603547810958,139.0,262.0,139.0,-6.0,352.5,-1.0,59.0,0.001336251511401297,28.0,120.9375,100.0
TF:tfband_2,8,40.529449462890625,103.0,0.20685436687991374,214.0,0.46693364384901814,16.0,0.10066851279861998,425.0,231.0,170.0,-3.0,52.5,-1.0,59.0,0.003635730621135815,9.0,131.0625,100.0
SPAT:st_traj_var,8,14.161697387695312,133.0,0.1770314821102827,391.0,0.5322768511624458,11.0,0.10918692226818008,351.0,333.0,68.0,-3.0,52.5,-1.0,59.0,0.00278630686551176,15.0,135.0625,100.0
SPAT:st_entropy,8,0.040357060730457306,443.0,0.20179055690476946,235.0,0.678838613017239,5.0,0.13416893424431173,272.0,383.0,18.0,-3.0,52.5,-1.0,59.0,0.004643520461727116,2.0,135.8125,100.0
TF:WPT_aaaa_zcr,8,0.01832161471247673,476.0,0.22445868013197798,28.0,0.3519707879189533,323.0,0.1918519249778694,12.0,370.0,31.0,-5.0,252.5,-1.0,59.0,0.0027265581618530275,16.0,149.6875,100.0
TF:DWT_L0_zcr,8,0.012019142508506775,495.0,0.1957982738732832,255.0,0.28614641371386096,468.0,0.18821860513278948,13.0,388.0,13.0,-3.0,52.5,-1.0,59.0,0.0006562211687138403,83.0,179.8125,100.0
TF:DWT_L0_iqr,8,6.701828956604004,158.0,0.18337023603365776,371.0,0.30261150920908264,430.0,0.1693009556367618,56.0,181.0,220.0,-3.0,52.5,-1.0,59.0,0.00045624388951234963,143.0,186.1875,100.0
SPAT:st_burstiness,8,0.02701781690120697,463.0,0.15755941460596745,475.0,0.4114164375007885,139.0,0.124984890389701,296.0,397.0,4.0,-3.0,52.5,-1.0,59.0,0.0031830704394062988,13.0,187.6875,100.0
TF:Et_std,8,0.22245875000953674,315.0,0.20700046656738463,213.0,0.3844968506630755,224.0,0.12441222182608105,297.0,348.0,53.0,-6.0,352.5,-1.0,59.0,0.001286258510499443,30.0,192.9375,100.0
TF:tf_burstiness,8,0.26747214794158936,303.0,0.21070849534661049,199.0,0.33055330029342533,370.0,0.13609167555989204,267.0,358.0,43.0,-6.0,352.5,-1.0,59.0,0.0011635031324945362,35.0,203.5625,100.0
TF:DWT_L0_mad,8,1.6299078464508057,215.0,0.18464190391374402,359.0,0.312604632456829,405.0,0.1693396292564859,55.0,171.0,230.0,-5.0,252.5,-1.0,59.0,0.0002901642189458621,265.0,230.0625,100.0
TIME:energy_gini,8,0.028777318075299263,460.0,0.2141782137334716,185.0,0.3182924257752058,388.0,0.1416307262752557,246.0,335.0,66.0,-6.0,352.5,-1.0,59.0,0.0004722607924219628,131.0,235.9375,100.0
TF:Et_p25,8,0.0293525829911232,459.0,0.2206145943126597,86.0,0.27445020318320346,490.0,0.1544186731415007,149.0,369.0,32.0,-6.0,352.5,-1.0,59.0,0.00027348966627728006,286.0,239.1875,100.0
FREQ:peak1_amp,8,1058067.375,16.0,0.18447463498477004,362.0,0.3046237927889077,420.0,0.1683262596340596,65.0,128.0,273.0,-7.0,452.5,-61.0,202.0,0.00045192921956488575,145.0,241.9375,100.0
TF:tf_ridge_density,8,0.026693711057305336,464.0,0.18820521977024313,347.0,0.3366540349475384,358.0,0.09669303511741252,445.0,275.0,126.0,-3.0,52.5,-1.0,59.0,0.0005102517936019639,118.0,246.1875,100.0
FREQ:mag_max,8,1058067.375,16.0,0.18447463498477004,362.0,0.3046237927889077,420.0,0.1683262596340596,65.0,137.0,264.0,-7.0,452.5,-75.0,216.0,0.00038694585015290687,183.0,247.3125,100.0
FREQ:mag_range,8,1058067.375,16.0,0.18447463498477004,362.0,0.3046237927889077,420.0,0.1683262596340596,65.0,133.0,268.0,-7.0,452.5,-45.0,186.5,0.000267786957136146,293.0,257.875,100.0
TF:WPT_aaaa_iqr,8,0.836613118648529,236.0,0.15873033427457367,465.0,0.3468941638504752,337.0,0.12624708356779127,288.0,99.0,302.0,-5.0,252.5,-1.0,59.0,0.0004803164970283219,128.0,258.4375,100.0
TF:Et_entropy,8,0.19800518453121185,328.0,0.19718567194242892,251.0,0.3607702485190112,298.0,0.09872125970369791,431.0,298.0,103.0,-7.0,452.5,-1.0,59.0,0.00040841491237753193,167.0,261.1875,100.0
TF:flux_std,8,0.010348216630518436,501.0,0.20426793890168607,226.0,0.4352001289602989,80.0,0.12900872009145298,281.0,220.0,181.0,-6.0,352.5,-32.0,173.0,0.00023560631876889138,346.0,267.5625,100.0
TF:Et_range,8,6.478913307189941,161.0,0.1907131915218106,325.0,0.3073658246487483,417.0,0.08540879700926443,491.0,217.0,184.0,-6.0,352.5,-7.0,148.5,0.0005280737806331269,113.0,274.0,100.0
TF:DWT_L0_tk_std,8,1991.635498046875,61.0,0.19029472846777723,332.0,0.3041831752970303,423.0,0.0836965448093124,498.0,165.0,236.0,-7.0,452.5,-1.0,59.0,0.0004247710745067363,158.0,277.4375,100.0
TF:WPT_aaaa_mad,8,0.20389799773693085,324.0,0.15620132450349622,477.0,0.32646670046132265,377.0,0.12369213756757103,304.0,68.0,333.0,-5.0,252.5,-2.0,130.5,0.000471932178039139,132.0,291.25,100.0
TF:stft_max,8,1.6015788316726685,216.5,0.17533412284012162,401.5,0.31214147184457586,407.5,0.08397495084802672,494.5,24.0,377.0,-6.0,352.5,-1.0,59.0,0.0007849205604355678,61.0,296.1875,100.0
TF:stft_range,8,1.6015788316726685,216.5,0.17533412284012162,401.5,0.31214147184457586,407.5,0.08397495084802672,494.5,21.0,380.0,-6.0,352.5,-1.0,59.0,0.0007029402711299015,72.0,297.9375,100.0
TF:glcm_30_contrast_d2_a2,8,0.056131068617105484,420.0,0.18001032633254582,383.0,0.3500869915597984,331.0,0.11409682685932544,332.0,49.0,352.0,-7.0,452.5,-7.0,148.5,0.00025060978784413205,315.0,341.75,100.0
TF:WPT_addd_min,8,0.18012985587120056,340.0,0.1802292979666316,382.0,0.358911827409484,306.0,0.1241808166737229,300.0,0.0,701.5,-6.0,352.5,-166.0,307.0,0.0002887765209065427,268.0,369.625,100.0
SPAT:st_grad_c_mean,7,0.007647555321455002,516.0,0.25681098266915786,3.0,0.7020579483360212,4.0,0.22129227505030843,7.0,389.0,12.0,-3.0,52.5,-1.0,59.0,0.004158866053297497,5.0,82.3125,87.5
SPAT:st_grad_t_mean,7,0.003463468514382839,574.0,0.26017197297082356,2.0,0.7728952823399382,2.0,0.2549819519195801,4.0,392.0,9.0,-3.0,52.5,-1.0,59.0,0.003938586968268547,7.0,88.6875,87.5
SPAT:st_active_dur_frac,7,0.002157494891434908,595.0,0.23692549309720753,8.0,0.6010221054260536,8.0,0.25777732067557696,3.0,394.0,7.0,-3.0,52.5,-1.0,59.0,0.00256349175009063,17.0,93.6875,87.5
SPAT:st_edge_density_t,7,0.0011560097336769104,629.0,0.2311516599915888,9.0,0.7555485491129899,3.0,0.21403689152228714,8.0,384.0,17.0,-3.0,52.5,-1.0,59.0,0.0034378094543824097,11.0,98.5625,87.5
SPAT:st_grad_corr,7,0.00046282459516078234,680.0,0.2467442529045664,6.0,0.5461878535394988,9.0,0.20282165672738262,9.0,382.0,19.0,-3.0,52.5,-1.0,59.0,0.0034906839710256536,10.0,105.5625,87.5
SPAT:st_anisotropy,7,0.00024492706870660186,722.0,0.24922785521454952,5.0,0.6091730536645414,7.0,0.22438586148427966,6.0,387.0,14.0,-3.0,52.5,-1.0,59.0,0.0038602107583785377,8.0,109.1875,87.5
SPAT:st_edge_density_c,7,0.0003283346595708281,704.0,0.22680659167590786,12.0,0.5444502254494687,10.0,0.14599395942788465,233.0,378.0,23.0,-3.0,52.5,-1.0,59.0,0.004239790848521298,4.0,137.1875,87.5
TF:WPT_adda_energy,7,1272.3876953125,63.0,0.22616042726072155,14.0,0.40178835303698524,172.0,0.177337654689223,30.0,375.0,26.0,-8.0,552.5,-29.0,170.5,0.000494951989546981,126.0,144.25,87.5
TIME:zcr,7,59309.69921875,36.0,0.22016376612748914,94.0,0.43112359304205583,94.0,0.15153015355896693,178.0,89.0,312.0,-8.0,552.5,-1.0,59.0,0.0018336427040219064,24.0,168.6875,87.5
TF:Ef_centroid,7,100039.234375,33.0,0.22023145102408528,92.0,0.4132522877418072,131.0,0.18048056327903222,21.0,351.0,50.0,-11.0,852.5,-2.0,130.5,0.0007985561157396728,60.0,171.25,87.5
TIME:zcr_rate,7,88400.015625,34.0,0.2201637158964496,95.0,0.42779890253853203,100.0,0.15153015282887897,179.0,90.0,311.0,-8.0,552.5,-1.0,59.0,0.0010206950440503377,40.0,171.3125,87.5
TF:WPT_aada_energy,7,17546.267578125,45.0,0.22538766285729248,18.0,0.41512088327748264,127.0,0.17475988757862526,35.0,349.0,52.0,-9.0,652.5,-239.0,380.0,0.00063892187230934,88.0,174.6875,87.5
SPAT:st_kurt,7,1.765284538269043,214.0,0.1650857011663854,448.0,0.5093318099218109,13.0,0.06211532244880583,588.0,316.0,85.0,-4.0,152.5,-1.0,59.0,0.004087246257230833,6.0,195.6875,87.5
TF:WPT_aada_var,7,0.06535036861896515,402.0,0.22538723125765067,19.0,0.4160121170648776,125.0,0.17472322035866217,36.0,353.0,48.0,-9.0,652.5,-101.0,242.5,0.0009811768557424995,42.0,195.875,87.5
SPAT:st_t_max,7,1.5179345780325093e-07,889.0,0.21141204686195172,196.0,0.3662753483057335,277.0,0.18111124985816382,19.0,346.0,55.0,-3.0,52.5,-1.0,59.0,0.00073666600733982,69.0,202.0625,87.5
TF:tf_perimeter,7,0.0027593192644417286,582.0,0.20704266714590336,212.0,0.4191562250982188,119.0,0.16725833595813652,71.0,277.0,124.0,-6.0,352.5,-1.0,59.0,0.0005138497113384915,117.0,204.5625,87.5
TF:tf_freq_time_var_ratio,7,14.55205249786377,132.0,0.15787610513832975,472.0,0.2236248183656393,599.0,0.1253243345139933,293.0,393.0,8.0,-3.0,52.5,-1.0,59.0,0.001138139670507479,36.0,206.4375,87.5
TIME:peak_rate,7,25616.97265625,42.0,0.2152240934305707,178.0,0.4353801601486098,78.0,0.15392238650170276,153.5,289.0,112.0,-9.0,652.5,-256.0,397.0,0.0005010642160222776,125.0,217.25,87.5
TF:WPT_adda_tk_mean,7,0.004324995446950197,561.0,0.22476269019836734,25.0,0.3917045966682755,194.0,0.17288037409343116,40.0,367.0,34.0,-7.0,452.5,-144.0,285.0,0.00042800564984275103,154.0,218.1875,87.5
TF:Ef_kurt,7,2644.19970703125,58.0,0.19781439620580368,248.0,0.36049314088552764,301.0,0.17890194739929788,24.0,225.0,176.0,-8.0,552.5,-37.0,178.0,0.0003443353952304144,217.0,219.3125,87.5
TF:mod0_centroid,7,2.1908304691314697,207.0,0.18538835936140435,355.0,0.22725441054927886,590.0,0.10787425695961292,354.0,279.0,122.0,-3.0,52.5,-1.0,59.0,0.0011052568495351833,37.0,222.0625,87.5
TF:WPT_dada_mad,7,7.414683932438493e-05,752.0,0.2224741846322274,53.0,0.40142055956927924,173.0,0.16298896472270288,97.0,290.0,111.0,-7.0,452.5,-2.0,130.5,0.0009503991361834723,44.0,226.625,87.5
TF:DWT_L5_iqr,7,0.016531765460968018,481.0,0.22138224049719277,70.0,0.4653729122642578,17.0,0.16036874010925448,107.0,264.0,137.0,-10.0,752.5,-2.0,130.5,0.0005089415263030847,120.0,226.875,87.5
TF:WPT_ddad_mad,7,4.908201844955329e-07,871.0,0.22099766530046694,76.0,0.4397839474983778,65.0,0.15954120826561646,112.0,278.0,123.0,-5.0,252.5,-26.0,167.5,0.0004298967696659036,152.0,227.375,87.5
TF:Ef_rolloff85,7,359836.53125,24.0,0.21119286689678052,197.0,0.4566176031164386,24.0,0.139873068432671,258.0,33.0,368.0,-9.0,652.5,-131.0,272.0,0.000896809099570247,49.0,230.5625,87.5
FREQ:hist_b30,7,0.002720000920817256,587.0,0.20954730995864096,207.0,0.39777560809864143,180.0,0.18056457276550522,20.0,342.0,59.0,-7.0,452.5,-12.0,153.5,0.00036215459027151835,202.0,232.625,87.5
SPAT:st_t_entropy,7,0.01598534733057022,482.0,0.16489323725710234,451.0,0.4851385633927485,14.0,0.06555013020824596,573.0,174.0,227.0,-3.0,52.5,-1.0,59.0,0.003359980564295203,12.0,233.8125,87.5
TF:Ef_skew,7,14.055166244506836,134.0,0.20537947120578284,220.0,0.35883743621446484,307.0,0.18140150935570032,18.0,336.0,65.0,-8.0,552.5,-37.0,178.0,0.00019716674626309478,440.0,239.3125,87.5
TF:WPT_dddd_var,7,4.1597187916408984e-09,916.0,0.2219363676335855,63.0,0.40758470583200923,154.0,0.17188534328726487,47.0,330.0,71.0,-6.0,352.5,-60.0,201.0,0.0004276576044173435,156.0,245.0625,87.5
TF:WPT_aada_tk_mean,7,0.04122735187411308,438.0,0.2276330888807947,11.0,0.3871525807066232,214.0,0.17628228825308778,34.0,377.0,24.0,-8.0,552.5,-154.0,295.0,0.0001987108858634152,436.0,250.5625,87.5
TF:Ef_peak_amp,7,93.23126220703125,84.0,0.1826778234599418,375.0,0.3974081061311927,181.0,0.15493804818117352,145.0,0.0,701.5,-6.0,352.5,-2.0,130.5,0.0011036449257190003,38.0,250.9375,87.5
TF:das_cyclostationary_index,7,0.027768941596150398,461.0,0.1992410415190848,247.0,0.23528549588714842,577.0,0.13016314053462047,280.0,156.0,245.0,-3.0,52.5,-1.0,59.0,0.000607127726723086,97.0,252.3125,87.5
TF:WPT_adda_iqr,7,0.030556345358490944,455.0,0.21976660350932636,105.0,0.42203865542009655,112.0,0.1573460766590635,127.0,246.0,155.0,-8.0,552.5,-34.0,175.0,0.00023710850687707057,344.0,253.1875,87.5
TF:tfband_0,7,61.39898681640625,93.0,0.17969644054091913,384.0,0.34281819829030935,348.0,0.13863390544981802,261.0,0.0,701.5,-4.0,152.5,-1.0,59.0,0.0009167620254321009,48.0,255.875,87.5
TF:WPT_ddad_iqr,7,1.9608978618634865e-06,837.0,0.2210549296393609,73.0,0.4357997875884734,75.0,0.1589450511486882,118.0,276.0,125.0,-6.0,352.5,-220.0,361.0,0.0005186095630090018,115.0,257.0625,87.5
TF:Ef_max,7,82.64691925048828,85.5,0.19303157211926092,297.5,0.37887655138623844,250.5,0.15751280779340426,124.5,57.0,344.0,-9.0,652.5,-7.0,148.5,0.00040905108175701095,166.0,258.625,87.5
TF:Ef_range,7,82.64691925048828,85.5,0.19303157211926092,297.5,0.37887655138623844,250.5,0.15751280779340426,124.5,55.0,346.0,-9.0,652.5,-41.0,182.0,0.00040713638630231343,169.0,263.4375,87.5
TF:WPT_dddd_tk_mean,7,2.3203561294593555e-09,919.0,0.22315592770461182,40.0,0.3777300740103162,254.0,0.17356483572828516,39.0,345.0,56.0,-7.0,452.5,-58.0,199.5,0.0004395478464067394,148.0,263.5,87.5
TF:WPT_adda_std,7,0.017221271991729736,479.0,0.22005740891227335,99.0,0.4028850763474141,169.0,0.15474504980506937,147.0,182.0,219.0,-10.0,752.5,-52.0,193.0,0.0006959347710930376,75.0,266.6875,87.5
TF:stft_p50,7,1.909964477249559e-21,947.0,0.2203483806339182,91.0,0.4589673220286543,20.0,0.1781846144497449,25.0,379.0,22.0,-7.0,452.5,-2.0,130.5,0.00019169447383983956,456.0,268.0,87.5
TF:WPT_adda_abs_mean,7,0.010602382011711597,499.0,0.22176177191102178,65.0,0.4453318034771052,52.0,0.15850783586834583,120.0,238.0,163.0,-10.0,752.5,-23.0,164.0,0.00022392656079593185,368.0,272.9375,87.5
TF:WPT_dada_tk_mean,7,3.8466092178168765e-07,878.0,0.22540524941575868,17.0,0.4383185876171636,67.0,0.1728781538232075,41.0,366.0,35.0,-5.0,252.5,-348.0,489.0,0.00020746146206934466,406.0,273.1875,87.5
FREQ:bandP_1,7,23659055939584.0,2.0,0.18273868862367212,373.0,0.2850820275675181,470.5,0.06242619694105755,583.0,7.0,394.0,-5.0,252.5,-1.0,59.0,0.0008533901414083452,54.0,273.5,87.5
TF:Ef_harmonic_ratio,7,0.014270203188061714,487.0,0.14942659182348267,504.0,0.2887362065835908,463.0,0.14125735203185802,247.0,254.0,147.0,-3.0,52.5,-2.0,130.5,0.0003938379075264827,179.0,276.25,87.5
TF:stft_std,7,0.0004378974554128945,684.0,0.19384025328844284,283.0,0.36132949920328494,295.0,0.1365766112808592,262.0,195.0,206.0,-6.0,352.5,-1.0,59.0,0.0007219840090189038,71.0,276.5625,87.5
TF:Et_min,7,0.022605378180742264,470.0,0.20309103468884945,228.0,0.3821727995774702,236.0,0.15188073452242587,172.0,257.0,144.0,-4.0,152.5,-416.0,557.5,0.0002828519098917894,274.0,279.25,87.5
FREQ:mag_std,7,7.77272891998291,153.0,0.21642122716577916,170.0,0.3810513979817194,240.0,0.16245898733684183,102.0,140.0,261.0,-11.0,852.5,-162.0,303.0,0.0004098315380950344,165.0,280.8125,87.5
TF:WPT_aada_rms,7,0.06321864575147629,410.0,0.2197329026647487,109.0,0.4130347964637968,132.0,0.15042596213484005,190.0,157.0,244.0,-10.0,752.5,-231.0,372.0,0.0009559390736591087,43.0,281.5625,87.5
TF:WPT_aaaa_tk_mean,7,4.166344165802002,177.0,0.14414747554212318,529.0,0.3256536415089104,379.0,0.09916200997493019,428.0,154.0,247.0,-6.0,352.5,-1.0,59.0,0.0006472709023172899,86.0,282.1875,87.5
TF:WPT_adda_rms,7,0.017236817628145218,478.0,0.22004947722252222,100.0,0.4032730505592359,167.0,0.15472533634637675,148.0,180.0,221.0,-10.0,752.5,-112.0,253.5,0.0003736588800066985,197.0,289.625,87.5
TF:das_transient_index,7,1.4150153398513794,221.0,0.17067405297064459,432.0,0.3315541344324324,366.0,0.07521719888881888,531.0,147.0,254.0,-7.0,452.5,-1.0,59.0,0.001172001801556449,34.0,293.6875,87.5
TF:stft_rms,7,0.00043358662514947355,685.0,0.1936499982268224,285.0,0.3639843220102037,285.0,0.13592820394591293,268.0,191.0,210.0,-6.0,352.5,-1.0,59.0,0.0003585427521103419,206.0,293.8125,87.5
TF:WPT_addd_iqr,7,0.030095359310507774,457.0,0.21795428992110233,140.0,0.4264239321612835,101.0,0.15650927550930194,132.0,193.0,208.0,-10.0,752.5,-294.0,435.5,0.0004668971570640678,135.0,295.125,87.5
TIME:autocorr_lag10,7,0.12354832142591476,366.0,0.21798182536674238,139.0,0.3865860770743077,217.0,0.16405003841769866,89.0,249.0,152.0,-11.0,852.5,-252.0,393.0,0.00033263241185506955,228.0,304.5625,87.5
TF:Ef_std,7,0.42700400948524475,269.0,0.19660393761993017,252.0,0.3960790946982682,184.0,0.1528254432822081,165.0,12.0,389.0,-9.0,652.5,-2.0,130.5,0.00018611993438849938,475.0,314.625,87.5
FREQ:bandP_4,7,6443195957248.0,5.0,0.20465514621758746,223.0,0.3383900897675711,353.5,0.1489590554045608,203.0,85.0,316.0,-9.0,652.5,-332.0,473.0,0.0002469502909506766,322.0,318.5,87.5
FREQ:bandP_rel_1,7,0.02101345919072628,473.0,0.18273868792795617,374.0,0.2850820275675181,470.5,0.06242619684475687,584.0,5.0,396.0,-4.0,152.5,-1.0,59.0,0.0009370357554347599,47.0,319.5,87.5
TF:DWT_L0_p2p,7,150.3478546142578,80.5,0.16935764704160447,438.5,0.2891383356448607,459.5,0.10492822326082853,374.5,0.0,701.5,-6.0,352.5,-1.0,59.0,0.000605032369965089,98.0,320.5,87.5
TF:DWT_L0_range,7,150.3478546142578,80.5,0.16935764704160447,438.5,0.2891383356448607,459.5,0.10492822326082853,374.5,0.0,701.5,-6.0,352.5,-1.0,59.0,0.0006004062732511862,99.0,320.625,87.5
TF:Et_max,7,5.939275741577148,164.0,0.18705756879925767,350.0,0.28282816193347804,476.0,0.08202915632309342,506.0,201.0,200.0,-6.0,352.5,-18.0,159.5,0.0002072009295774966,412.0,327.5,87.5
TF:coherence_std,7,0.0005560061545111239,670.0,0.20854093186479675,208.0,0.36114295729290546,296.0,0.12361384638272228,306.0,88.0,313.0,-7.0,452.5,-2.0,130.5,0.0002809583613311351,277.0,331.625,87.5
FREQ:pow_std,7,5637846528.0,10.0,0.17559849990872012,397.0,0.3560512303159058,315.0,0.11777160042444525,323.0,0.0,701.5,-7.0,452.5,-227.0,368.0,0.00040068031826328546,175.0,342.75,87.5
FREQ:hist_b31,7,0.0006120406906120479,664.0,0.17078436938319283,428.0,0.2703185213464594,500.0,0.08380157715473624,497.0,241.0,160.0,-3.0,52.5,-87.0,228.0,0.00035268528168607566,213.0,342.8125,87.5
TF:WPT_dddd_rel_energy,7,1.5595122415668072e-11,938.0,0.21944157794212504,114.0,0.37456292149612747,262.0,0.16575161744625297,81.0,292.0,109.0,-7.0,452.5,-309.0,450.0,0.0002291965934002873,356.0,345.3125,87.5
TF:WPT_aada_abs_mean,7,0.04040762037038803,442.0,0.22092559731639938,77.0,0.38030009471399673,243.0,0.15365700536789637,156.0,206.0,195.0,-11.0,852.5,-287.0,428.0,0.00021431054873735474,389.0,347.8125,87.5
TIME:env_std,7,0.012766791507601738,491.0,0.17368676087882087,410.0,0.3349596334203313,361.0,0.08570268966824872,490.0,308.0,93.0,-9.0,652.5,-1.0,59.0,0.0003203548009047368,238.0,349.3125,87.5
FREQ:pow_max,7,21789283450880.0,4.0,0.1585236728130092,468.0,0.3031803818150882,428.0,0.09594404378608015,449.0,0.0,701.5,-5.0,252.5,-56.0,197.0,0.0002500331455934877,317.0,352.125,87.5
TIME:energy_entropy,7,0.12219454348087311,367.0,0.1812552551815505,378.0,0.2690799294725337,501.0,0.0684221418933713,565.0,136.0,265.0,-7.0,452.5,-1.0,59.0,0.0003221163375755694,237.0,353.0625,87.5
TF:flux_max,7,0.14310906827449799,357.0,0.18987630683416667,341.0,0.25850841022824245,527.0,0.0881612231726832,482.0,70.0,331.0,-6.0,352.5,-78.0,219.0,0.0003326945549677714,227.0,354.5625,87.5
TF:DWT_L4_max,7,2.482424259185791,203.0,0.17876872493261498,386.0,0.31268344302160145,402.0,0.13370368973241203,274.0,0.0,701.5,-4.0,152.5,-197.0,338.0,0.00020248636335425693,421.0,359.75,87.5
TF:glcm_50_contrast_d3_a2,7,0.05178193747997284,425.0,0.17392314942818587,407.0,0.3335880531675097,363.0,0.10659481007295572,365.0,0.0,701.5,-5.0,252.5,-70.0,211.0,0.00035983763649235275,205.0,366.25,87.5
TF:mod11_spread,7,1.520749568939209,220.0,0.19029056626801624,333.0,0.2958880054758555,442.0,0.10090235819136328,424.0,0.0,701.5,-6.0,352.5,-116.0,257.0,0.0003559170948072231,209.0,367.375,87.5
TF:Et_iqr,7,0.07733161747455597,389.0,0.18901093215500298,344.0,0.285394395179833,469.0,0.09979619909153555,426.0,0.0,701.5,-4.0,152.5,-81.0,222.0,0.00026628090909558953,296.0,375.0,87.5
TF:WPT_adda_log_energy,7,0.36658066511154175,281.0,0.19185504873244852,321.0,0.4059646922738529,160.0,0.09782350032937355,439.0,0.0,701.5,-11.0,852.5,-56.0,197.0,0.0005038359400257269,122.0,384.25,87.5
TF:novelty,7,0.025461364537477493,468.0,0.20022821502480792,242.0,0.2814753780396724,478.0,0.11280991514078169,339.0,30.0,371.0,-6.0,352.5,-522.0,663.0,0.00039994738476408593,176.0,386.1875,87.5
TF:WPT_dddd_log_energy,7,0.35650986433029175,284.0,0.19022378605768653,336.0,0.40676980927390405,158.0,0.09500275963906356,452.0,0.0,701.5,-12.0,952.5,-119.0,260.0,0.000694167214737615,76.0,402.5,87.5
TF:DWT_L3_min,7,4.623533725738525,173.5,0.168658915281601,440.5,0.27224853971626484,496.5,0.11322899718804905,337.5,0.0,701.5,-6.0,352.5,-340.0,481.0,0.0002617636939899315,298.0,410.125,87.5
TF:glcm_54_entropy_d3_a2,7,0.07028627395629883,394.0,0.1934309463869355,288.0,0.36205825731442287,293.0,0.10337094096381073,403.0,11.0,390.0,-12.0,952.5,-267.0,408.0,0.00042922313259919536,153.0,410.1875,87.5
TF:glcm_10_contrast_d1_a2,7,0.031335338950157166,453.0,0.181051201113142,379.0,0.30049309554694137,432.0,0.11574171998612398,327.0,42.0,359.0,-10.0,752.5,-112.0,253.5,0.0002449109510772105,326.0,410.25,87.5
TF:WPT_adad_min,7,0.04329685866832733,432.0,0.17377649840342702,409.0,0.27901451599955696,485.0,0.10604595762686285,368.0,0.0,701.5,-6.0,352.5,-99.0,240.0,0.0002389525959889578,339.0,415.875,87.5
TF:WPT_aaad_min,7,4.623533725738525,173.5,0.168658915281601,440.5,0.27224853971626484,496.5,0.11322899718804905,337.5,0.0,701.5,-5.0,252.5,-347.0,488.0,0.00019707085530009305,441.0,416.375,87.5
TF:WPT_daad_log_energy,7,0.3361845314502716,292.0,0.18986345357669743,342.0,0.4609232552253495,18.0,0.09052912440206771,473.0,0.0,701.5,-12.0,952.5,-159.0,300.0,0.0002996098436136937,253.0,416.5,87.5
TF:WPT_dadd_max,7,0.0012971775140613317,621.0,0.18877614377817215,345.0,0.30057987154873267,431.0,0.12367853344045426,305.0,0.0,701.5,-4.0,152.5,-312.0,453.5,0.00021458537019360894,387.0,424.5625,87.5
TF:WPT_addd_range,7,0.6976153254508972,248.5,0.18562094800269688,352.5,0.383985419996812,228.5,0.13632967556453934,264.5,0.0,701.5,-7.0,452.5,-279.0,420.0,7.104808235270114e-05,908.0,447.0,87.5
TF:WPT_dddd_tk_std,7,1.7351123204889518e-08,909.0,0.1722235410550544,413.0,0.3218167930835003,382.0,0.10818745071282855,353.0,0.0,701.5,-7.0,452.5,-193.0,334.0,0.0002204333781442581,378.0,490.375,87.5
FREQ:bandP_2,6,5988917182464.0,6.0,0.13234073473540853,572.0,0.4525331451726946,33.5,0.0423203030095363,679.0,380.0,21.0,-3.0,52.5,-1.0,59.0,0.0016392311553591135,25.0,181.0,75.0
TIME:autocorr_first_zero,6,4180.0634765625,54.0,0.14792047985400594,515.0,0.42497808825005956,103.0,0.18007837137338392,23.0,0.0,701.5,-4.0,152.5,-1.0,59.0,0.0020286761531644925,23.0,203.875,75.0
TF:DWT_L5_mad,6,0.004133286420255899,564.0,0.22147154550110193,69.0,0.4487744516215124,41.0,0.16020221789656547,108.0,268.0,133.0,-10.0,752.5,-1.0,59.0,0.0005165744033132188,116.0,230.3125,75.0
TF:tf_area,6,0.0009073059190995991,651.5,0.20214022512242455,232.5,0.44137938269993127,59.0,0.15837074739028426,122.5,263.0,138.0,-8.0,552.5,-1.0,59.0,0.0008920808085839848,51.0,233.25,75.0
TF:tf_occupancy,6,0.0009073059190995991,651.5,0.20214022512242455,232.5,0.4355464504687392,77.0,0.15837074739028426,122.5,258.0,143.0,-8.0,552.5,-1.0,59.0,0.0008365383730809502,56.0,236.75,75.0
TF:WPT_dada_iqr,6,0.0002973936207126826,716.0,0.22242109631815568,55.0,0.41022828307091164,146.0,0.16193218176822807,103.0,288.0,113.0,-8.0,552.5,-2.0,130.5,0.0006460892171046626,87.0,237.875,75.0
TF:WPT_adda_mad,6,0.007633733097463846,517.0,0.21988976268376142,103.0,0.41336899468657506,130.0,0.15999920011781335,110.0,252.0,149.0,-8.0,552.5,-18.0,159.5,0.0003760062322933857,193.0,239.25,75.0
TF:tf_sparsity,6,0.000907306035514921,650.0,0.20214020384450757,234.0,0.435329879979931,79.0,0.1583707522400827,121.0,266.0,135.0,-8.0,552.5,-1.0,59.0,0.0006255608452927991,90.0,240.0625,75.0
TF:DWT_L5_energy,6,5157.787109375,50.0,0.2255162218311454,15.0,0.447700121706172,47.0,0.17685686773092996,31.0,359.0,42.0,-10.0,752.5,-223.0,364.5,0.00014361570315157734,659.0,245.125,75.0
TF:WPT_daad_energy,6,0.0016149276634678245,612.0,0.22440660599784815,29.0,0.45656343546159484,25.0,0.16936308299486955,54.0,334.0,67.0,-11.0,852.5,-117.0,258.5,0.0006897982504282554,77.0,246.875,75.0
TF:Ef_flatness,6,5.257627016044819e-14,943.0,0.2251050102621923,23.0,0.45648957931291045,26.0,0.1850568663555236,15.0,360.0,41.0,-11.0,852.5,-1.0,59.0,0.0009457180877530365,45.0,250.5625,75.0
TF:DWT_L5_var,6,0.001223724102601409,627.0,0.2255160092095232,16.0,0.4478699298230002,44.0,0.1768566694580149,32.0,357.0,44.0,-10.0,752.5,-297.0,438.0,0.0005856103352626912,100.0,256.6875,75.0
FREQ:bandP_5,6,22918467682304.0,3.0,0.2228735289305893,45.0,0.447843509686666,45.5,0.17006664303206617,48.0,294.0,107.0,-11.0,852.5,-191.0,332.0,0.00014354101626779415,661.0,261.75,75.0
TF:WPT_adda_rel_energy,6,1.77165766217513e-05,784.0,0.22395051955118955,32.0,0.44984761093592107,39.0,0.1737359429255811,38.0,355.0,46.0,-7.0,452.5,-384.0,525.0,0.0003845063829191701,184.0,262.5625,75.0
TF:DWT_L5_tk_mean,6,0.001367100398056209,617.0,0.22423889031845542,31.0,0.42425535009847826,106.0,0.17255580600503867,43.0,339.0,62.0,-11.0,852.5,-128.0,269.5,0.00038207027921812045,185.0,270.75,75.0
TF:WPT_adda_var,6,0.004733467008918524,558.0,0.2261699873565829,13.0,0.4018947539319888,171.0,0.17733769473029337,29.0,374.0,27.0,-7.0,452.5,-37.0,178.0,0.00012113000217798864,754.0,272.8125,75.0
TF:WPT_adaa_abs_mean,6,9.006349864648655e-05,748.0,0.2224619510215168,54.0,0.43111145453924893,95.0,0.1574572161851217,126.0,223.0,178.0,-10.0,752.5,-2.0,130.5,0.00044351874281039507,147.0,278.875,75.0
TF:WPT_adaa_iqr,6,0.00020314760331530124,726.0,0.22137859749979577,71.0,0.4444751554306299,54.0,0.1520291542204313,171.0,239.0,162.0,-10.0,752.5,-122.0,263.5,0.0008929735566164084,50.0,281.25,75.0
TF:DWT_L6_mad,6,2.2998998247203417e-05,780.0,0.22088815212869276,79.0,0.4443678438620262,55.0,0.16349261678508684,93.0,269.0,132.0,-11.0,852.5,-20.0,161.5,0.0005701802346183271,104.0,282.125,75.0
TF:WPT_addd_tk_mean,6,0.003965501673519611,569.0,0.22190622044565955,64.0,0.41358706393629063,129.0,0.16665800066602746,76.0,297.0,104.0,-9.0,652.5,-276.0,417.5,0.00029571933100813627,256.0,283.5,75.0
TF:WPT_ddad_var,6,2.7114718456622278e-11,935.0,0.21926914167065342,123.0,0.4337277920960334,85.0,0.15903989738921917,115.0,281.0,120.0,-9.0,652.5,-32.0,173.0,0.0007547907049772495,65.0,283.5625,75.0
TF:WPT_daad_tk_mean,6,6.712932876240529e-09,914.0,0.22253922761914233,52.0,0.4348309255578533,81.0,0.1678919085068747,68.0,309.0,92.0,-11.0,852.5,-26.0,167.5,0.0007422161945264516,68.0,286.875,75.0
TIME:n_peaks,6,4297.814453125,53.0,0.2152241628009699,177.0,0.43275129527935263,88.0,0.15392238650170276,153.5,286.0,115.0,-9.0,652.5,-167.0,308.0,0.00011836721974818306,771.0,289.75,75.0
TF:WPT_dada_abs_mean,6,0.0001015597372315824,744.0,0.22176110825487855,66.0,0.4380784638504127,68.0,0.157077410285861,130.0,229.0,172.0,-10.0,752.5,-92.0,233.0,0.00042004754981577846,160.0,290.6875,75.0
TIME:waveform_length,6,399749.34375,23.0,0.21935485103346267,116.0,0.42133875447236147,115.0,0.15234701423334812,168.0,170.0,231.0,-12.0,952.5,-437.0,578.0,0.00043485226447989247,150.0,291.6875,75.0
TF:DWT_L0_entropy,6,0.3732409179210663,279.0,0.13786672935712568,550.0,0.19843561139008292,624.0,0.15355261775869294,157.0,123.0,278.0,-5.0,252.5,-1.0,59.0,0.0004638336520496878,137.0,292.0625,75.0
FREQ:bandP_0,6,79625044623360.0,1.0,0.19475457771769858,270.0,0.24474790160297522,559.5,0.140370761185328,254.0,28.0,373.0,-8.0,552.5,-1.0,59.0,0.00028577358910556475,271.0,292.5,75.0
TF:WPT_addd_energy,6,1077.664306640625,65.0,0.22197456754815284,61.0,0.39699030759466414,183.0,0.16715077491809288,73.0,303.0,98.0,-10.0,752.5,-598.0,739.0,0.0002162077008536163,385.0,294.5625,75.0
TF:stft_gini,6,0.0013008028035983443,620.0,0.21911009081603966,130.0,0.37470136232722906,261.0,0.17779390068886455,28.0,328.0,73.0,-11.0,852.5,-90.0,231.0,0.0003811645899803188,186.0,297.6875,75.0
TF:WPT_aadd_iqr,6,0.6315546631813049,256.0,0.22006151459723014,98.0,0.4359925788560508,73.0,0.15330145251341415,160.0,212.0,189.0,-9.0,652.5,-486.0,627.0,0.00024484923733584016,327.0,297.8125,75.0
TF:WPT_dddd_energy,6,0.0011164906900376081,631.0,0.2219482634048514,62.0,0.40701424794779006,157.0,0.17193153442660353,46.0,332.0,69.0,-6.0,352.5,-62.0,203.5,8.857540653793233e-05,862.0,297.875,75.0
SPAT:sp_grad_mean_abs,6,4.49740936419985e-22,948.0,0.14801518752299114,514.0,0.35676855028875476,313.0,0.11598542801590357,326.0,242.0,159.0,-3.0,52.5,-1.0,59.0,0.0023941427939101374,20.0,298.9375,75.0
FREQ:bandP_rel_5,6,0.02035568840801716,474.0,0.22287352805470503,46.0,0.447843509686666,45.5,0.1700666429179931,49.0,293.0,108.0,-11.0,852.5,-496.0,637.0,0.0003750101916198843,194.0,300.75,75.0
TF:WPT_dadd_var,6,2.4393537501055107e-07,884.0,0.2234388584169209,35.0,0.3772353230901846,256.0,0.16882350837234025,59.0,331.0,70.0,-9.0,652.5,-163.0,304.5,0.00043762501066394214,149.0,301.25,75.0
TF:WPT_daad_var,6,5.980768769120459e-09,915.0,0.22427939492271948,30.0,0.45290312416401246,32.0,0.16929551410360313,57.0,329.0,72.0,-11.0,852.5,-128.0,269.5,0.0003271754296252911,233.0,307.625,75.0
TF:tfband_3,6,6.680722236633301,159.0,0.11280483671715359,646.0,0.3894014442031053,203.0,0.04020840113202759,688.0,214.0,187.0,-7.0,452.5,-1.0,59.0,0.0007229268589063699,70.0,308.0625,75.0
TF:WPT_aaad_tk_mean,6,3.2671380043029785,189.5,0.2191152429048719,128.5,0.37921751759230693,247.5,0.16458081168579305,86.5,243.0,158.0,-8.0,552.5,-273.0,414.0,0.00013375274767226587,708.0,310.5625,75.0
SPAT:st_t_spread,6,0.0005927296006120741,666.0,0.16084058400492612,461.0,0.44089873572436167,62.0,0.10729416160808694,360.0,0.0,701.5,-4.0,152.5,-1.0,59.0,0.0012213185811647315,33.0,311.875,75.0
TF:WPT_ddad_energy,6,7.29166731616715e-06,812.0,0.2193076720854356,122.0,0.422553225816082,108.0,0.15899696939387112,117.0,283.0,118.0,-9.0,652.5,-14.0,155.0,0.00019980607907964308,431.0,314.4375,75.0
TF:WPT_aadd_mad,6,0.15870192646980286,345.0,0.22075154257083973,83.0,0.44349629040156335,56.0,0.15439905940841175,150.0,232.0,169.0,-8.0,552.5,-271.0,412.0,0.00012080411315540686,758.0,315.6875,75.0
TF:WPT_aadd_tk_mean,6,2.0139541625976562,211.0,0.22072373462726727,84.0,0.4396383546191118,66.0,0.1633407991934345,94.0,272.0,129.0,-9.0,652.5,-220.0,361.0,3.848617447098525e-05,941.0,317.3125,75.0
TF:WPT_ddad_rel_energy,6,9.79725130775648e-14,942.0,0.21990896295355486,102.0,0.40726645013666385,155.0,0.1601619994751746,109.0,302.0,99.0,-8.0,552.5,-255.0,396.0,0.0003653921664317704,201.0,319.5625,75.0
FREQ:frac_high,6,0.06890671700239182,397.0,0.22054035027463761,87.0,0.4199402382955677,116.0,0.1661361478922824,78.0,274.0,127.0,-11.0,852.5,-522.0,663.0,0.00030897196106320857,246.0,320.8125,75.0
TF:mod11_centroid,6,4.381010055541992,176.0,0.19409047302703775,276.0,0.24237144123568743,564.0,0.11741239899207213,324.0,0.0,701.5,-3.0,52.5,-238.0,379.0,0.0005681164177956963,105.0,322.25,75.0
TIME:d2_mean_abs,6,0.0014112757053226233,616.0,0.2199341311224305,101.0,0.4008679708787599,175.0,0.15479717817036645,146.0,175.0,226.0,-12.0,952.5,-142.0,283.5,0.0006772279049889519,81.0,322.625,75.0
TF:DWT_L5_std,6,0.008656560443341732,512.0,0.2191908765345968,127.0,0.44599733281503795,50.5,0.15097830402326698,185.0,134.0,267.0,-12.0,952.5,-171.0,312.0,0.0003788263781086589,189.0,324.375,75.0
TF:WPT_aaaa_abs_mean,6,0.16875918209552765,342.0,0.20008554367579856,243.0,0.38510411892464846,219.0,0.18195358737812758,17.0,44.0,357.0,-8.0,552.5,-29.0,170.5,0.0001366699561401256,694.0,324.375,75.0
TF:WPT_ddad_std,6,1.267333686882921e-06,847.0,0.21776791700894135,145.0,0.4340659957647319,82.0,0.14839122781324485,215.0,142.0,259.0,-10.0,752.5,-37.0,178.0,0.0004933566458614064,127.0,325.6875,75.0
TF:DWT_L6_iqr,6,9.204855450661853e-05,747.0,0.22100550684853776,75.0,0.4426779286355007,57.0,0.16356740982036155,92.0,271.0,130.0,-11.0,852.5,-140.0,281.0,0.00022038576586726937,380.0,326.8125,75.0
TF:DWT_L0_kurt,6,9.797507286071777,145.0,0.12078522655203527,615.0,0.21656572893834447,607.0,0.11328590136144769,336.0,72.0,329.0,-7.0,452.5,-1.0,59.0,0.0007000578403498418,73.0,327.0625,75.0
SPAT:st_hist_contrast,6,0.2606140077114105,305.0,0.1517302298248732,489.0,0.19626761537621107,627.0,0.04802414436155522,644.0,194.0,207.0,-4.0,152.5,-2.0,130.5,0.0006517668300370327,85.0,330.0,75.0
TF:WPT_ddad_abs_mean,6,6.915352059877478e-07,861.0,0.22156852332017524,68.0,0.39797823251002473,179.0,0.15728518847265124,128.0,228.0,173.0,-9.0,652.5,-2.0,130.5,0.00019409701266333624,449.0,330.125,75.0
TF:WPT_dadd_energy,6,0.06551763415336609,401.0,0.223462518348644,34.0,0.37848156772996466,252.0,0.1688186193139209,60.0,338.0,63.0,-9.0,652.5,-115.0,256.0,5.180159154120308e-05,927.0,330.6875,75.0
TF:WPT_adaa_mad,6,5.118448825669475e-05,760.0,0.2211763669015697,72.0,0.43148198517455905,91.0,0.15136508855322586,181.0,234.0,167.0,-10.0,752.5,-215.0,356.0,0.0002766278301565409,281.0,332.5625,75.0
TF:WPT_dddd_abs_mean,6,9.957135262084194e-06,802.0,0.21836010721429155,136.0,0.38420846806704345,227.0,0.15088660069860724,186.0,173.0,228.0,-9.0,652.5,-249.0,390.0,0.0007664187470110665,63.0,335.5625,75.0
TF:WPT_aadd_tk_std,6,5.477470397949219,166.0,0.20516657406044891,221.0,0.3847979541747737,222.0,0.14846596877515789,209.0,46.0,355.0,-10.0,752.5,-366.0,507.0,0.00029568104536322983,258.0,336.3125,75.0
FREQ:bandP_rel_0,6,0.07072124630212784,393.0,0.19475457732014184,271.0,0.24474790160297522,559.5,0.14037076159933543,253.0,29.0,372.0,-8.0,552.5,-2.0,130.5,0.0004152347132535955,162.0,336.6875,75.0
TF:DWT_L5_rms,6,0.008656577207148075,511.0,0.2191910466486322,126.0,0.44599733281503795,50.5,0.15097842740448436,184.0,135.0,266.0,-12.0,952.5,-316.0,457.5,0.000447208007133037,146.0,336.6875,75.0
FREQ:spec_entropy_renyi,6,4.960809707641602,170.0,0.20155798230293004,236.0,0.3584497638135562,309.0,0.19454298190859132,11.0,230.0,171.0,-9.0,652.5,-125.0,266.0,7.446298189731878e-05,902.0,339.6875,75.0
TIME:hjorth_mobility,6,0.00910039059817791,508.5,0.21704495325322887,158.5,0.4222687917073835,109.0,0.14876123098797198,206.5,105.0,296.0,-12.0,952.5,-208.0,349.5,0.000458846543097671,141.0,340.1875,75.0
TIME:d2_std,6,0.002161384792998433,594.0,0.2180165580912478,138.0,0.41475500226212825,128.0,0.1499433546868937,196.0,112.0,289.0,-12.0,952.5,-169.0,310.0,0.0005094708153175532,119.0,340.8125,75.0
TF:WPT_ddda_iqr,6,0.0001365464268019423,734.0,0.21894389991003943,132.0,0.45063001410545533,37.0,0.16085684153255936,105.0,253.0,148.0,-10.0,752.5,-189.0,330.0,0.00017881594772443132,499.0,342.1875,75.0
SPAT:st_skew,6,0.054587386548519135,422.0,0.14962438688346294,503.0,0.29464454208589963,446.0,0.03292436190919006,719.0,337.0,64.0,-6.0,352.5,-1.0,59.0,0.0003705069253593994,199.0,345.5625,75.0
TIME:d1_std,6,0.00910039059817791,508.5,0.21704495325322887,158.5,0.42209898359055575,110.0,0.14876123098797198,206.5,106.0,295.0,-12.0,952.5,-234.0,375.0,0.00039099816628119735,180.0,348.25,75.0
TF:WPT_aada_iqr,6,0.1180228739976883,368.0,0.22013831533410047,96.0,0.35914047007673267,303.0,0.15495577908700267,143.0,221.0,180.0,-10.0,752.5,-181.0,322.0,0.00014919992606737232,622.0,348.3125,75.0
TIME:burst_count,6,3251.86572265625,55.0,0.19411763320614545,275.0,0.2395126230100404,570.0,0.1398992372187502,256.5,0.0,701.5,-7.0,452.5,-105.0,246.0,0.00030978849550851293,245.0,350.1875,75.0
TF:das_tonal_ratio,6,7.5575666427612305,155.0,0.19303302976649525,296.0,0.24882300297873394,554.0,0.15102626119140197,183.0,177.0,224.0,-5.0,252.5,-183.0,324.0,0.0001040419716108165,825.0,351.6875,75.0
FREQ:mag_mean,6,79.03905487060547,88.0,0.20850916789049465,209.0,0.3812596938041559,239.0,0.13629950692841078,266.0,0.0,701.5,-11.0,852.5,-155.0,296.0,0.00040636742373973957,170.0,352.75,75.0
TIME:burst_rate,6,19382.611328125,44.0,0.19411773121037557,274.0,0.2506857654393606,549.0,0.1398992372187502,256.5,0.0,701.5,-7.0,452.5,-124.0,265.0,0.0002760593690528846,282.0,353.0625,75.0
TIME:above_1std_frac,6,0.0019008331000804901,601.0,0.17820072062617978,389.0,0.24638424966697192,556.0,0.0890428464136156,479.0,343.0,58.0,-7.0,452.5,-1.0,59.0,0.00032781767787680677,232.0,353.3125,75.0
TF:stft_entropy,6,2.630450487136841,201.0,0.20118423300345048,239.0,0.3829444242970559,230.0,0.15301392623416982,164.0,190.0,211.0,-9.0,652.5,-218.0,359.0,0.00011852408335965733,770.0,353.3125,75.0
SPAT:sp_tv_norm,6,6.2893454144135694e-30,951.0,0.0003877323414378158,949.0,0.3582144207659024,310.0,0.11598542816214003,325.0,233.0,168.0,-3.0,52.5,-1.0,59.0,0.001309502682696663,29.0,355.4375,75.0
TF:WPT_daaa_tk_mean,6,6.589318066879679e-12,939.0,0.2203657695826841,90.0,0.35117739537010806,324.0,0.15955542987594792,111.0,280.0,121.0,-9.0,652.5,-161.0,302.0,0.00025714942368003905,309.0,356.0625,75.0
TIME:above_2std_frac,6,9.329646854894236e-05,746.0,0.15957765997325796,463.0,0.2951771459719099,444.0,0.036832527892130526,703.0,318.0,83.0,-4.0,152.5,-23.0,164.0,0.0006091160221378794,95.0,356.3125,75.0
TF:glcm_21_energy_d2_a0,6,0.0009156098240055144,648.0,0.1926437849383661,307.0,0.4413282180569271,61.0,0.10417286519736374,395.0,61.0,340.0,-11.0,852.5,-26.0,167.5,0.0006136595730649588,93.0,358.0,75.0
TF:WPT_dadd_rms,6,0.00012185933883301914,739.0,0.21786227560992766,142.0,0.37913927531477354,249.0,0.14758439916690874,225.0,111.0,290.0,-11.0,852.5,-168.0,309.0,0.0006374066296188401,89.0,361.9375,75.0
TIME:d1_mean_abs,6,0.005958183668553829,538.0,0.21935484429939384,117.0,0.4214123379896537,114.0,0.15234701508888182,167.0,169.0,232.0,-12.0,952.5,-357.0,498.0,0.00026138774013352497,301.0,364.9375,75.0
TF:DWT_L1_tk_mean,6,6.406110763549805,163.0,0.13827338169452405,546.0,0.3233380727450341,381.0,0.09348062455348374,462.0,0.0,701.5,-7.0,452.5,-2.0,130.5,0.0006080927762321041,96.0,366.5625,75.0
FREQ:spec_skew,6,69.19834899902344,92.0,0.17391659580390317,408.0,0.372626011765929,267.0,0.10618064912929838,366.0,0.0,701.5,-8.0,552.5,-275.0,416.0,0.0004714269274345756,133.0,367.0,75.0
TF:glcm_61_energy_d4_a0,6,0.0009063286706805229,653.0,0.1932655563212352,290.0,0.4359198892887646,74.0,0.10453816244947582,386.0,53.0,348.0,-11.0,852.5,-45.0,186.5,0.00040783103150094486,168.0,369.75,75.0
TF:glcm_1_energy_d1_a0,6,0.0009225893300026655,647.0,0.19262231025771717,308.0,0.40967239739813577,148.0,0.10372747724160175,399.0,67.0,334.0,-11.0,852.5,-93.0,234.0,0.0010027455260690512,41.0,370.4375,75.0
TF:DWT_L1_rms,6,0.4761536121368408,260.0,0.14232068108801615,535.0,0.3871101479424075,215.0,0.0995678365883452,427.0,0.0,701.5,-7.0,452.5,-1.0,59.0,0.0002505800974828781,316.0,370.75,75.0
TF:stft_kurt,6,898516.4375,18.0,0.08091169469007424,756.0,0.27380071870332356,493.0,0.10258263263248306,415.0,0.0,701.5,-5.0,252.5,-62.0,203.5,0.00046683562651365934,136.0,371.9375,75.0
TF:Ef_entropy,6,1.9943751096725464,212.0,0.20467593529729108,222.0,0.3659253071858073,278.0,0.15031528704348057,192.0,41.0,360.0,-10.0,752.5,-10.0,151.5,0.00010154182432347581,830.0,374.75,75.0
TF:WPT_ddda_rms,6,8.359740604646504e-05,749.0,0.21427707937385812,184.0,0.40716635604585383,156.0,0.1496078335454475,200.0,116.0,285.0,-11.0,852.5,-265.0,406.0,0.0004025302935020518,174.0,375.8125,75.0
TF:glcm_66_energy_d4_a1,6,0.000935179356019944,639.0,0.1929246572375068,300.0,0.4340176551898809,84.0,0.10509986402525726,372.0,58.0,343.0,-11.0,852.5,-150.0,291.5,0.00048026986064950427,129.0,376.375,75.0
TF:WPT_aada_std,6,0.06319743394851685,411.0,0.21973436812017783,108.0,0.41297042566514053,133.0,0.15040879153571174,191.0,159.0,242.0,-10.0,752.5,-142.0,283.5,7.185615731426049e-05,905.0,378.25,75.0
TF:DWT_L4_mad,6,0.0940607488155365,383.0,0.21921353231678842,125.0,0.4049365517535217,163.0,0.1552712181624087,142.0,200.0,201.0,-12.0,952.5,-268.0,409.5,0.00014385759334344995,658.0,379.25,75.0
TIME:p99,6,0.18506337702274323,338.0,0.16133253920849538,456.0,0.22919452493423087,586.0,0.05612295818812762,609.0,108.0,293.0,-5.0,252.5,-137.0,278.0,0.0003343901178077967,225.0,379.6875,75.0
TIME:katz_fd,6,0.1868046522140503,337.0,0.19238385396734467,312.0,0.2870321137473546,465.0,0.13382165240681715,273.0,0.0,701.5,-5.0,252.5,-363.0,504.5,0.0003769047001208135,192.0,379.6875,75.0
TF:DWT_L1_std,6,0.4743763208389282,261.0,0.1423315021891861,534.0,0.3805662647312813,241.0,0.09817991537973716,436.0,0.0,701.5,-7.0,452.5,-3.0,144.0,0.00026141188225491894,300.0,383.75,75.0
TF:WPT_aaad_abs_mean,6,0.27840057015419006,302.0,0.2148178501496605,179.0,0.38916410250234534,204.0,0.14420249613466113,238.0,77.0,324.0,-11.0,852.5,-647.0,788.5,0.00037964417284365844,187.0,384.375,75.0
TF:glcm_31_energy_d2_a2,6,0.0009546643123030663,635.0,0.19226148071153226,315.0,0.4355948173576838,76.0,0.10323288903146963,407.0,92.0,309.0,-11.0,852.5,-104.0,245.0,0.00031106655081601366,244.0,385.4375,75.0
TF:glcm_11_energy_d1_a2,6,0.0009431051439605653,638.0,0.19227226007124545,314.0,0.4363496297120699,71.0,0.10221451056475167,417.0,87.0,314.0,-11.0,852.5,-107.0,248.0,0.00032812982338959937,231.0,385.6875,75.0
FREQ:bandP_3,6,2402357870592.0,8.0,0.13642891451758288,561.0,0.31978076173563075,384.5,0.11212798432744861,344.0,0.0,701.5,-7.0,452.5,-259.0,400.0,0.00031649596964431755,241.0,386.5625,75.0
TF:DWT_L2_tk_mean,6,3.4203555583953857,184.0,0.199862373218835,244.0,0.3472105427550911,335.0,0.14266387031635616,244.0,65.0,336.0,-5.0,252.5,-696.0,837.0,0.00014354567072021965,660.0,386.5625,75.0
TF:Et_mean,6,0.008868783712387085,510.0,0.18357911120762282,365.0,0.3452880586245226,342.0,0.1484546920034018,210.0,0.0,701.5,-6.0,352.5,-4.0,145.5,0.00018667282973896615,471.0,387.1875,75.0
TF:WPT_aadd_rms,6,0.33013272285461426,296.0,0.2166400408347205,168.0,0.4311658123359048,92.0,0.1477136480682754,221.0,79.0,322.0,-12.0,952.5,-737.0,878.5,0.0004056911020953388,172.0,387.75,75.0
FREQ:spec_entropy_shannon,6,3.583275318145752,182.0,0.20031603587994581,241.0,0.3721881994985914,270.0,0.1358396777660193,269.0,0.0,701.5,-10.0,752.5,-147.0,288.0,0.0002100785397553613,400.0,388.0,75.0
TF:Ef_mean,6,0.0004996403586119413,676.0,0.18357905635875058,367.0,0.3452880586245226,342.0,0.14845469088562546,212.0,0.0,701.5,-6.0,352.5,-2.0,130.5,0.00024666026743374946,324.0,388.1875,75.0
TIME:hist_entropy,6,0.08891059458255768,386.0,0.12034615047512674,617.0,0.11910150344170134,722.0,0.09829886288976447,433.0,326.0,75.0,-7.0,452.5,-45.0,186.5,0.00031173475833133786,243.0,389.375,75.0
TF:glcm_12_homogeneity_d1_a2,6,0.0003383545845281333,702.0,0.19455053762153857,272.0,0.39313208867533156,192.0,0.1121341075826879,342.0,168.0,233.0,-11.0,852.5,-103.0,244.0,0.00027749190582249876,280.0,389.6875,75.0
TF:DWT_L2_energy,6,235756.203125,27.0,0.19384358262778145,282.0,0.316655822954528,392.0,0.14377939124415387,239.0,35.0,366.0,-9.0,652.5,-330.0,471.5,0.00012834606666216835,720.0,393.75,75.0
TF:WPT_ddad_log_energy,6,0.35724422335624695,283.0,0.19127899750210287,323.0,0.42475653640402555,104.0,0.09151866531764419,469.0,0.0,701.5,-12.0,952.5,-41.0,182.0,0.00045790745811704844,142.0,394.625,75.0
TF:WPT_dddd_iqr,6,2.8869877496617846e-05,777.0,0.21674080887383512,162.0,0.37946071335026277,244.0,0.15070225253931205,188.0,185.0,216.0,-10.0,752.5,-264.0,405.0,0.0002051862816361669,418.0,395.3125,75.0
TF:glcm_32_homogeneity_d2_a2,6,0.0004233838990330696,687.0,0.19294180668662425,299.0,0.3368911339146998,357.0,0.10764668245621005,357.0,139.0,262.0,-9.0,652.5,-240.0,381.0,0.00037488970431633447,195.0,398.8125,75.0
TF:WPT_aada_tk_std,6,0.14236804842948914,358.0,0.2042425440671889,227.0,0.4196976285688381,117.0,0.14484593864805695,237.0,27.0,374.0,-11.0,852.5,-117.0,258.5,0.00011828633184927569,773.0,399.625,75.0
TF:WPT_aada_log_energy,6,0.3475479781627655,288.0,0.19290035763771696,302.0,0.4110412498049367,142.0,0.09591672098911493,450.0,0.0,701.5,-11.0,852.5,-133.0,274.0,0.0003687999379122291,200.0,401.25,75.0
TF:DWT_L3_mad,6,0.2070932239294052,320.5,0.2160351080861242,172.5,0.3395586008801921,350.5,0.14652062945587563,230.5,126.0,275.0,-8.0,552.5,-296.0,437.0,8.396104824782193e-05,878.0,402.0625,75.0
TF:glcm_6_energy_d1_a1,6,0.0009337266092188656,641.5,0.19221215318157728,317.5,0.44624939517981677,48.5,0.10325083349032808,405.5,71.0,330.0,-11.0,852.5,-134.0,275.0,0.00023202892636013073,351.0,402.6875,75.0
TF:tf_bbox_extent,6,0.007209686562418938,519.0,0.18451648756805047,360.0,0.3432052538292121,347.0,0.12572011760338314,290.0,0.0,701.5,-6.0,352.5,-204.0,345.5,0.0002587045731974342,306.0,402.6875,75.0
TF:WPT_aadd_min,6,3.6506612300872803,180.0,0.18546558705387628,354.0,0.25498034313356444,540.0,0.1221118894365106,315.0,0.0,701.5,-7.0,452.5,-335.0,476.5,0.0003610916474266744,204.0,402.9375,75.0
TF:stft_mean,6,1.3427583667180443e-07,893.0,0.18357909260540448,366.0,0.3452880586245226,342.0,0.14845469149310264,211.0,0.0,701.5,-6.0,352.5,-2.0,130.5,0.00032588560491600226,235.0,403.9375,75.0
TF:WPT_aaad_std,6,0.4272901117801666,267.5,0.2106133243753069,203.5,0.3636764000916255,287.5,0.14057432092614527,251.5,13.0,388.0,-11.0,852.5,-475.0,616.0,0.00022230928111085857,370.0,404.5625,75.0
TF:WPT_ddaa_iqr,6,2.872048128210736e-07,881.0,0.21673095666509823,165.0,0.37045105211112617,272.0,0.15161606436870587,176.0,162.0,239.0,-11.0,852.5,-251.0,392.0,0.0002920320635035944,261.0,404.8125,75.0
TF:DWT_L4_iqr,6,0.3757101893424988,278.0,0.21923740703298816,124.0,0.40509162418471734,162.0,0.1552883285665617,141.0,202.0,199.0,-12.0,952.5,-319.0,460.5,4.860763205760116e-05,931.0,406.0,75.0
TF:WPT_dadd_log_energy,6,0.3492105305194855,287.0,0.19068345829372915,326.0,0.3845066343062058,223.0,0.09115541496418875,471.0,0.0,701.5,-11.0,852.5,-172.0,313.5,0.0006114543759113143,94.0,408.5625,75.0
TF:glcm_46_energy_d3_a1,6,0.0009317744988948107,645.0,0.19279337573790928,304.0,0.4365649484492682,70.0,0.1037073404814559,400.0,64.0,337.0,-11.0,852.5,-98.0,239.0,0.00020126136501477643,425.0,409.0625,75.0
FREQ:psd_range,6,0.0008117140387184918,657.5,0.15852368617493162,466.5,0.3031803818150882,428.0,0.0959440438847068,447.5,0.0,701.5,-5.0,252.5,-45.0,186.5,0.0004201448911578712,159.0,412.375,75.0
FREQ:peak2_amp,6,327651.90625,26.0,0.16173631484363826,455.0,0.2344828711018363,580.0,0.10759015461357777,358.0,0.0,701.5,-7.0,452.5,-202.0,343.5,0.00021757026891051166,384.0,412.5625,75.0
TF:glcm_76_energy_d4_a3,6,0.0009346607839688659,640.0,0.19331184245638358,289.0,0.39076779967412056,198.0,0.10326318328125322,404.0,66.0,335.0,-11.0,852.5,-82.0,223.0,0.00022089630332590416,376.0,414.6875,75.0
TF:glcm_71_energy_d4_a2,6,0.0009696640190668404,633.0,0.19224291165393012,316.0,0.44071123455543004,64.0,0.10357995797701476,401.0,76.0,325.0,-11.0,852.5,-163.0,304.5,0.0002010383626567654,427.0,415.375,75.0
TF:Ef_spread,6,25933.943359375,41.0,0.18315837887204664,372.0,0.2846096646070051,474.0,0.11440834518448391,330.0,0.0,701.5,-9.0,652.5,-222.0,363.0,0.00021236660263470824,393.0,415.875,75.0
TF:glcm_36_energy_d2_a3,6,0.0009323194972239435,643.5,0.19304484200760208,294.5,0.4127344789944347,134.5,0.1039411061883271,396.5,83.0,318.0,-11.0,852.5,-68.0,209.0,0.00018470238803841555,479.0,415.9375,75.0
TF:glcm_70_contrast_d4_a2,6,0.05141517519950867,426.0,0.17075973222858856,429.0,0.2621584392388092,513.0,0.10386876512453701,398.0,0.0,701.5,-6.0,352.5,-111.0,252.0,0.0002920265932222886,262.0,416.75,75.0
TF:divergence_std,6,0.08758869767189026,387.0,0.17858298512661255,387.0,0.2805718776979904,480.0,0.0696578842155864,556.0,0.0,701.5,-6.0,352.5,-95.0,236.5,0.00031772020392149375,239.0,417.4375,75.0
TF:WPT_aada_range,6,3.1668200492858887,193.5,0.1927365053031257,305.5,0.279173143982665,483.5,0.12414998502106027,301.5,0.0,701.5,-5.0,252.5,-292.0,433.0,0.00013645200901978843,696.0,420.875,75.0
TF:WPT_adad_range,6,0.1492825150489807,350.5,0.1901136027512789,338.5,0.3131147338709317,400.5,0.12225453195892497,313.5,0.0,701.5,-8.0,552.5,-262.0,403.0,0.00024687060271155476,323.0,422.875,75.0
TF:lbp_b0,6,3.0091316148173064e-05,775.0,0.19523473409125142,261.0,0.35873971391481607,308.0,0.10481828851244104,379.0,146.0,255.0,-6.0,352.5,-247.0,388.0,0.00014031165881532953,677.0,424.4375,75.0
TF:DWT_L2_iqr,6,0.7589912414550781,245.0,0.20778093053347682,211.0,0.3817818935989359,237.0,0.1260045706151606,289.0,25.0,376.0,-7.0,452.5,-720.0,861.0,0.00011478991385627519,786.0,432.1875,75.0
TF:WPT_dadd_range,6,0.004891601856797934,555.5,0.19538067828838152,257.5,0.35028535983955233,325.5,0.13570113525892238,270.5,0.0,701.5,-6.0,352.5,-396.0,537.5,0.000184344320524577,481.0,435.1875,75.0
TF:WPT_addd_std,6,0.01559409685432911,485.0,0.21684882150014936,160.0,0.3998937271381129,176.0,0.14774938103491148,220.0,95.0,306.0,-11.0,852.5,-194.0,335.5,3.332229410613749e-05,947.0,435.25,75.0
TF:glcm_52_homogeneity_d3_a2,6,0.00040649721631780267,691.0,0.19016146099166364,337.0,0.3915808754404577,195.0,0.10942743550693855,350.0,82.0,319.0,-11.0,852.5,-139.0,280.0,0.00018629206539370774,473.0,437.1875,75.0
TF:WPT_ddaa_abs_mean,6,2.2661501475340629e-07,886.0,0.20836525083197371,210.0,0.31905559348595247,387.0,0.14343458302654719,240.0,50.0,351.0,-10.0,752.5,-276.0,417.5,0.00029868902317689274,254.0,437.25,75.0
TF:DWT_L1_mad,6,0.20967087149620056,318.0,0.18051438745620862,381.0,0.2889013200648729,461.0,0.1181357471267417,322.0,0.0,701.5,-8.0,552.5,-196.0,337.0,0.0001941603453220596,448.0,440.125,75.0
TF:WPT_addd_p2p,6,0.6976153254508972,248.5,0.18562094800269688,352.5,0.383985419996812,228.5,0.13632967556453934,264.5,0.0,701.5,-7.0,452.5,-380.0,521.5,0.00011045844804084645,802.0,446.4375,75.0
TF:WPT_aada_p2p,6,3.1668200492858887,193.5,0.1927365053031257,305.5,0.279173143982665,483.5,0.12414998502106027,301.5,0.0,701.5,-5.0,252.5,-312.0,453.5,8.17365217886632e-05,882.0,446.6875,75.0
TIME:d1_max_abs,6,0.22956077754497528,311.0,0.15933472888295264,464.0,0.31682074203755484,391.0,0.11885759064512387,320.0,0.0,701.5,-6.0,352.5,-431.0,572.0,0.00018130271859571946,489.0,450.125,75.0
TF:WPT_adad_p2p,6,0.1492825150489807,350.5,0.1901136027512789,338.5,0.3131147338709317,400.5,0.12225453195892497,313.5,0.0,701.5,-8.0,552.5,-412.0,553.0,0.00021316463217936588,391.0,450.125,75.0
TF:WPT_adaa_range,6,0.236175999045372,309.5,0.1511223565513546,496.5,0.15441206701865884,674.5,0.0904606835872901,476.5,0.0,701.5,-5.0,252.5,-263.0,404.0,0.0002524798714525552,313.0,453.5,75.0
TF:WPT_aaad_p2p,6,18.180034637451172,121.5,0.1710960283444785,424.5,0.3502709949489855,328.5,0.1224896858623898,310.5,0.0,701.5,-10.0,752.5,-358.0,499.0,0.00017952484825066296,497.0,454.375,75.0
TF:glcm_72_homogeneity_d4_a2,6,0.00039972408558242023,694.0,0.19239715535119667,311.0,0.34844050593609444,334.0,0.10770254686980447,356.0,56.0,345.0,-11.0,852.5,-194.0,335.5,0.00020739071702377014,407.0,454.375,75.0
TF:DWT_L2_mad,6,0.1918390989303589,333.0,0.20679192082194142,215.0,0.2993926555363777,433.0,0.1251266267177351,295.0,20.0,381.0,-7.0,452.5,-684.0,825.0,0.0001259963352672072,734.0,458.5625,75.0
TF:Ef_min,6,5.110766566414724e-30,953.0,0.0004776853159998683,948.0,0.3603722439482868,302.0,0.13894853251363784,260.0,176.0,225.0,-6.0,352.5,-213.0,354.5,0.00027259130522492604,288.0,460.375,75.0
TF:WPT_adaa_p2p,6,0.236175999045372,309.5,0.1511223565513546,496.5,0.15441206701865884,674.5,0.0904606835872901,476.5,0.0,701.5,-5.0,252.5,-284.0,425.0,0.00020194498006155442,422.0,469.75,75.0
TF:WPT_adad_tk_max,6,0.10896047204732895,376.0,0.12739440195797036,583.0,0.292589847242958,453.0,0.05646575357624887,605.0,0.0,701.5,-7.0,452.5,-228.0,369.5,0.00029072070917557125,264.0,475.5625,75.0
TF:DWT_L5_min,6,0.34030881524086,291.0,0.15033497789833422,500.0,0.29648520716295756,439.0,0.09190394392071986,468.0,0.0,701.5,-9.0,652.5,-323.0,464.0,0.0002500303576590278,318.0,479.25,75.0
TF:WPT_daad_tk_std,6,3.4262658488160014e-08,903.0,0.18148144439247205,377.0,0.2906919931661278,455.0,0.10752607080259273,359.0,0.0,701.5,-8.0,552.5,-307.0,448.5,0.00033461845489865684,223.0,502.4375,75.0
TF:glcm_9_entropy_d1_a1,6,0.06450198590755463,403.5,0.19408031683289073,277.5,0.3663485115811653,275.5,0.10458640315444315,383.5,0.0,701.5,-12.0,952.5,-411.0,552.0,0.00018044788463222961,492.0,504.75,75.0
TF:glcm_34_entropy_d2_a2,6,0.0694650411605835,395.0,0.19309724872093698,293.0,0.3723191467021141,269.0,0.10257844283599309,416.0,19.0,382.0,-12.0,952.5,-268.0,409.5,4.983940429140029e-05,929.0,505.75,75.0
TF:glcm_14_entropy_d1_a2,6,0.06589823216199875,400.0,0.19317208961987134,292.0,0.3560967655576097,314.0,0.10315804306765439,408.0,22.0,379.0,-12.0,952.5,-354.0,495.0,0.00010427559350690995,824.0,508.0625,75.0
TF:WPT_addd_max,6,0.18873265385627747,336.0,0.18079746230071875,380.0,0.30345530099786133,424.0,0.12631951560268231,287.0,0.0,701.5,-7.0,452.5,-616.0,757.5,9.872079946055847e-05,838.0,522.0625,75.0
TF:WPT_adda_tk_std,6,0.04099366441369057,441.0,0.16089518296281488,460.0,0.32381253229447493,380.0,0.09487958314022384,453.0,0.0,701.5,-8.0,552.5,-601.0,742.0,0.0001865303703398441,472.0,525.25,75.0
FREQ:bandP_rel_2,5,0.005319226998835802,550.0,0.13234073486059883,571.0,0.4525331451726946,33.5,0.042320302971398445,680.0,368.0,33.0,-3.0,52.5,-1.0,59.0,0.001504950206454129,27.0,250.75,62.5
FREQ:frac_mid,5,0.009738864377140999,505.0,0.1370316493198309,555.0,0.3470899249288091,336.0,0.08162554010449166,509.0,296.0,105.0,-4.0,152.5,-1.0,59.0,0.0008435591850482872,55.0,284.5625,62.5
SPAT:st_hist_uniformity,5,0.002002142369747162,599.5,0.13803422411996047,548.0,0.3121406006032177,409.5,0.06955621533160453,558.0,365.0,36.0,-4.0,152.5,-1.0,59.0,0.0007571738026782254,64.0,303.3125,62.5
SPAT:st_hist_energy,5,0.002002142369747162,599.5,0.1380342238740386,549.0,0.3121406006032177,409.5,0.0695562151979535,559.0,361.0,40.0,-4.0,152.5,-1.0,59.0,0.000684945218856643,78.0,305.8125,62.5
TF:flux_mean,5,0.0017727281665429473,606.0,0.1235630379828932,605.0,0.21004361535302563,616.0,0.08264178783133352,501.0,371.0,30.0,-3.0,52.5,-1.0,59.0,0.000743299918986296,67.0,317.0625,62.5
TIME:autocorr_peak,5,0.0003764668945223093,697.5,0.22306024212869469,42.5,0.4172431017566356,121.5,0.16952027967650504,51.5,320.0,81.0,-11.0,852.5,-407.0,548.5,0.00042731305016610295,157.0,319.0,62.5
FREQ:ratio_high_tail,5,0.00227134907618165,591.5,0.2226678731588,49.5,0.3875831536155365,210.0,0.16842074749653227,62.5,324.0,77.0,-8.0,552.5,-182.0,323.0,0.00013567887344858912,703.0,321.125,62.5
TF:DWT_L4_energy,5,682127.1875,21.0,0.22331380145536142,38.0,0.44930926509070934,40.0,0.16779549703253752,70.0,317.0,84.0,-11.0,852.5,-455.0,596.0,8.086170946842166e-05,886.0,323.4375,62.5
TF:DWT_L1_min,5,6.407410144805908,162.0,0.12104046404422178,614.0,0.25785794855790867,531.0,0.05756163249118396,599.0,145.0,256.0,-3.0,52.5,-89.0,230.0,0.00038768564506328797,181.0,328.1875,62.5
FREQ:bandP_6,5,2557311713280.0,7.0,0.22266787476810515,48.0,0.3875831536155365,210.0,0.16842074804375093,61.0,327.0,74.0,-8.0,552.5,-660.0,801.5,7.552187267741437e-05,897.0,331.375,62.5
TF:DWT_L6_energy,5,0.6323515176773071,255.0,0.225229082058989,21.0,0.4105115500318921,144.5,0.1780226381886247,26.0,363.0,38.0,-11.0,852.5,-369.0,510.0,9.320187923975313e-05,848.0,336.875,62.5
TF:DWT_L1_range,5,24.41737174987793,115.5,0.12402674571531909,600.5,0.22894415113118294,587.5,0.07093314979019567,549.5,113.0,288.0,-5.0,252.5,-26.0,167.5,0.0004614640094253452,138.0,337.375,62.5
TF:DWT_L4_var,5,0.642916202545166,253.0,0.2233143123239649,37.0,0.44989964723530296,38.0,0.16779760953990097,69.0,319.0,82.0,-11.0,852.5,-630.0,771.5,0.0001510181775702924,610.0,339.125,62.5
TF:DWT_L1_log_energy,5,0.16870732605457306,343.0,0.14223847057455702,536.0,0.38995685211978515,201.0,0.08126363760174897,513.0,0.0,701.5,-4.0,152.5,-1.0,59.0,0.00034806330584786826,215.0,340.125,62.5
TF:DWT_L3_energy,5,875050.0,19.5,0.2167384365170248,163.5,0.38488138696190877,220.5,0.163236387557895,95.5,209.0,192.0,-10.0,752.5,-579.0,720.0,0.00015779711597607745,581.0,343.0625,62.5
TF:stft_p75,5,2.0492751939826803e-09,921.0,0.22326610980301956,39.0,0.35240074715075576,321.0,0.18020533187023655,22.0,372.0,29.0,-8.0,552.5,-160.0,301.0,0.00015254544658733365,605.0,348.8125,62.5
TF:WPT_adad_energy,5,35.986183166503906,106.0,0.22354206641906302,33.0,0.39236750332879167,193.0,0.16708132820282076,74.0,306.0,95.0,-11.0,852.5,-584.0,725.5,0.0001308452727425401,716.0,349.375,62.5
TF:DWT_L1_p2p,5,24.41737174987793,115.5,0.12402674571531909,600.5,0.22894415113118294,587.5,0.07093314979019567,549.5,94.0,307.0,-5.0,252.5,-12.0,153.5,0.00032616663388515386,234.0,350.0,62.5
TF:WPT_daad_iqr,5,3.521499820635654e-05,769.0,0.21969098067409917,110.0,0.4333090079187145,87.0,0.15243679796400914,166.0,186.0,215.0,-10.0,752.5,-404.0,545.0,0.0004162681213983913,161.0,350.6875,62.5
TIME:autocorr_lag1,5,0.0003764668945223093,697.5,0.22306024212869469,42.5,0.4172431017566356,121.5,0.16952027967650504,51.5,321.0,80.0,-11.0,852.5,-374.0,515.5,0.00019501211034427405,445.0,350.75,62.5
TF:WPT_addd_mad,5,0.007563621737062931,518.0,0.21786397380764833,141.0,0.42207937561777253,111.0,0.15533380389067147,140.0,196.0,205.0,-10.0,752.5,-225.0,366.0,0.00015955198552786184,574.0,350.9375,62.5
SPAT:st_hist_entropy,5,0.05033576115965843,428.0,0.14245267248354787,533.0,0.18885047889304296,638.0,0.05277720590469004,621.0,287.0,114.0,-4.0,152.5,-2.0,130.5,0.000351575633164079,214.0,353.875,62.5
TF:WPT_band_flatness,5,7.008733973634662e-06,815.0,0.22508136670163148,24.0,0.3910176019970284,197.0,0.17287489457156696,42.0,341.0,60.0,-10.0,752.5,-4.0,145.5,0.00011066120886696182,801.0,354.625,62.5
TF:stft_skew,5,160.41314697265625,79.0,0.1116939868692293,651.0,0.28085286486826,479.0,0.1475953790555456,224.0,0.0,701.5,-8.0,552.5,-1.0,59.0,0.0006139115939407776,92.0,354.75,62.5
FREQ:peak1_freq,5,43962.82421875,39.0,0.08219759324910711,748.0,0.41169310582975305,138.0,-0.007197022550903214,980.0,0.0,701.5,-4.0,152.5,-1.0,59.0,0.0012321493580851942,32.0,356.25,62.5
TF:DWT_L4_tk_mean,5,0.5579918622970581,257.0,0.2225928862423352,51.0,0.39472430472619857,188.0,0.1682330843561304,67.0,310.0,91.0,-11.0,852.5,-555.0,696.0,0.0001433211037749938,664.0,358.3125,62.5
TF:WPT_aaaa_entropy,5,0.1965773105621338,329.0,0.12738708385540576,584.0,0.1589821358789929,665.0,0.10196847876631455,418.0,153.0,248.0,-8.0,552.5,-1.0,59.0,0.0008873621037715325,52.0,363.4375,62.5
TIME:iqr,5,0.037833333015441895,447.0,0.1700602910915417,435.0,0.2639849826881302,510.0,0.0691830866700557,562.0,248.0,153.0,-9.0,652.5,-1.0,59.0,0.0005302241500331125,112.0,366.3125,62.5
TF:DWT_L0_tk_max,5,103094.359375,32.0,0.15615649182548627,478.0,0.23062814580964064,583.0,0.0476502622958849,648.0,0.0,701.5,-6.0,352.5,-1.0,59.0,0.0005801429725797623,102.0,369.5,62.5
SPAT:st_t_centroid,5,0.0029567847959697247,578.0,0.07274179332565715,783.0,0.2717359744041543,499.0,0.05547737486655011,612.0,107.0,294.0,-3.0,52.5,-1.0,59.0,0.0005583425912833224,110.0,373.4375,62.5
TIME:env_mean,5,0.006785071920603514,524.0,0.16489297819113605,452.0,0.3356315404852661,360.0,0.07697066434496866,524.0,141.0,260.0,-9.0,652.5,-1.0,59.0,0.0004059749717428849,171.0,375.3125,62.5
TF:WPT_dadd_tk_mean,5,2.2895208928730426e-07,885.0,0.22235054066312163,58.0,0.3872565830518102,213.0,0.1662947183882961,77.0,315.0,86.0,-11.0,852.5,-158.0,299.0,0.00017035342854286416,532.0,375.3125,62.5
TF:Et_spread,5,7.609299659729004,154.0,0.12785313478172644,581.0,0.2969368238938266,438.0,0.08069443179708889,516.0,0.0,701.5,-6.0,352.5,-2.0,130.5,0.00047286162766655505,130.0,375.4375,62.5
TF:WPT_aadd_var,5,1.825116753578186,213.0,0.22235962841029633,57.0,0.441336262832436,60.0,0.16595315591189805,80.0,301.0,100.0,-11.0,852.5,-557.0,698.5,3.488301667771144e-05,945.0,375.75,62.5
TF:WPT_dada_energy,5,0.1049138754606247,378.0,0.22453145098707322,27.0,0.45716874252200546,23.0,0.17239643855940026,45.0,350.0,51.0,-9.0,652.5,-782.0,923.0,5.665412291305583e-05,919.0,377.3125,62.5
TF:WPT_daaa_iqr,5,1.6534122551092878e-06,840.0,0.2205251598701307,88.0,0.4113744550694429,140.0,0.1517949408595197,174.0,213.0,188.0,-8.0,552.5,-179.0,320.5,0.00012893855634604483,719.0,377.75,62.5
TF:Ef_peak_freq,5,138083.40625,30.0,0.13701160277723706,556.0,0.28921379222883026,458.0,0.06544358928464891,574.0,0.0,701.5,-3.0,52.5,-184.0,325.0,0.00024250605908688464,330.0,378.375,62.5
TF:WPT_aadd_energy,5,491633.125,22.0,0.2223937568789403,56.0,0.4285465651433751,97.0,0.16609617651444733,79.0,300.0,101.0,-11.0,852.5,-757.0,898.5,5.230210121776663e-05,925.0,378.875,62.5
TF:WPT_dadd_entropy,5,0.09675545990467072,381.0,0.12157793729755767,611.0,0.1653087028513025,659.0,0.011161419915118992,840.0,347.0,54.0,-6.0,352.5,-1.0,59.0,0.0006722932725326374,82.0,379.8125,62.5
FREQ:spec_rolloff85,5,46039.375,38.0,0.16114233735673858,458.0,0.3723684233473863,268.0,0.0477157766341868,647.0,0.0,701.5,-8.0,552.5,-83.0,224.5,0.0004341449784893193,151.0,380.0625,62.5
TIME:n_valleys,5,4356.65673828125,52.0,0.21222051884244553,190.0,0.3822024927062282,235.0,0.154192613093473,151.0,282.0,119.0,-12.0,952.5,-445.0,586.0,0.0001162212858089173,779.0,383.0625,62.5
SPAT:sp_grad_std,5,2.4090841683427406e-21,946.0,0.0967950562638446,705.0,0.36082538617735915,297.0,0.05090747980028926,628.0,39.0,362.0,-3.0,52.5,-1.0,59.0,0.002160925677122747,22.0,383.9375,62.5
TF:WPT_aada_mad,5,0.029529662802815437,458.0,0.21975562436278837,106.0,0.3753187483698537,260.0,0.15549047192326004,138.0,218.0,183.0,-10.0,752.5,-458.0,599.0,0.0001547904697669119,598.0,386.8125,62.5
TF:WPT_dddd_rms,5,1.5998630260583013e-05,789.0,0.2170663898631172,155.0,0.40536307241319447,161.0,0.148056691252108,216.0,115.0,286.0,-9.0,652.5,-107.0,248.0,0.00015674723373296776,587.0,386.8125,62.5
TF:DWT_L4_std,5,0.1959250271320343,331.0,0.21726672069350658,151.0,0.4511835682754173,35.0,0.14777447189481607,218.0,100.0,301.0,-12.0,952.5,-444.0,585.0,0.00017048445655828262,530.0,387.9375,62.5
TIME:p75,5,0.010997258126735687,498.0,0.17202021693350747,418.0,0.25710627901798766,536.0,0.07536355486594407,530.0,224.0,177.0,-10.0,752.5,-1.0,59.0,0.00045392509002319386,144.0,389.3125,62.5
TF:Ef_rolloff95,5,349900.21875,25.0,0.18985075955475436,343.0,0.4360673808709312,72.0,0.09641222866077995,446.0,0.0,701.5,-9.0,652.5,-518.0,659.0,0.00034403522458743835,218.0,389.625,62.5
SPAT:sp_grad_max,5,6.266537436238181e-20,945.0,0.06653720999301205,794.0,0.3973405964758352,182.0,0.011908488539698212,833.0,265.0,136.0,-4.0,152.5,-1.0,59.0,0.0016392163056862944,26.0,390.9375,62.5
TIME:mean_peak_interval,5,521.8182373046875,72.0,0.18349682957323418,370.0,0.3732787020800621,266.0,0.05507915131807066,613.0,0.0,701.5,-9.0,652.5,-95.0,236.5,0.00034335468685453563,219.0,391.3125,62.5
TF:WPT_dadd_abs_mean,5,7.92511273175478e-05,751.0,0.22018965650262146,93.0,0.4173325281616789,120.0,0.1508543475200496,187.0,178.0,223.0,-11.0,852.5,-41.0,182.0,0.00012781911204872893,722.0,391.3125,62.5
TF:WPT_aadd_abs_mean,5,0.2151816040277481,317.0,0.2193901452973949,115.0,0.4324596949371191,90.0,0.15157276200306122,177.0,150.0,251.0,-12.0,952.5,-562.0,703.5,0.0001701064542761845,534.0,392.5,62.5
TF:WPT_ddad_rms,5,1.2688036576946615e-06,846.0,0.21777696031389965,144.0,0.4252059796218739,102.0,0.14879715036807337,205.0,138.0,263.0,-10.0,752.5,-10.0,151.5,0.00013971712634205225,679.0,392.875,62.5
TF:WPT_daad_rel_energy,5,2.2490188530954747e-11,937.0,0.22200836538903757,59.0,0.4482492289750004,42.0,0.16544237809939483,84.0,291.0,110.0,-11.0,852.5,-588.0,729.0,0.00024203832649394432,332.0,393.1875,62.5
TIME:p90,5,0.015766248106956482,483.0,0.1403260323622955,541.0,0.23661614676298726,575.0,0.050563251363768665,630.0,37.0,364.0,-5.0,252.5,-48.0,189.5,0.0005310876469887804,111.0,393.25,62.5
TF:Et_p75,5,0.041107311844825745,440.0,0.14106988192501366,538.0,0.2607588164645751,516.0,0.1067430189939748,363.0,0.0,701.5,-3.0,52.5,-70.0,211.0,0.00023968017962937955,336.0,394.75,62.5
TF:WPT_ddda_mad,5,3.42958519468084e-05,771.0,0.2197405528927816,107.0,0.42784732011319626,99.0,0.16078438100632603,106.0,267.0,134.0,-9.0,652.5,-250.0,391.0,7.52154704566575e-05,899.0,394.9375,62.5
TF:DWT_L3_tk_mean,5,3.2671380043029785,189.5,0.2191152429048719,128.5,0.37921751759230693,247.5,0.16458081168579305,86.5,244.0,157.0,-8.0,552.5,-735.0,876.5,4.696282180048034e-05,935.0,396.625,62.5
TF:DWT_L3_var,5,3.2467756271362305,191.5,0.21664042907859216,166.5,0.36443479281580116,282.5,0.16298708255719307,98.5,205.0,196.0,-10.0,752.5,-498.0,639.0,8.700762881571959e-05,865.0,398.9375,62.5
TF:WPT_ddad_tk_mean,5,3.185247898773724e-11,934.0,0.22091199706934353,78.0,0.39420104684836366,191.0,0.16563078185342595,83.0,312.0,89.0,-8.0,552.5,-192.0,333.0,4.662099406191493e-05,936.0,399.5625,62.5
TF:WPT_aaad_energy,5,875050.0,19.5,0.2167384365170248,163.5,0.38488138696190877,220.5,0.163236387557895,95.5,207.0,194.0,-10.0,752.5,-726.0,867.0,6.256086585987822e-05,915.0,403.4375,62.5
TF:WPT_ddda_energy,5,0.030152464285492897,456.0,0.21442643427966523,182.0,0.40829946843610543,149.0,0.1564178678339689,134.0,245.0,156.0,-10.0,752.5,-504.0,645.5,0.00012057432571722346,759.0,404.25,62.5
TIME:hist_contrast,5,3.2672979831695557,188.0,0.12640888882228057,589.0,0.1164051860834836,725.0,0.09386491951338066,459.0,0.0,701.5,-4.0,152.5,-66.0,207.5,0.00033773443098588204,221.0,405.4375,62.5
TIME:p25,5,0.009452614933252335,507.0,0.15759314060697668,474.0,0.28503980837740484,472.0,0.054526194236556504,615.0,179.0,222.0,-7.0,452.5,-80.0,221.0,0.0002741343522776942,284.0,405.9375,62.5
SPAT:sp_gini,5,5.5233842676211525e-30,952.0,0.00018751895432954853,950.0,0.29647803348170987,440.0,0.05037351115789995,631.0,188.0,213.0,-1.0,1.0,-1.0,59.0,0.0025135030065298845,19.0,408.125,62.5
FREQ:frac_low,5,0.09090796113014221,384.0,0.20084641699211872,240.0,0.38054449320539474,242.0,0.15724236290781415,129.0,184.0,217.0,-10.0,752.5,-373.0,514.0,0.0001145889562629072,789.0,408.4375,62.5
TF:WPT_addd_entropy,5,0.14040574431419373,359.0,0.11474344556307041,640.0,0.11691285046748234,724.0,0.016724322932661743,793.0,261.0,140.0,-7.0,452.5,-1.0,59.0,0.0005825531059331088,101.0,408.5625,62.5
TF:das_low_high_ratio,5,876.5527954101562,67.0,0.09811073827871311,703.0,0.371220466788051,271.0,0.005904232849372238,876.0,0.0,701.5,-6.0,352.5,-52.0,193.0,0.0005602347981710201,109.0,409.125,62.5
TF:DWT_L4_tk_std,5,1.1779292821884155,229.0,0.20654422980787676,218.0,0.39594099299576824,185.0,0.14962393948006653,199.0,52.0,349.0,-10.0,752.5,-457.0,598.0,0.00012112159658565969,755.0,410.6875,62.5
TF:WPT_adad_iqr,5,0.005374496802687645,546.0,0.21720869838983992,153.0,0.353551569813356,318.0,0.15174254337847531,175.0,132.0,269.0,-9.0,652.5,-621.0,762.5,0.00020729788803709848,411.0,410.875,62.5
TF:WPT_ddda_var,5,1.1197812455066014e-07,895.0,0.21444644085966663,181.0,0.4152236478002118,126.0,0.15635500260735374,135.0,247.0,154.0,-10.0,752.5,-349.0,490.5,0.00016396336096482142,556.0,411.25,62.5
TF:WPT_ddda_std,5,8.344329398823902e-05,750.0,0.21430602691012127,183.0,0.41106326125151105,141.0,0.1498806049648245,197.0,120.0,281.0,-11.0,852.5,-200.0,341.0,0.00016745636952963288,545.0,411.3125,62.5
FREQ:peak_ratio,5,0.05231830105185509,423.0,0.11693033094036487,635.0,0.07450803254128324,808.0,0.07136893143813162,546.0,203.0,198.0,-3.0,52.5,-189.0,330.0,0.00025312365313392754,312.0,413.0625,62.5
TF:DWT_L1_iqr,5,0.8139070272445679,239.0,0.18405637205774272,364.0,0.24361546107195542,562.0,0.12265128346853946,308.0,0.0,701.5,-8.0,552.5,-146.0,287.0,0.000267905838099545,292.0,413.25,62.5
TF:WPT_ddda_abs_mean,5,4.8028581659309566e-05,764.0,0.21986700144066748,104.0,0.41700255778423134,123.0,0.15914759118094712,114.0,222.0,179.0,-11.0,852.5,-186.0,327.5,9.36103179644477e-05,845.0,413.625,62.5
TF:WPT_aaaa_kurt,5,9.27053451538086,149.0,0.09050794959343723,721.0,0.12892789747416877,708.0,0.08385294806331134,496.0,0.0,701.5,-7.0,452.5,-1.0,59.0,0.0008252281179531393,58.0,418.125,62.5
TF:WPT_ddda_tk_mean,5,1.278976498042539e-07,894.0,0.21349284958271889,187.0,0.39037089141038317,199.0,0.14986382074741061,198.0,237.0,164.0,-9.0,652.5,-285.0,426.5,0.00014888811968135477,626.0,418.375,62.5
TF:WPT_aaad_var,5,3.2467756271362305,191.5,0.21664042907859216,166.5,0.36443479281580116,282.5,0.16298708255719307,98.5,204.0,197.0,-10.0,752.5,-775.0,916.0,0.00012126587785273768,753.0,419.6875,62.5
TF:tf_fill_ratio,5,0.033667851239442825,450.0,0.08992568099267138,723.0,0.2556383933991899,539.0,0.15345201290916521,158.0,0.0,701.5,-3.0,52.5,-110.0,251.0,0.0001834166077765108,484.0,419.875,62.5
FREQ:spec_centroid,5,33693.3359375,40.0,0.20149369378737098,237.0,0.29474997397452807,445.0,0.09906600607028354,429.0,0.0,701.5,-8.0,552.5,-186.0,327.5,0.0001477639386883594,635.0,420.9375,62.5
TF:glcm_51_energy_d3_a2,5,0.0009616138995625079,634.0,0.19202380406509686,320.0,0.4311237671627217,93.0,0.102741918204136,414.0,78.0,323.0,-11.0,852.5,-37.0,178.0,0.00016202167863044273,564.0,422.3125,62.5
TF:lbp_b31,5,0.0005807837005704641,668.0,0.19429940832958176,273.0,0.4044793002856326,165.0,0.10681891180865886,362.0,60.0,341.0,-9.0,652.5,-220.0,361.0,0.00016232647207620196,562.0,423.0625,62.5
TF:DWT_L2_var,5,3.4120514392852783,185.0,0.19367627645028845,284.0,0.3097661770191662,413.0,0.1431970161071434,241.0,32.0,369.0,-9.0,652.5,-610.0,751.5,0.00017654947964587293,508.0,425.5,62.5
TF:glcm_26_energy_d2_a1,5,0.0009337266092188656,641.5,0.19221215318157728,317.5,0.44624939517981677,48.5,0.10325083349032808,405.5,69.0,332.0,-11.0,852.5,-157.0,298.0,0.0001756097168180337,511.0,425.8125,62.5
TF:WPT_dada_std,5,0.00015622968203388155,731.0,0.21952892128529425,112.0,0.4539844832683353,28.0,0.15329834967756542,161.0,167.0,234.0,-11.0,852.5,-282.0,423.5,8.659781990021658e-05,866.0,426.0,62.5
TF:glcm_41_energy_d3_a0,5,0.0009115520515479147,649.0,0.19289105337618212,303.0,0.43016580617379985,96.0,0.10343941938719742,402.0,54.0,347.0,-11.0,852.5,-72.0,213.5,0.00016299222286931416,560.0,427.875,62.5
TF:WPT_aaaa_var,5,11.6519136428833,139.0,0.21231305370137285,189.0,0.3131664683301234,399.0,0.15669959890359206,131.0,164.0,237.0,-11.0,852.5,-780.0,921.0,0.0001601639101962326,570.0,429.8125,62.5
TF:WPT_dddd_mad,5,7.192372777353739e-06,813.0,0.21706017925398097,156.0,0.3756675973872703,259.0,0.15017927528793062,195.0,187.0,214.0,-9.0,652.5,-257.0,398.0,0.00011895742762453427,768.0,431.9375,62.5
TF:WPT_aaaa_range,5,35.17422103881836,108.5,0.15120679025081696,494.5,0.19616734967737282,629.5,0.10096985282970297,422.5,0.0,701.5,-9.0,652.5,-65.0,206.0,0.00029568134196328934,257.0,434.0,62.5
TF:DWT_L3_rms,5,0.4282193183898926,265.5,0.2106818986857203,200.5,0.38277563031120243,233.5,0.14064055337859835,249.5,17.0,384.0,-11.0,852.5,-528.0,669.0,0.00014929250183565314,621.0,434.4375,62.5
TF:WPT_addd_abs_mean,5,0.01018657349050045,502.0,0.21862445909509215,134.0,0.3983407942463524,178.0,0.15132986117752192,182.0,151.0,250.0,-11.0,852.5,-312.0,453.5,5.212091008521927e-05,926.0,434.75,62.5
TF:WPT_dddd_std,5,1.599621828063391e-05,790.0,0.21705847635331052,157.0,0.40646804245300094,159.0,0.1480513353965509,217.0,114.0,287.0,-9.0,652.5,-135.0,276.5,4.025933733048045e-05,939.0,434.75,62.5
TF:WPT_aaad_iqr,5,0.8257265686988831,237.5,0.21581212454650425,174.5,0.3651185143787563,279.5,0.14584105517331472,234.5,118.0,283.0,-8.0,552.5,-754.0,895.5,0.00010181241187890213,829.0,435.75,62.5
FREQ:spec_kurt,5,134741.390625,31.0,0.13724150079424133,553.0,0.34137102540112885,349.0,0.05288590287871964,620.0,0.0,701.5,-7.0,452.5,-198.0,339.0,0.0001936259438531627,450.0,437.0,62.5
TF:WPT_dadd_tk_std,5,5.735092827308108e-07,867.0,0.2144929897690975,180.0,0.39578292029435547,186.0,0.15883903217965423,119.0,172.0,229.0,-9.0,652.5,-266.0,407.0,8.910742885366379e-05,858.0,437.3125,62.5
TF:DWT_L4_p2p,5,9.442641258239746,147.5,0.18354612346965102,368.5,0.3313766091945305,367.5,0.13343664126931853,275.5,0.0,701.5,-8.0,552.5,-233.0,374.0,0.00013225990906010307,713.0,437.5,62.5
TF:DWT_L3_iqr,5,0.8257265686988831,237.5,0.21581212454650425,174.5,0.3651185143787563,279.5,0.14584105517331472,234.5,119.0,282.0,-8.0,552.5,-658.0,799.0,2.873054298872593e-05,950.0,438.6875,62.5
TF:WPT_daad_abs_mean,5,1.2037614396831486e-05,796.0,0.21931046892270778,121.0,0.3945161992346309,189.0,0.15184556269829,173.0,143.0,258.0,-12.0,952.5,-176.0,317.0,0.0001256156038624037,735.0,442.6875,62.5
TF:mod5_centroid,5,0.7765896916389465,242.0,0.08624305408261432,736.0,0.08834758978929802,785.0,0.007912867149685856,864.0,129.0,272.0,-4.0,152.5,-101.0,242.5,0.00030287835623567987,250.0,443.0,62.5
TIME:range_over_std,5,2.1577258110046387,208.5,0.10153133710339088,689.5,0.11066315014294315,738.5,0.10449576512082101,387.5,0.0,701.5,-7.0,452.5,-52.0,193.0,0.00037174046759492726,198.0,446.125,62.5
TF:glcm_37_homogeneity_d2_a3,5,0.0003271308378316462,706.5,0.20219755067693182,230.5,0.3269233531507125,375.5,0.124207947375113,298.5,74.0,327.0,-9.0,652.5,-303.0,444.0,0.00016811383057348687,540.0,446.8125,62.5
TIME:energy_spread,5,0.20687098801136017,322.0,0.1372158783892094,554.0,0.21533290525252546,609.0,0.08697437268885894,486.0,0.0,701.5,-6.0,352.5,-56.0,197.0,0.00022764279704532597,359.0,447.625,62.5
FREQ:peak_count,5,798.413818359375,68.0,0.15169840816893643,490.0,0.22713081715048178,591.0,0.043614320604950456,669.0,0.0,701.5,-6.0,352.5,-235.0,376.0,0.00024058735992202947,335.0,447.875,62.5
TF:tf_aspect_ratio,5,44.384334564208984,100.0,0.1472609180313633,518.0,0.33811426403959643,355.0,0.09245193198085513,466.0,0.0,701.5,-6.0,352.5,-290.0,431.0,0.00014346367858001591,662.0,448.25,62.5
TF:glcm_58_correlation_d3_a3,5,2.6427658212924143e-06,832.0,0.17547997897314277,398.0,0.38170993834317946,238.0,0.07974621015687074,520.0,1.0,400.0,-8.0,552.5,-206.0,347.5,0.00026166345372674637,299.0,448.375,62.5
TF:WPT_band_centroid,5,0.19882513582706451,326.0,0.22007464789657633,97.0,0.3902313088795495,200.0,0.16566826916483032,82.0,270.0,131.0,-12.0,952.5,-803.0,944.5,8.946625530828311e-05,856.0,448.625,62.5
TF:WPT_aaaa_energy,5,3125478.75,14.0,0.21220849372790962,191.0,0.3133747926559334,397.0,0.15630134982095034,136.0,161.0,240.0,-11.0,852.5,-757.0,898.5,8.83570083824892e-05,863.0,449.0,62.5
TIME:p2p,5,2.1577258110046387,208.5,0.10153133710339088,689.5,0.11066315014294315,738.5,0.10449576512082101,387.5,0.0,701.5,-7.0,452.5,-78.0,219.0,0.0003738757712150123,196.0,449.125,62.5
TF:DWT_L3_tk_max,5,771.1890258789062,69.5,0.12184657065808187,609.5,0.29327342086497277,451.5,0.09451715575183735,454.5,0.0,701.5,-6.0,352.5,-589.0,730.0,0.0003341967085865053,226.0,449.375,62.5
TF:WPT_dadd_tk_max,5,3.517659934004769e-05,770.0,0.17204637582572074,417.0,0.31968195260505405,386.0,0.12653972019412457,286.0,0.0,701.5,-3.0,52.5,-288.0,429.0,0.00016571288501825976,555.0,449.625,62.5
TIME:env_entropy,5,0.0176173634827137,477.0,0.15215933156068998,486.0,0.3214909815797249,383.0,0.050344151598022954,632.0,0.0,701.5,-10.0,752.5,-1.0,59.0,0.0005605101107155072,108.0,449.875,62.5
TF:Ef_iqr,5,2.803567076625768e-05,778.5,0.21032945963446986,205.5,0.3745046726020873,263.5,0.1428767113837813,242.5,158.0,243.0,-8.0,552.5,-685.0,826.0,0.00018116983852236172,490.0,450.1875,62.5
TF:DWT_L2_range,5,17.935598373413086,124.5,0.14495738348372314,527.5,0.27939949302344935,481.5,0.09050806627593985,474.5,0.0,701.5,-8.0,552.5,-270.0,411.0,0.00024367430701937594,329.0,450.25,62.5
TF:WPT_aada_min,5,0.9223073720932007,232.0,0.17964214546338317,385.0,0.2512607579302686,548.0,0.10312537457804116,410.0,0.0,701.5,-4.0,152.5,-626.0,767.5,0.0002031510926707956,419.0,451.9375,62.5
TF:WPT_dadd_rel_energy,5,9.204707551724312e-10,925.0,0.22046547256472207,89.0,0.3794035530055626,246.0,0.16379723796312518,91.0,284.0,117.0,-10.0,752.5,-321.0,462.0,3.7998790550950926e-05,943.0,453.1875,62.5
TF:stft_crest,5,299.44989013671875,78.0,0.0792242201777402,760.0,0.2500794730060667,551.0,0.1104682764787832,347.0,0.0,701.5,-6.0,352.5,-202.0,343.5,0.00017962654542361394,496.0,453.6875,62.5
TF:WPT_addd_tk_max,5,0.8135873079299927,240.0,0.1390575284037358,545.0,0.32716753321957315,374.0,0.11938476810043487,319.0,0.0,701.5,-6.0,352.5,-405.0,546.5,0.000163124596396609,558.0,454.5625,62.5
TF:WPT_aaaa_log_energy,5,0.021556157618761063,472.0,0.21076754738340495,198.0,0.31239807656241814,406.0,0.15494754875008462,144.0,227.0,174.0,-9.0,652.5,-679.0,820.5,0.00011494082975199005,784.0,456.375,62.5
TF:WPT_daad_std,5,1.8845665181288496e-05,783.0,0.2175893066166923,147.0,0.4534926773707859,30.0,0.14703603125751905,228.0,102.0,299.0,-12.0,952.5,-148.0,289.0,5.134592153187416e-05,928.0,457.0625,62.5
TF:mod0_entropy,5,0.03230256959795952,452.0,0.15020888731558202,501.0,0.18006117831495017,644.0,0.06909153231926635,563.0,0.0,701.5,-4.0,152.5,-302.0,443.0,0.0003555490970870361,211.0,458.5,62.5
TF:WPT_aaad_mad,5,0.2070932239294052,320.5,0.2160351080861242,172.5,0.3395586008801921,350.5,0.14652062945587563,230.5,124.0,277.0,-8.0,552.5,-729.0,870.0,7.523273216342525e-05,898.0,458.9375,62.5
TF:WPT_aaad_rel_energy,5,0.0123086366802454,493.0,0.21354666241310144,186.0,0.349640488634662,333.0,0.15918571233037332,113.0,152.0,249.0,-10.0,752.5,-753.0,894.0,0.00014512276423480537,652.0,459.0625,62.5
TF:WPT_adad_std,5,0.002814857754856348,581.0,0.21744172154857178,149.0,0.38740925881618216,212.0,0.1466558041970634,229.0,91.0,310.0,-12.0,952.5,-657.0,798.0,0.00019636222422783934,443.0,459.3125,62.5
TF:glcm_7_homogeneity_d1_a1,5,0.00032526429276913404,708.5,0.19940917351606277,245.5,0.3622283625091667,291.5,0.11525014844451885,328.5,38.0,363.0,-11.0,852.5,-185.0,326.0,0.00016305749201339046,559.0,459.3125,62.5
FREQ:bandP_rel_3,5,0.0021337224170565605,596.0,0.13642891455248052,560.0,0.31978076173563075,384.5,0.11212798435773387,343.0,0.0,701.5,-7.0,452.5,-236.0,377.0,0.00028965089770026197,267.0,460.1875,62.5
TF:glcm_56_energy_d3_a3,5,0.000930506328586489,646.0,0.19318096645998287,291.0,0.4366334459483281,69.0,0.10439560437146538,391.0,73.0,328.0,-11.0,852.5,-120.0,261.0,9.637548195419315e-05,843.0,460.1875,62.5
TF:WPT_addd_rms,5,0.015603369101881981,484.0,0.21684569143339244,161.0,0.39559869929861735,187.0,0.14768408603859337,223.0,93.0,308.0,-11.0,852.5,-515.0,656.0,0.00010839841275134302,811.0,460.3125,62.5
TF:WPT_aaad_range,5,18.180034637451172,121.5,0.1710960283444785,424.5,0.3502709949489855,328.5,0.1224896858623898,310.5,0.0,701.5,-10.0,752.5,-615.0,756.0,0.00026680661294286055,295.0,461.25,62.5
TF:WPT_daaa_abs_mean,5,6.196374897626811e-07,863.0,0.21835399805257544,137.0,0.38671471315491024,216.0,0.14858424918097787,208.0,155.0,246.0,-10.0,752.5,-243.0,384.0,7.808684135467339e-05,893.0,462.4375,62.5
TF:DWT_L4_min,5,2.5404484272003174,202.0,0.17714893263831047,390.0,0.3257187618528241,378.0,0.11273851095733559,340.0,0.0,701.5,-6.0,352.5,-616.0,757.5,0.00015629395998322977,589.0,463.8125,62.5
TF:DWT_L5_log_energy,5,0.34936079382896423,286.0,0.19165924337158813,322.0,0.4478877659820486,43.0,0.09414381429441451,457.0,0.0,701.5,-12.0,952.5,-138.0,279.0,0.00013904473012957294,681.0,465.25,62.5
TF:WPT_daad_rms,5,1.8901462681242265e-05,782.0,0.2176690493086546,146.0,0.45793008453991524,21.0,0.14726756203669822,227.0,103.0,298.0,-12.0,952.5,-226.0,367.0,4.94723846300914e-05,930.0,465.4375,62.5
FREQ:psd_max,5,0.0008117140387184918,657.5,0.15852368617493162,466.5,0.3031803818150882,428.0,0.0959440438847068,447.5,0.0,701.5,-5.0,252.5,-83.0,224.5,0.00016722046386811773,546.0,465.5,62.5
TF:WPT_band_entropy,5,0.393037885427475,275.0,0.21279208664561747,188.0,0.42144407505069026,113.0,0.14558776163287387,236.0,31.0,370.0,-12.0,952.5,-796.0,937.0,0.00014427053759171856,654.0,465.6875,62.5
TF:WPT_adad_rms,5,0.0028231029864400625,580.0,0.21754936653952853,148.0,0.388425247106162,206.0,0.14650589230405822,232.0,97.0,304.0,-12.0,952.5,-328.0,469.5,9.641737893641153e-05,842.0,466.75,62.5
TF:tfband_4,5,3.313164234161377,186.0,0.17086276722639437,427.0,0.33704817115122676,356.0,0.13649707431241298,263.0,0.0,701.5,-7.0,452.5,-419.0,560.5,0.00010851098148056567,810.0,469.5625,62.5
TF:WPT_dadd_std,5,0.00012180188059573993,740.0,0.21784800503275673,143.0,0.37843577730077804,253.0,0.14757519980557948,226.0,109.0,292.0,-11.0,852.5,-199.0,340.0,6.52386358632631e-05,910.0,469.5625,62.5
TF:WPT_aaaa_max,5,17.870988845825195,126.0,0.1528135698752228,483.0,0.13579895957356802,698.0,0.050811839052523615,629.0,0.0,701.5,-7.0,452.5,-152.0,293.0,0.00021819338024224496,383.0,470.75,62.5
TF:tf_elongation,5,44.33682632446289,101.0,0.14766066001780187,516.0,0.3498115766253518,332.0,0.09219996736746525,467.0,0.0,701.5,-6.0,352.5,-330.0,471.5,9.988467639502072e-05,833.0,471.8125,62.5
TF:DWT_L6_tk_std,5,1.441235610855074e-07,890.0,0.20669719140542187,217.0,0.3042320199446853,422.0,0.1539340861788215,152.0,48.0,353.0,-11.0,852.5,-426.0,567.5,0.00023884508815996805,340.0,474.25,62.5
TF:DWT_L6_std,5,4.819339301320724e-05,762.0,0.2193392825600026,118.0,0.4078729535101626,150.5,0.15221163984785183,170.0,149.0,252.0,-12.0,952.5,-305.0,446.5,3.774307202455424e-05,944.0,474.4375,62.5
TF:glcm_16_energy_d1_a3,5,0.0009323194972239435,643.5,0.19304484200760208,294.5,0.4127344789944347,134.5,0.1039411061883271,396.5,86.0,315.0,-11.0,852.5,-131.0,272.0,8.053333201592282e-05,887.0,474.4375,62.5
TF:WPT_aadd_tk_max,5,339.515869140625,74.0,0.15161792031918847,491.0,0.34412618920881544,344.0,0.0933201907462209,464.0,0.0,701.5,-6.0,352.5,-591.0,732.5,0.00014751941178547113,638.0,474.6875,62.5
TF:WPT_aadd_std,5,0.3295218348503113,297.0,0.2166378599773076,169.0,0.44086515947062477,63.0,0.14770140445780466,222.0,81.0,320.0,-12.0,952.5,-760.0,901.5,8.462187629333092e-05,875.0,475.0,62.5
TF:WPT_aaaa_rel_energy,5,0.04713999480009079,429.0,0.21838980964116247,135.0,0.3943047815468552,190.0,0.16407375909517896,88.0,236.0,165.0,-12.0,952.5,-801.0,942.0,7.221818584428086e-05,904.0,475.6875,62.5
TF:DWT_L4_rms,5,0.19593356549739838,330.0,0.21726646520552642,152.0,0.45103735089131103,36.0,0.14777325525073823,219.0,98.0,303.0,-12.0,952.5,-760.0,901.5,5.494277585617469e-05,920.0,476.75,62.5
TF:WPT_daad_range,5,0.001532787224277854,613.5,0.1769225611906537,392.5,0.25884098863182725,524.5,0.09822330253135858,434.5,0.0,701.5,-5.0,252.5,-446.0,587.5,0.00025606226084949694,311.0,477.1875,62.5
TF:WPT_aaad_tk_max,5,771.1890258789062,69.5,0.12184657065808187,609.5,0.29327342086497277,451.5,0.09451715575183735,454.5,0.0,701.5,-6.0,352.5,-614.0,755.0,0.00019945923143992563,433.0,478.375,62.5
TF:WPT_aaad_rms,5,0.4282193183898926,265.5,0.2106818986857203,200.5,0.38277563031120243,233.5,0.14064055337859835,249.5,16.0,385.0,-11.0,852.5,-602.0,743.5,6.334297322582456e-05,913.0,480.375,62.5
TF:stft_p25,5,9.984754810376084e-32,954.0,6.58012341409236e-05,951.0,0.0,969.5,0.14001011935242208,255.0,211.0,190.0,-5.0,252.5,-48.0,189.5,0.0006252963500161726,91.0,481.5625,62.5
TF:WPT_addd_tk_std,5,0.010519156232476234,500.0,0.20672040160426583,216.0,0.35240404946363313,320.0,0.15338158215677325,159.0,62.0,339.0,-11.0,852.5,-663.0,804.0,0.0001434558958478855,663.0,481.6875,62.5
TF:WPT_aaaa_rms,5,0.282915323972702,301.0,0.21189223516179473,194.0,0.31181904715095854,411.0,0.1559962260146437,137.0,197.0,204.0,-11.0,852.5,-752.0,893.0,8.562272371682452e-05,871.0,482.9375,62.5
TF:DWT_L2_p2p,5,17.935598373413086,124.5,0.14495738348372314,527.5,0.27939949302344935,481.5,0.09050806627593985,474.5,0.0,701.5,-7.0,452.5,-355.0,496.0,0.00014934491305366052,619.0,484.625,62.5
TF:WPT_dada_tk_std,5,1.0894499382629874e-06,849.0,0.21175251594360192,195.0,0.3668415853540523,274.0,0.1589987022573203,116.0,130.0,271.0,-7.0,452.5,-713.0,854.0,8.568066248803072e-05,870.0,485.1875,62.5
TF:glcm_27_homogeneity_d2_a1,5,0.00032526429276913404,708.5,0.19940917351606277,245.5,0.3622283625091667,291.5,0.11525014844451885,328.5,36.0,365.0,-11.0,852.5,-310.0,451.0,0.00014608805783275565,646.0,486.0625,62.5
TF:DWT_L3_std,5,0.4272901117801666,267.5,0.2106133243753069,203.5,0.3636764000916255,287.5,0.14057432092614527,251.5,14.0,387.0,-11.0,852.5,-717.0,858.5,0.00011165473220653354,797.0,488.125,62.5
TF:WPT_aaaa_std,5,0.28304409980773926,300.0,0.21200250526195522,193.0,0.31261779838407966,404.0,0.15641804169176982,133.0,199.0,202.0,-11.0,852.5,-790.0,931.5,7.71937636488889e-05,895.0,488.875,62.5
TIME:max_abs,5,1.3460593223571777,222.5,0.08943275445276837,726.5,0.13920947980721587,694.5,0.0832776021746317,499.5,0.0,701.5,-7.0,452.5,-153.0,294.0,0.00022079162644909203,377.0,496.0,62.5
TF:WPT_aadd_max,5,3.617831230163574,181.0,0.17491021766783996,403.0,0.31628485747297796,394.0,0.11416938304908279,331.0,0.0,701.5,-6.0,352.5,-644.0,785.0,0.00010633041274185936,821.0,496.125,62.5
TF:WPT_dada_min,5,0.00165718758944422,610.0,0.18490075096009087,358.0,0.3462901743062683,339.0,0.11968559600413704,316.0,0.0,701.5,-8.0,552.5,-621.0,762.5,0.0002389887996786182,338.0,497.1875,62.5
TF:DWT_L3_log_energy,5,0.2983552813529968,298.5,0.18753016175869364,348.5,0.3827899271404558,231.5,0.08692039225532947,487.5,0.0,701.5,-11.0,852.5,-580.0,721.5,0.00022041260983388892,379.0,502.5625,62.5
TF:DWT_L6_p2p,5,0.006843683775514364,522.5,0.15431992241701442,481.5,0.33263264472740905,364.5,0.0979773063292316,437.5,0.0,701.5,-7.0,452.5,-487.0,628.5,0.00019870999988099277,437.0,503.1875,62.5
TIME:crest_factor,5,1.3460593223571777,222.5,0.08943275445276837,726.5,0.13920947980721587,694.5,0.0832776021746317,499.5,0.0,701.5,-7.0,452.5,-156.0,297.0,0.0001968095153182543,442.0,504.5,62.5
TF:mod7_centroid,5,0.7240087985992432,246.0,0.05745758878721093,822.0,0.004460575461219474,926.0,0.01506338788965736,803.0,110.0,291.0,-4.0,152.5,-351.0,492.0,0.0002470011105520862,321.0,506.6875,62.5
TF:WPT_adad_entropy,5,0.10769868642091751,377.0,0.10544046439467798,675.0,0.10696430670377977,752.0,0.01613540989726017,798.0,26.0,375.0,-7.0,452.5,-230.0,371.0,0.000286397594516911,270.0,508.8125,62.5
TF:DWT_L6_log_energy,5,0.3535216152667999,285.0,0.19213745315193018,319.0,0.41051280596715367,143.0,0.09759400567889827,440.0,0.0,701.5,-12.0,952.5,-189.0,330.0,7.22318310874024e-05,903.0,509.25,62.5
TF:glcm_2_homogeneity_d1_a0,5,0.0002961178543046117,717.0,0.2013702480174531,238.0,0.3126580950030373,403.0,0.12382936032400385,303.0,8.0,393.0,-10.0,752.5,-686.0,827.0,0.00019152658776451357,457.0,511.3125,62.5
TF:WPT_dada_log_energy,5,0.36207297444343567,282.0,0.1929064052667259,301.0,0.4605201919571318,19.0,0.098628504700527,432.0,0.0,701.5,-11.0,852.5,-544.0,685.0,9.734831826805089e-05,841.0,514.25,62.5
TF:WPT_dada_max,5,0.0016171530587598681,611.0,0.18641289263546923,351.0,0.27447562992629226,489.0,0.12277980506518847,307.0,0.0,701.5,-5.0,252.5,-708.0,849.0,0.00016362434694678087,557.0,514.75,62.5
TF:WPT_adad_max,5,0.05096076428890228,427.0,0.1652091767954324,447.0,0.2441954597834548,561.0,0.09705012038968656,443.0,0.0,701.5,-6.0,352.5,-281.0,422.0,0.00011785891096246991,774.0,516.0,62.5
TF:WPT_daad_p2p,5,0.001532787224277854,613.5,0.1769225611906537,392.5,0.25884098863182725,524.5,0.09822330253135858,434.5,0.0,701.5,-5.0,252.5,-613.0,754.0,0.00018902108782687597,464.0,517.125,62.5
TF:glcm_19_entropy_d1_a3,5,0.06444795429706573,405.5,0.1949388519887994,264.5,0.3606830628482034,299.5,0.1046348608445884,381.5,3.0,398.0,-12.0,952.5,-429.0,570.0,5.322437695904437e-05,924.0,524.4375,62.5
TF:glcm_39_entropy_d2_a3,5,0.06444795429706573,405.5,0.1949388519887994,264.5,0.3606830628482034,299.5,0.1046348608445884,381.5,2.0,399.0,-12.0,952.5,-520.0,661.0,8.227444113666338e-05,881.0,530.5625,62.5
TF:glcm_74_entropy_d4_a2,5,0.07132048904895782,392.0,0.19487011099534657,269.0,0.3615329400484488,294.0,0.10435529477582006,392.0,15.0,386.0,-12.0,952.5,-465.0,606.5,1.7204170001497464e-05,953.0,530.625,62.5
TF:WPT_ddda_log_energy,5,0.37223300337791443,280.0,0.190391314853394,330.0,0.4099323958128829,147.0,0.09880916022997754,430.0,0.0,701.5,-12.0,952.5,-569.0,710.0,0.00012480384575091667,738.0,536.125,62.5
TF:WPT_adda_range,5,2.4720089435577393,204.5,0.14678639013759393,522.5,0.2742043974352799,491.5,0.08435502153344884,492.5,0.0,701.5,-10.0,752.5,-548.0,689.0,0.00019134604380972834,460.0,539.25,62.5
TF:WPT_dada_tk_max,5,6.699234654661268e-05,755.0,0.1557786938427756,479.0,0.3291481437934385,371.0,0.10314388493994883,409.0,0.0,701.5,-4.0,152.5,-544.0,685.0,8.477293084090806e-05,874.0,553.375,62.5
TF:WPT_addd_log_energy,5,0.34534063935279846,290.0,0.19043766331837123,329.0,0.3984517894076598,177.0,0.08901890758599748,480.0,0.0,701.5,-12.0,952.5,-575.0,716.5,9.740353889030131e-05,840.0,560.8125,62.5
TF:WPT_daaa_log_energy,5,0.38502469658851624,277.0,0.1747609040075899,405.0,0.29076338963454784,454.0,0.08871884663402281,481.0,0.0,701.5,-11.0,852.5,-665.0,806.0,0.0001335718116007909,709.0,585.75,62.5
FREQ:bandP_rel_6,4,0.00227134907618165,591.5,0.2226678731588,49.5,0.3875831536155365,210.0,0.16842074749653227,62.5,325.0,76.0,-8.0,552.5,-461.0,602.5,0.0001392504926998426,680.0,353.0625,50.0
SPAT:sp_skew,4,0.38692507147789,276.0,0.1242309713941153,598.0,0.2449187131175714,558.0,0.053819435961062354,617.0,0.0,701.5,-2.0,2.0,-1.0,59.0,0.0006837873732827197,79.0,361.3125,50.0
TF:WPT_dada_var,4,3.901233753822453e-07,876.0,0.22453851895937188,26.0,0.45383889669500954,29.0,0.17243007493061735,44.0,354.0,47.0,-9.0,652.5,-426.0,567.5,0.00012306446550441517,747.0,373.625,50.0
TF:DWT_L1_var,4,8.025331497192383,151.0,0.12617955331351383,592.0,0.37941962926335737,245.0,0.07998623615932839,519.0,0.0,701.5,-8.0,552.5,-1.0,59.0,0.00036170217073877575,203.0,377.875,50.0
TIME:tkeo_mean,4,0.005342414602637291,549.0,0.2228768665456236,44.0,0.4120362373607409,137.0,0.1689153524815966,58.0,314.0,87.0,-11.0,852.5,-401.0,542.0,0.00011894726909657338,769.0,379.8125,50.0
TF:DWT_L1_energy,4,144937.90625,29.0,0.12632636498505925,590.0,0.38834868654941435,207.0,0.08147199791859273,512.0,0.0,701.5,-8.0,552.5,-2.0,130.5,0.00022508625372418212,363.0,385.6875,50.0
TIME:mad,4,0.009506498463451862,506.0,0.17153878110958531,422.0,0.25269380264412344,543.0,0.06967311531421946,555.0,235.0,166.0,-9.0,652.5,-23.0,164.0,0.0005029419123879504,123.0,391.4375,50.0
TF:WPT_addd_var,4,0.0040111117996275425,566.0,0.22197633760934568,60.0,0.40132281514725276,174.0,0.1671888273582205,72.0,305.0,96.0,-10.0,752.5,-688.0,829.5,0.00015695499095450498,586.0,392.0,50.0
TF:DWT_L6_tk_mean,4,1.0913630177356026e-07,896.0,0.22520320308650943,22.0,0.4196309346672962,118.0,0.1768226474223888,33.0,364.0,37.0,-10.0,752.5,-400.0,541.0,0.0001075264508284477,816.0,401.9375,50.0
TF:WPT_dadd_mad,4,5.85147317906376e-05,758.0,0.22088710279739934,80.0,0.41621225987622124,124.0,0.14954671634010586,201.0,219.0,182.0,-8.0,552.5,-449.0,590.0,0.0001254215037562062,736.0,402.9375,50.0
TF:WPT_adad_tk_mean,4,0.00014071214536670595,733.0,0.22311891844599088,41.0,0.3854646380474547,218.0,0.16543380309066302,85.0,307.0,94.0,-9.0,652.5,-367.0,508.5,2.640550128692002e-05,951.0,410.375,50.0
TF:DWT_L1_tk_max,4,2144.481689453125,60.0,0.09327540798622734,711.0,0.22548919730075045,594.0,0.03049740149384932,730.0,0.0,701.5,-7.0,452.5,-1.0,59.0,0.0009370950603125009,46.0,419.25,50.0
TIME:mean_abs,4,0.0027420432306826115,585.0,0.16115962019977126,457.0,0.24987922748425584,552.0,0.06954531455753529,560.0,117.0,284.0,-10.0,752.5,-1.0,59.0,0.0005640482136306049,107.0,419.5625,50.0
TF:WPT_daaa_mad,4,4.1324707922285597e-07,875.0,0.22062207474204754,85.0,0.4020775255037501,170.0,0.15069069387621492,189.0,215.0,186.0,-8.0,552.5,-453.0,594.0,0.00011830139507737441,772.0,427.9375,50.0
TF:WPT_daad_mad,4,8.826114026305731e-06,805.0,0.21967035205858051,111.0,0.44528793694485636,53.0,0.15314762207246885,162.0,189.0,212.0,-10.0,752.5,-442.0,583.0,0.00012087425540476907,757.0,429.4375,50.0
TF:WPT_aadd_rel_energy,4,0.006915244273841381,520.0,0.21931515408439697,120.0,0.42802097913474313,98.0,0.1618240716783696,104.0,251.0,150.0,-11.0,852.5,-562.0,703.5,7.914286586480266e-05,891.0,429.875,50.0
TF:WPT_dada_rel_energy,4,1.4761363242854486e-09,922.0,0.221635640793477,67.0,0.44148943253036776,58.0,0.16937776604326044,53.0,313.0,88.0,-9.0,652.5,-512.0,653.0,3.468898649647146e-05,946.0,429.9375,50.0
TF:DWT_L3_entropy,4,0.11727121472358704,369.5,0.12009381139194196,618.5,0.1524226432932987,679.5,0.014772661746287654,808.5,104.0,297.0,-8.0,552.5,-1.0,59.0,0.0008341061721836151,57.0,430.1875,50.0
TF:WPT_aaad_entropy,4,0.11727121472358704,369.5,0.12009381139194196,618.5,0.1524226432932987,679.5,0.014772661746287654,808.5,101.0,300.0,-8.0,552.5,-1.0,59.0,0.000799758768653316,59.0,430.8125,50.0
TIME:seg_energy_4,4,0.0027330894954502583,586.0,0.07220612582387467,784.0,0.25240455350496216,545.0,0.024826320997448678,756.0,386.0,15.0,-4.0,152.5,-20.0,161.5,0.000191894714138993,455.0,431.875,50.0
FREQ:hist_b29,4,0.0014964939327910542,615.0,0.0925952572001086,714.0,0.21423770306003798,611.0,0.17463137808800577,37.0,0.0,701.5,-4.0,152.5,-211.0,352.0,0.00027332103859013655,287.0,433.75,50.0
TF:Ef_p75,4,2.803567076625768e-05,778.5,0.21032945963446986,205.5,0.3745046726020873,263.5,0.1428767113837813,242.5,160.0,241.0,-8.0,552.5,-402.0,543.0,0.0001465193969189309,644.0,433.8125,50.0
TF:DWT_L1_max,4,7.214901447296143,156.0,0.11409920298627108,643.0,0.23947117615539915,571.0,0.06482593054490972,577.0,0.0,701.5,-7.0,452.5,-32.0,173.0,0.00035736255914687784,207.0,435.125,50.0
TF:mod1_centroid,4,1.213045597076416,228.0,0.11135725497956186,653.0,0.19506546593798335,632.0,0.033512169908066436,718.0,0.0,701.5,-3.0,52.5,-2.0,130.5,0.00022409381983632936,367.0,435.3125,50.0
SPAT:sp_kurt,4,5.0424885749816895,168.0,0.0769295520545192,766.0,0.10544407655005372,754.0,0.012931917074686865,824.0,0.0,701.5,-4.0,152.5,-1.0,59.0,0.0006777730013285757,80.0,438.125,50.0
TF:WPT_adad_mad,4,0.0013450377155095339,619.0,0.21710396427502224,154.0,0.3276849206368717,373.0,0.15148283682812866,180.0,122.0,279.0,-8.0,552.5,-481.0,622.0,0.00012431999746654414,742.0,440.1875,50.0
TIME:burst_mean_dur,4,337.39849853515625,75.0,0.12198090305122526,608.0,0.3065000732411658,418.0,0.030438629276985034,731.0,0.0,701.5,-9.0,652.5,-2.0,130.5,0.00032279208078239105,236.0,444.0625,50.0
TF:DWT_L0_max,4,60.61876678466797,94.0,0.15790691785868388,471.0,0.1798805495840159,647.0,0.07772636693225031,523.0,0.0,701.5,-10.0,752.5,-16.0,157.0,0.0003569428905063701,208.0,444.25,50.0
TF:WPT_dada_rms,4,0.00015641297795809805,730.0,0.21952843776182254,113.0,0.45737444447547615,22.0,0.15310216927314613,163.0,166.0,235.0,-11.0,852.5,-435.0,576.0,8.800594607473465e-05,864.0,444.4375,50.0
TF:WPT_aada_rel_energy,4,0.00024536714772693813,721.0,0.22274724175158728,47.0,0.3744120182591075,265.0,0.16989156230975722,50.0,322.0,79.0,-10.0,752.5,-723.0,864.5,0.00011615053031114628,780.0,444.875,50.0
TF:DWT_L1_zcr,4,0.0039902180433273315,567.0,0.15106914155077691,498.0,0.170670233797809,656.0,0.04833906441325755,642.0,0.0,701.5,-3.0,52.5,-94.0,235.0,0.00034768979108996305,216.0,446.0,50.0
TF:WPT_dada_entropy,4,0.12903831899166107,364.0,0.11254316716107875,647.0,0.14578366258344655,689.0,0.009716290774652409,846.0,273.0,128.0,-9.0,652.5,-1.0,59.0,0.0003789678763293693,188.0,446.6875,50.0
TF:WPT_dadd_iqr,4,0.00023372082796413451,724.0,0.22087632578477145,81.0,0.3570216882696049,311.0,0.149212993823642,202.0,226.0,175.0,-8.0,552.5,-472.0,613.5,4.7485014669990364e-05,932.0,448.875,50.0
TF:WPT_adad_var,4,0.00013331841910257936,736.0,0.22335574074493497,36.0,0.39155345039934364,196.0,0.16669413257082114,75.0,295.0,106.0,-12.0,952.5,-424.0,565.5,3.979180258786544e-05,940.0,450.875,50.0
FREQ:bandP_rel_4,4,0.005722707137465477,541.0,0.20465514478195238,224.0,0.3383900897675711,353.5,0.148959055378734,204.0,84.0,317.0,-9.0,652.5,-515.0,656.0,0.00014243963653622443,668.0,452.0,50.0
TIME:std_peak_interval,4,7260.38671875,48.0,0.15997300716400423,462.0,0.3843471993273697,225.0,0.04141629562231531,683.0,0.0,701.5,-10.0,752.5,-52.0,193.0,0.0001587265657298269,578.0,455.375,50.0
TF:DWT_L1_entropy,4,0.21996544301509857,316.0,0.13616091156368956,564.0,0.15953181590510157,662.0,0.02036292648212558,784.0,0.0,701.5,-6.0,352.5,-16.0,157.0,0.0005280471832371397,114.0,456.375,50.0
TF:glcm_63_correlation_d4_a0,4,3.2818193176353816e-06,826.0,0.14628683012047472,524.0,0.34395998156863516,346.0,0.040044395890999965,690.0,183.0,218.0,-8.0,552.5,-2.0,130.5,0.00022472283600521428,364.0,456.375,50.0
TF:WPT_aadd_entropy,4,0.11647792905569077,371.0,0.11252858055007867,648.0,0.11575403843482235,726.0,0.008414187288665345,859.0,192.0,209.0,-9.0,652.5,-1.0,59.0,0.0004611803879210952,139.0,457.9375,50.0
TF:DWT_L2_kurt,4,15.189074516296387,130.0,0.09936921054339956,697.0,0.2566301983354675,537.0,0.0004572662066858778,912.0,0.0,701.5,-7.0,452.5,-1.0,59.0,0.0003981651882496058,178.0,458.375,50.0
TF:lbp_b8,4,6.198294158821227e-06,817.0,0.15814733080234245,470.0,0.23036837227366247,584.0,0.06675692911610795,567.0,0.0,701.5,-3.0,52.5,-78.0,219.0,0.00029258181869134436,260.0,458.875,50.0
TF:WPT_aaaa_min,4,11.699074745178223,138.0,0.0947757940501455,708.0,0.10217227803360007,759.0,0.07340679679738783,537.0,0.0,701.5,-4.0,152.5,-208.0,349.5,0.0002442163410876547,328.0,459.1875,50.0
TIME:env_skew,4,0.42042383551597595,271.0,0.12350989467059244,606.0,0.17903337152090426,648.0,0.08072805944234132,515.0,0.0,701.5,-6.0,352.5,-91.0,232.0,0.00022628551501393713,361.0,460.875,50.0
TF:glcm_43_correlation_d3_a0,4,2.5132487735390896e-06,833.0,0.14756754242674316,517.0,0.31536345031774626,396.0,0.042033425900634414,681.0,127.0,274.0,-9.0,652.5,-16.0,157.0,0.0003984055209355433,177.0,460.9375,50.0
TIME:longest_run_above,4,5000.61279296875,51.0,0.1721813119486253,416.0,0.2588795123551231,523.0,0.10422265800810127,394.0,0.0,701.5,-7.0,452.5,-398.0,539.5,0.0001488027715704285,627.0,463.0625,50.0
TF:mod3_centroid,4,0.7010558247566223,247.0,0.09028122413597985,722.0,0.1518224028919417,681.0,0.015605185914844366,801.0,0.0,701.5,-3.0,52.5,-97.0,238.0,0.00028857387595858185,269.0,464.0,50.0
TF:Et_skew,4,1.5360331535339355,219.0,0.09402333200252183,709.0,0.126483325307289,710.0,0.11338881410250197,335.0,0.0,701.5,-5.0,252.5,-122.0,263.5,0.00017136150841731774,527.0,464.6875,50.0
FREQ:hist_b28,4,0.001033508451655507,632.0,0.15822376686813688,469.0,0.2634664115870402,511.0,0.1184667955752799,321.0,59.0,342.0,-6.0,352.5,-374.0,515.5,0.00015825178619651787,580.0,465.375,50.0
TF:divergence_mean,4,0.01146356388926506,496.0,0.09942866684422558,695.0,0.22323063120197295,602.0,0.031581520317084846,725.0,0.0,701.5,-4.0,152.5,-2.0,130.5,0.00031698153780181505,240.0,467.8125,50.0
TF:DWT_L4_entropy,4,0.11228028684854507,373.0,0.1150857440348238,639.0,0.11956191391617077,720.0,0.011396584874500624,837.0,240.0,161.0,-11.0,852.5,-1.0,59.0,0.0005708264835615274,103.0,468.0625,50.0
TF:DWT_L6_zcr,4,4.809377423953265e-05,763.0,0.1109137416471459,658.0,0.108401185704468,746.0,0.008606543617119499,856.0,340.0,61.0,-4.0,152.5,-1.0,59.0,0.00019345092670761024,451.0,468.3125,50.0
TF:DWT_L6_var,4,3.763589973004855e-08,902.0,0.22522913906219932,20.0,0.4105115500318921,144.5,0.17802263458201006,27.0,362.0,39.0,-11.0,852.5,-694.0,835.0,4.69761339128212e-05,934.0,469.25,50.0
FREQ:ratio_low_mid,4,2952.877197265625,56.0,0.09975281071330219,694.0,0.29705432288744493,437.0,0.013687618280916945,820.0,0.0,701.5,-6.0,352.5,-7.0,148.5,0.00016609514385976172,550.0,469.9375,50.0
TF:WPT_adad_rel_energy,4,5.03866715462209e-07,870.0,0.2207638292609291,82.0,0.4226902047968166,107.0,0.16292289470156235,100.0,260.0,141.0,-12.0,952.5,-626.0,767.5,0.00012472571403694002,740.0,470.0,50.0
TF:WPT_adad_tk_std,4,0.0004271873040124774,686.0,0.20436348560391573,225.0,0.34678873263454113,338.0,0.13981642690148058,259.0,23.0,378.0,-8.0,552.5,-433.0,574.5,0.0001223751918627599,748.0,470.125,50.0
TF:Et_centroid,4,29.750375747680664,110.0,0.08453820393870087,741.0,0.17110257057104583,655.0,0.031795894236357085,724.0,0.0,701.5,-5.0,252.5,-206.0,347.5,0.0003298759707671089,230.0,470.1875,50.0
TF:WPT_aaad_tk_std,4,10.53706169128418,141.5,0.19246179058751972,309.5,0.3096941094946497,414.5,0.14841587453652774,213.5,0.0,701.5,-8.0,552.5,-687.0,828.0,0.00015364702902050754,601.0,470.25,50.0
TF:DWT_L2_entropy,4,0.17343248426914215,341.0,0.12157364112674363,612.0,0.20288640614578046,622.0,0.012380150944240035,829.0,0.0,701.5,-6.0,352.5,-1.0,59.0,0.0003078155533731461,247.0,470.5,50.0
TF:WPT_ddda_rel_energy,4,4.211357373939961e-10,929.0,0.21217134025394382,192.0,0.40769179359294627,152.0,0.15389937623050462,155.0,210.0,191.0,-10.0,752.5,-692.0,833.0,0.0001607969515068123,568.0,471.5625,50.0
TF:WPT_aaaa_p2p,4,35.17422103881836,108.5,0.15120679025081696,494.5,0.19616734967737282,629.5,0.10096985282970297,422.5,0.0,701.5,-9.0,652.5,-74.0,215.0,0.0001660475953231551,551.0,471.875,50.0
FREQ:peak2_freq,4,65424.0078125,35.0,0.06991090776830497,786.0,0.11491040113130602,730.0,-0.0042578006108248264,973.0,0.0,701.5,-3.0,52.5,-88.0,229.0,0.00028359260244081955,272.0,472.375,50.0
TF:WPT_dadd_p2p,4,0.004891601856797934,555.5,0.19538067828838152,257.5,0.35028535983955233,325.5,0.13570113525892238,270.5,0.0,701.5,-6.0,352.5,-379.0,520.0,0.00010279416303260812,826.0,476.125,50.0
TF:WPT_aadd_range,4,13.804713249206543,135.5,0.18491690733009902,356.5,0.2664293809046647,504.5,0.12677398890351047,284.5,0.0,701.5,-8.0,552.5,-228.0,369.5,6.330217245974651e-05,914.0,477.3125,50.0
TF:DWT_L3_tk_std,4,10.53706169128418,141.5,0.19246179058751972,309.5,0.3096941094946497,414.5,0.14841587453652774,213.5,0.0,701.5,-8.0,552.5,-774.0,915.0,0.000155208486576722,594.0,480.25,50.0
TF:stft_p90,4,1.0726893378887326e-05,799.0,0.2210452929403712,74.0,0.40352952229900474,166.0,0.16387146087666515,90.0,255.0,146.0,-10.0,752.5,-783.0,924.5,7.500038521189676e-05,901.0,481.625,50.0
TF:glcm_17_homogeneity_d1_a3,4,0.0003271308378316462,706.5,0.20219755067693182,230.5,0.3269233531507125,375.5,0.124207947375113,298.5,75.0,326.0,-9.0,652.5,-472.0,613.5,0.00014206867165587154,670.0,484.125,50.0
TF:DWT_L3_p2p,4,18.180034637451172,121.5,0.1710960283444785,424.5,0.3502709949489855,328.5,0.1224896858623898,310.5,0.0,701.5,-10.0,752.5,-565.0,706.0,0.00016822128902542442,538.0,485.375,50.0
TF:glcm_78_correlation_d4_a3,4,4.949863978254143e-06,820.0,0.16852618378899498,442.0,0.3775841150140562,255.0,0.07253370330862191,541.0,0.0,701.5,-10.0,752.5,-66.0,207.5,0.0004108014548390702,164.0,485.4375,50.0
FREQ:ratio_mid_high,4,57.15113830566406,96.0,0.08181010325622523,750.0,0.2751971101848727,488.0,0.0005271203009230629,910.0,0.0,701.5,-11.0,852.5,-1.0,59.0,0.0012680433443228482,31.0,486.0,50.0
TF:WPT_ddaa_mad,4,7.195478701760294e-08,899.0,0.21561373358135738,176.0,0.36722998380834015,273.0,0.15024801406578683,193.0,144.0,257.0,-11.0,852.5,-423.0,564.0,0.00013757135848523947,687.0,487.6875,50.0
TF:DWT_L2_rms,4,0.4011262059211731,273.0,0.19363013601646506,286.0,0.3176093960995918,389.0,0.12571373277308803,292.0,0.0,701.5,-9.0,652.5,-390.0,531.0,0.00011359872522966074,792.0,489.625,50.0
TIME:above_3std_frac,4,4.517711931839585e-05,766.0,0.16322671621129206,454.0,0.2187721770686415,604.0,0.06637475310793547,570.0,45.0,356.0,-8.0,552.5,-131.0,272.0,0.00023762903671765173,343.0,489.6875,50.0
TF:WPT_dadd_min,4,0.0012933858670294285,625.0,0.19091197123022688,324.0,0.33469721566798283,362.0,0.13027757090157427,279.0,0.0,701.5,-8.0,552.5,-428.0,569.0,0.00017743788347913194,505.0,489.75,50.0
TF:DWT_L4_range,4,9.442641258239746,147.5,0.18354612346965102,368.5,0.3313766091945305,367.5,0.13343664126931853,275.5,0.0,701.5,-8.0,552.5,-493.0,634.5,8.432108757927473e-05,876.0,490.4375,50.0
TF:WPT_addd_rel_energy,4,1.5138874914555345e-05,792.0,0.21903049394726393,131.0,0.38863279819065966,205.0,0.16274944873740263,101.0,256.0,145.0,-10.0,752.5,-741.0,882.5,5.4662637219405984e-05,921.0,491.25,50.0
TF:Ef_rolloff99,4,216768.25,28.0,0.16412468666994426,453.0,0.43402336525130014,83.0,0.057308274057722174,600.0,0.0,701.5,-12.0,952.5,-808.0,949.5,0.0004108520042253934,163.0,491.3125,50.0
TF:hog_b9,4,1.7586042304174043e-05,785.0,0.08610547740192358,737.0,0.08366768847569928,796.0,0.01908927137976407,789.0,352.0,49.0,-3.0,52.5,-339.0,480.0,0.0003068778561622043,249.0,492.1875,50.0
TF:DWT_L6_entropy,4,0.13316360116004944,363.0,0.11251946770605044,649.0,0.07814446687822363,804.0,0.01628181356032617,797.0,208.0,193.0,-10.0,752.5,-52.0,193.0,0.00037812985702275766,190.0,492.6875,50.0
TF:WPT_adad_abs_mean,4,0.0018241606885567307,603.0,0.21872158155115795,133.0,0.40317642653871655,168.0,0.1502421752909452,194.0,121.0,280.0,-11.0,852.5,-651.0,792.0,4.5922866199701815e-05,938.0,495.0625,50.0
TF:glcm_40_contrast_d3_a0,4,0.09586919844150543,382.0,0.14561316836625504,525.0,0.28984520142089254,457.0,0.08210045224021795,503.0,0.0,701.5,-10.0,752.5,-232.0,373.0,0.0002823468355365332,275.0,496.125,50.0
TF:mod4_centroid,4,0.8062119483947754,241.0,0.08943604174797629,725.0,0.05601784010671018,830.0,0.003057964613884014,894.0,0.0,701.5,-3.0,52.5,-174.0,315.0,0.00033008415684346803,229.0,498.5,50.0
TF:DWT_L0_var,4,318.2200622558594,76.0,0.16991471270248948,437.0,0.2649832501603222,508.0,0.11249791257820695,341.0,0.0,701.5,-7.0,452.5,-697.0,838.0,0.00014757354552715133,637.0,498.875,50.0
TF:DWT_L0_median,4,0.1842609941959381,339.0,0.0553959012704284,829.0,0.10204508204990148,760.0,0.04782230809810078,646.0,0.0,701.5,-3.0,52.5,-304.0,445.0,0.000339050179727383,220.0,499.125,50.0
TIME:tkeo_std,4,0.006373782642185688,530.0,0.19228554040064474,313.0,0.3897848550768801,202.0,0.1421147479636412,245.0,0.0,701.5,-10.0,752.5,-711.0,852.0,0.0002006843326800974,428.0,503.0,50.0
TF:mod2_centroid,4,0.8806906938552856,233.0,0.08715851569343269,734.0,0.03818575762065013,864.0,0.014996511989474078,805.0,0.0,701.5,-4.0,152.5,-121.0,262.0,0.00028332472875261175,273.0,503.125,50.0
TF:glcm_5_contrast_d1_a1,4,0.042386915534734726,434.5,0.17545673473163972,399.5,0.25802091514549463,529.0,0.10488492437501075,376.5,0.0,701.5,-10.0,752.5,-380.0,521.5,0.0002565318868453349,310.0,503.125,50.0
TF:WPT_band_spread,4,0.15650807321071625,346.0,0.2056867372034817,219.0,0.4076520567758042,153.0,0.13094840882391337,277.0,0.0,701.5,-12.0,952.5,-370.0,511.0,8.483714019246373e-05,873.0,504.125,50.0
TF:DWT_L1_kurt,4,14.667121887207031,131.0,0.10352241432512262,681.0,0.13850363534188626,696.0,0.006190677818240874,871.0,0.0,701.5,-7.0,452.5,-107.0,248.0,0.0002939209334360691,259.0,505.0,50.0
TIME:env_crest,4,2.7775633335113525,197.0,0.0783430136474464,763.0,0.0,969.5,0.07092748204465793,551.0,0.0,701.5,-5.0,252.5,-172.0,313.5,0.0002677000889809119,294.0,505.25,50.0
TF:DWT_L6_rms,4,4.819340756512247e-05,761.0,0.21933926353840713,119.0,0.4078729535101626,150.5,0.15221164184229025,169.0,148.0,253.0,-12.0,952.5,-580.0,721.5,5.366436794347486e-05,923.0,506.1875,50.0
TF:DWT_L2_tk_max,4,1253.700927734375,64.0,0.0883756985890751,730.0,0.2584023082894795,528.0,0.034574092443559586,715.0,0.0,701.5,-6.0,352.5,-359.0,500.5,0.0001901844195983097,463.0,506.8125,50.0
TF:WPT_dadd_kurt,4,12.90746784210205,137.0,0.08169332881049775,752.0,0.11504601684210636,728.0,0.008271310878827761,860.0,0.0,701.5,-10.0,752.5,-1.0,59.0,0.0007439489993078346,66.0,507.0,50.0
TF:glcm_48_correlation_d3_a1,4,2.7818621219921624e-06,830.0,0.17172073130372978,421.0,0.30342111030901586,426.0,0.07652638145650693,527.0,0.0,701.5,-9.0,652.5,-278.0,419.0,0.0006547980553398428,84.0,507.625,50.0
TF:DWT_L3_range,4,18.180034637451172,121.5,0.1710960283444785,424.5,0.3502709949489855,328.5,0.1224896858623898,310.5,0.0,701.5,-10.0,752.5,-667.0,808.5,0.00014944918588073096,617.0,508.0625,50.0
TF:DWT_L6_min,4,0.0017654621042311192,607.0,0.14939528036199592,505.0,0.27254677693743234,494.0,0.09080009658984238,472.0,0.0,701.5,-6.0,352.5,-371.0,512.0,0.00019894918881423104,435.0,509.875,50.0
TF:mod6_centroid,4,0.7749031782150269,244.0,0.09535310952765406,707.0,0.0324461803636793,877.0,0.012380305263414862,828.0,0.0,701.5,-3.0,52.5,-223.0,364.5,0.00025734004064238735,307.0,510.1875,50.0
TF:WPT_aada_max,4,0.871086061000824,234.0,0.18264134115087755,376.0,0.23198332600298954,582.0,0.10985895529436428,348.0,0.0,701.5,-7.0,452.5,-739.0,880.5,0.00017166613205615348,526.0,512.5625,50.0
TF:DWT_L5_p2p,4,1.3275028467178345,224.5,0.15131995166574053,492.5,0.23493980847155838,578.5,0.09736532771308641,441.5,0.0,701.5,-10.0,752.5,-376.0,517.5,0.00020525269629447255,417.0,515.6875,50.0
TF:WPT_aaad_log_energy,4,0.2983552813529968,298.5,0.18753016175869364,348.5,0.3827899271404558,231.5,0.08692039225532947,487.5,0.0,701.5,-11.0,852.5,-365.0,506.0,0.00013582097797715608,701.0,515.875,50.0
TF:DWT_L0_energy,4,5750606.0,13.0,0.16771188555275096,445.0,0.25247887315797035,544.0,0.11154577697187526,346.0,0.0,701.5,-7.0,452.5,-599.0,740.0,6.662304562919652e-05,909.0,518.875,50.0
TF:Et_kurt,4,56.92601013183594,97.0,0.0635061467169737,804.0,0.0876697349493174,786.0,0.07005703335191717,554.0,0.0,701.5,-6.0,352.5,-243.0,384.0,0.00018563599585639317,477.0,519.5,50.0
TF:mod0_spread,4,0.4374544322490692,263.0,0.07466931016294777,775.0,0.02664753462108438,890.0,0.043112885820099006,675.0,0.0,701.5,-4.0,152.5,-204.0,345.5,0.00023068293651065853,354.0,519.5625,50.0
TF:WPT_adaa_rms,4,0.0006678813369944692,660.0,0.17174032447056792,420.0,0.258716825137856,526.0,0.10449111473646384,389.0,0.0,701.5,-9.0,652.5,-338.0,479.0,0.00024107852172186256,334.0,520.25,50.0
TF:DWT_L5_tk_std,4,0.0029422342777252197,579.0,0.19617158282758548,253.0,0.3641117710697972,284.0,0.1407660922004153,248.0,0.0,701.5,-11.0,852.5,-261.0,402.0,9.348880268650872e-05,846.0,520.75,50.0
TF:mod8_spread,4,0.19019179046154022,335.0,0.10672565521326935,669.0,0.06320097175072137,820.0,0.021160502511995246,782.0,0.0,701.5,-4.0,152.5,-241.0,382.0,0.0002364320015007411,345.0,523.375,50.0
TF:WPT_adaa_std,4,0.0006641303189098835,661.0,0.17187263995053315,419.0,0.2603198193637186,517.0,0.10456382817453154,385.0,0.0,701.5,-9.0,652.5,-298.0,439.5,0.00020013144561699324,430.0,525.6875,50.0
TF:glcm_42_homogeneity_d3_a0,4,0.0003411346988286823,701.0,0.19731966697849576,250.0,0.27197958944955314,498.0,0.1078552953018879,355.0,0.0,701.5,-10.0,752.5,-455.0,596.0,0.0002279675409865531,357.0,526.375,50.0
TF:WPT_addd_kurt,4,27.430500030517578,112.0,0.08246585734413846,746.0,0.12181317475044517,716.0,0.0016791090308694227,901.0,0.0,701.5,-11.0,852.5,-1.0,59.0,0.0004276939886225124,155.0,530.375,50.0
TF:Ef_p25,4,3.9211404036989415e-28,950.0,0.003536111677489578,946.0,0.28166952433153325,477.0,0.06509948697852792,575.0,0.0,701.5,-3.0,52.5,-100.0,241.0,0.0002608446289704169,303.0,530.75,50.0
TIME:p95,4,0.01398789044469595,488.0,0.07898263882394778,762.0,0.16640719529033454,658.0,0.010042378644822816,844.0,304.0,97.0,-7.0,452.5,-395.0,536.0,0.00020738062088344463,409.0,530.8125,50.0
TF:hog_b13,4,8.499572686559986e-06,807.0,0.07377878437928503,780.0,0.0024340771293371866,932.0,0.01664345611116613,794.0,299.0,102.0,-3.0,52.5,-282.0,423.5,0.00022349838321688944,369.0,532.5,50.0
TF:DWT_L2_std,4,0.39973652362823486,274.0,0.19352814414225758,287.0,0.31085012003774004,412.0,0.1257191854071065,291.0,0.0,701.5,-10.0,752.5,-522.0,663.0,7.125125130386835e-05,907.0,536.0,50.0
TF:DWT_L4_log_energy,4,0.33562204241752625,294.0,0.19056245805099134,327.0,0.4530553740395393,31.0,0.09150717329633629,470.0,0.0,701.5,-12.0,952.5,-794.0,935.0,0.00015518570226041967,595.0,538.25,50.0
SPAT:sp_argmax,4,72.76000213623047,90.0,0.054098213942904566,832.0,0.023880607040602797,893.0,0.02417485580004271,760.0,0.0,701.5,-4.0,152.5,-345.0,486.0,0.00021077923476975712,397.0,539.0,50.0
TF:glcm_53_correlation_d3_a2,4,2.8918020689161494e-06,828.0,0.16633268779688024,446.0,0.40473432869460924,164.0,0.08791818331462525,484.0,0.0,701.5,-8.0,552.5,-582.0,723.5,0.0002063882549675626,413.0,539.0625,50.0
TIME:mean_peak_amp,4,0.026134541258215904,465.0,0.1274575647690107,582.0,0.18952567806487153,637.0,0.024347704189789456,758.0,0.0,701.5,-7.0,452.5,-254.0,395.0,0.00023827806918586138,342.0,541.625,50.0
TF:WPT_adad_log_energy,4,0.3358142077922821,293.0,0.19044092103462962,328.0,0.3879956304300931,208.0,0.08658961375270831,489.0,0.0,701.5,-11.0,852.5,-442.0,583.0,8.26675329711183e-05,880.0,541.875,50.0
TF:DWT_L3_max,4,4.939972877502441,171.5,0.16505982568656097,449.5,0.2941482398059452,449.5,0.11959693349529907,317.5,0.0,701.5,-8.0,552.5,-739.0,880.5,0.00010799576806092546,813.0,541.9375,50.0
TF:DWT_L0_log_energy,4,0.0782708078622818,388.0,0.17352292359947613,411.0,0.25769968672269794,533.0,0.09326089723667041,465.0,0.0,701.5,-6.0,352.5,-630.0,771.5,0.0001310943270307696,715.0,542.1875,50.0
SPAT:sp_grad_energy,4,7.164972675914348e-37,958.0,5.617599403705988e-08,955.0,0.0,969.5,0.009600333158456032,847.0,125.0,276.0,-5.0,252.5,-1.0,59.0,0.002290987944902098,21.0,542.25,50.0
FREQ:spec_slope,4,1.5151937077462208e-05,791.0,0.20306328818281805,229.0,0.33570106862149807,359.0,0.1308960235773058,278.0,0.0,701.5,-10.0,752.5,-327.0,468.0,0.00011979382927674667,763.0,542.75,50.0
TF:WPT_adda_max,4,0.6405186057090759,254.0,0.13949213249572287,543.0,0.27635846610312864,487.0,0.0769370848674538,525.0,0.0,701.5,-6.0,352.5,-653.0,794.5,0.00013736196088887234,688.0,543.1875,50.0
TF:glcm_4_entropy_d1_a0,4,0.06224733591079712,415.0,0.19542557767687177,256.0,0.3522439977613181,322.0,0.10660509294286857,364.0,0.0,701.5,-12.0,952.5,-468.0,609.0,0.00012697589603759285,727.0,543.375,50.0
TF:WPT_aaad_max,4,4.939972877502441,171.5,0.16505982568656097,449.5,0.2941482398059452,449.5,0.11959693349529907,317.5,0.0,701.5,-8.0,552.5,-793.0,934.0,0.00011490209043771175,785.0,545.125,50.0
TF:WPT_aada_entropy,4,0.09059089422225952,385.0,0.10425407585945416,680.0,0.10081698660378802,762.0,0.011372723762736446,838.0,47.0,354.0,-8.0,552.5,-258.0,399.0,0.0002092370743349407,402.0,546.5625,50.0
TF:WPT_dada_p2p,4,0.006237083580344915,534.5,0.19022961394271531,334.5,0.35902520841508334,304.5,0.12808393085528366,282.5,0.0,701.5,-9.0,652.5,-651.0,792.0,0.00011526951099235405,781.0,547.875,50.0
TIME:energy_centroid,4,0.7757235765457153,243.0,0.07604957791622867,770.0,0.14701053417734844,688.0,0.02382538375221548,764.0,0.0,701.5,-6.0,352.5,-352.0,493.5,0.00021396438663461975,390.0,550.3125,50.0
TF:Ef_n_peaks,4,25.063512802124023,114.0,0.18835699210243936,346.0,0.251440305251708,546.0,0.09392286716010904,458.0,0.0,701.5,-7.0,452.5,-797.0,938.5,9.114660156671137e-05,852.0,551.0625,50.0
TF:glcm_33_correlation_d2_a2,4,1.7126121747423895e-06,839.0,0.15775517674451697,473.0,0.32771846933395743,372.0,0.0936528096165568,461.0,0.0,701.5,-7.0,452.5,-409.0,550.5,0.00016040487382983835,569.0,552.3125,50.0
TF:WPT_adda_p2p,4,2.4720089435577393,204.5,0.14678639013759393,522.5,0.2742043974352799,491.5,0.08435502153344884,492.5,0.0,701.5,-10.0,752.5,-572.0,713.5,0.00016761651643423624,543.0,552.6875,50.0
TF:WPT_dada_range,4,0.006237083580344915,534.5,0.19022961394271531,334.5,0.35902520841508334,304.5,0.12808393085528366,282.5,0.0,701.5,-9.0,652.5,-664.0,805.0,0.00010641393764886694,820.0,554.375,50.0
TF:WPT_dddd_p2p,4,0.00205843523144722,597.5,0.1526839711228462,484.5,0.2942796070282303,447.5,0.08191565400863407,507.5,0.0,701.5,-9.0,652.5,-334.0,475.0,0.00014978889071001086,614.0,560.0,50.0
TF:glcm_69_entropy_d4_a1,4,0.06308949738740921,413.0,0.19492559713753746,266.0,0.36297426837147073,290.0,0.10494104654271616,373.0,0.0,701.5,-12.0,952.5,-719.0,860.0,0.00014899675788956855,624.0,560.0,50.0
TF:glcm_79_entropy_d4_a3,4,0.06354576349258423,408.0,0.19533864355613814,259.0,0.3761750099812189,258.0,0.10551578274845504,371.0,0.0,701.5,-12.0,952.5,-572.0,713.5,0.00010524513517918498,823.0,560.8125,50.0
TF:glcm_67_homogeneity_d4_a1,4,0.0003022151067852974,715.0,0.19031452188508693,331.0,0.33936645253723574,352.0,0.10448840110536654,390.0,0.0,701.5,-11.0,852.5,-605.0,746.0,0.00020908695429429198,404.0,561.5,50.0
TF:glcm_49_entropy_d3_a1,4,0.06312046200037003,412.0,0.19404479246373105,280.0,0.3460100472013554,340.0,0.10476695727019388,380.0,0.0,701.5,-12.0,952.5,-542.0,683.0,0.00012342324348510263,744.0,561.625,50.0
TF:DWT_L6_range,4,0.006843683775514364,522.5,0.15431992241701442,481.5,0.33263264472740905,364.5,0.0979773063292316,437.5,0.0,701.5,-7.0,452.5,-509.0,650.0,7.757155274832204e-05,894.0,563.0,50.0
TF:glcm_29_entropy_d2_a1,4,0.06450198590755463,403.5,0.19408031683289073,277.5,0.3663485115811653,275.5,0.10458640315444315,383.5,0.0,701.5,-12.0,952.5,-452.0,593.0,2.985827360951763e-05,949.0,567.0,50.0
FREQ:spec_decrease,4,7.247544272104278e-05,753.0,0.16992548565917345,436.0,0.2847536640240933,473.0,0.07684940332386615,526.0,0.0,701.5,-7.0,452.5,-570.0,711.0,0.00017992025618645012,494.0,568.375,50.0
TF:DWT_L5_zcr,4,0.0001325341290794313,737.0,0.10155561369055302,688.0,0.14871841633489957,685.0,0.008257385363033462,861.0,34.0,367.0,-5.0,252.5,-341.0,482.5,0.00018627947243028627,474.0,568.375,50.0
TF:glcm_24_entropy_d2_a0,4,0.06298084557056427,414.0,0.19491122460176644,267.0,0.35396922741268444,317.0,0.10486616715037601,378.0,0.0,701.5,-12.0,952.5,-703.0,844.0,0.00013586256865371087,699.0,571.625,50.0
TF:WPT_daad_kurt,4,37.332454681396484,105.0,0.05850490136818352,817.0,0.01984844712541589,904.0,0.015911890406577665,799.0,0.0,701.5,-5.0,252.5,-463.0,604.0,0.00020962047177569776,401.0,573.0,50.0
TF:WPT_aadd_log_energy,4,0.3349915146827698,295.0,0.1900573021155053,340.0,0.4333583284125524,86.0,0.08966268250379796,478.0,0.0,701.5,-12.0,952.5,-647.0,788.5,3.312783653390561e-05,948.0,573.6875,50.0
TF:glcm_59_entropy_d3_a3,4,0.06333126872777939,409.0,0.1940299790580209,281.0,0.35695640099331616,312.0,0.10287221777007088,413.0,0.0,701.5,-12.0,952.5,-532.0,673.0,8.913569389880009e-05,857.0,574.875,50.0
TF:glcm_77_homogeneity_d4_a3,4,0.00030932470690459013,714.0,0.1940589775107745,279.0,0.31319609475621935,398.0,0.10583105663247856,369.0,0.0,701.5,-11.0,852.5,-748.0,889.0,0.00018842181840910029,468.0,583.875,50.0
TF:DWT_L2_skew,4,0.06793578714132309,399.0,0.03401565376636328,898.0,0.041156431514859815,859.0,0.0007837766324498645,908.0,0.0,701.5,-4.0,152.5,-315.0,456.0,0.00022182411883567554,374.0,593.5,50.0
TF:WPT_daaa_energy,4,3.180875501129776e-05,772.0,0.1341684484717995,568.0,0.29015993434599263,456.0,0.061325625910197926,591.0,0.0,701.5,-7.0,452.5,-662.0,803.0,0.00020738085344851684,408.0,594.0,50.0
TF:WPT_daaa_var,4,1.1815882994259397e-10,933.0,0.13421259819128148,567.0,0.2869661398592318,466.0,0.06142113329186653,590.0,0.0,701.5,-7.0,452.5,-461.0,602.5,0.00019235928524157818,454.0,595.8125,50.0
TF:glcm_44_entropy_d3_a0,4,0.061666540801525116,416.0,0.1952432436144629,260.0,0.3638042411949205,286.0,0.10612855893991482,367.0,0.0,701.5,-12.0,952.5,-789.0,930.0,8.320786984557571e-05,879.0,599.0,50.0
TF:WPT_ddad_tk_max,4,5.767849984295026e-07,865.0,0.10486806508440062,678.0,0.1957700409709724,631.0,0.04866004816509373,641.0,0.0,701.5,-7.0,452.5,-294.0,435.5,0.0001929778780768396,452.0,607.0625,50.0
TF:glcm_64_entropy_d4_a0,4,0.06086360290646553,417.0,0.19512765142612187,263.0,0.31609921088831516,395.0,0.10432536515026554,393.0,0.0,701.5,-12.0,952.5,-770.0,911.0,8.982855684024248e-05,855.0,611.0,50.0
TF:WPT_daaa_median,4,4.00833544134116e-09,917.0,0.05906993689898816,815.0,0.041558974398600235,857.0,0.03038203053835363,732.0,0.0,701.5,-4.0,152.5,-301.0,442.0,0.00022438736729242246,366.0,622.875,50.0
TF:stft_p10,4,1.5382639379360421e-33,955.0,8.05384535172931e-06,952.0,0.004513864705996795,925.0,0.12516466349196745,294.0,131.0,270.0,-7.0,452.5,-316.0,457.5,0.00013246171658070477,712.0,627.25,50.0
TF:WPT_daaa_rms,4,2.4013515940168872e-06,834.0,0.17024414300447885,434.0,0.28885643934931515,462.0,0.10104439556524518,421.0,0.0,701.5,-10.0,752.5,-673.0,814.5,0.00014400934344291867,656.0,634.4375,50.0
TF:WPT_daaa_std,4,2.3974309897312196e-06,835.0,0.17027916067814605,433.0,0.28677161330525136,467.0,0.1013219336369272,420.0,0.0,701.5,-10.0,752.5,-535.0,676.5,0.00010101537660846935,831.0,639.5625,50.0
TF:WPT_ddda_skew,4,0.19116468727588654,334.0,0.034227231335707896,897.0,0.07404653165267261,809.0,0.014802397078561475,806.0,0.0,701.5,-7.0,452.5,-556.0,697.0,0.00019794330508224664,438.0,641.875,50.0
TF:WPT_addd_skew,4,0.09860604256391525,380.0,0.028871580482557453,917.0,0.021263414850242857,900.0,-0.0115284176740349,992.0,0.0,701.5,-7.0,452.5,-593.0,734.5,0.00022177605100396567,375.0,681.5625,50.0
TF:DWT_L1_tk_std,3,37.525428771972656,104.0,0.1112327929342783,655.0,0.2459543515496465,557.0,0.05618964971524741,608.0,0.0,701.5,-8.0,552.5,-2.0,130.5,0.0003346058740809191,224.0,441.5625,37.5
TF:DWT_L2_max,3,4.962082386016846,169.0,0.1403192831599957,542.0,0.26157386434766217,515.0,0.08017610097276404,517.0,0.0,701.5,-5.0,252.5,-362.0,503.0,0.00021112381333939214,395.0,449.375,37.5
TIME:seg_energy_8,3,0.0023902193643152714,588.0,0.0689230625042691,791.0,0.2404997317383395,567.0,0.04298760994303839,676.0,0.0,701.5,-3.0,52.5,-1.0,59.0,0.00038763982446099975,182.0,452.125,37.5
TIME:higuchi_fd,3,0.0012616559397429228,626.0,0.1481282920316437,512.0,0.23959652347141924,569.0,0.039423139441552485,693.0,0.0,701.5,-6.0,352.5,-1.0,59.0,0.0004043207603963736,173.0,460.75,37.5
TIME:burst_std_dur,3,1623.606689453125,62.0,0.14189272786738794,537.0,0.2281661259748109,589.0,0.048856758458988535,639.0,0.0,701.5,-10.0,752.5,-85.0,226.0,0.00037735237749706883,191.0,462.25,37.5
FREQ:cepstral_3,3,0.001789339235983789,605.0,0.13574577606946184,566.0,0.18251470818276339,642.0,0.053092585906794054,618.0,0.0,701.5,-4.0,152.5,-58.0,199.5,0.0003151067555893242,242.0,465.8125,37.5
TIME:shape_factor,3,0.012971965596079826,490.0,0.1483986739694903,508.0,0.24912606009097482,553.0,0.05813134651372161,598.0,0.0,701.5,-10.0,752.5,-1.0,59.0,0.0006998606847629265,74.0,467.0,37.5
TF:lbp_b30,3,3.621392806962831e-06,824.0,0.11828005805915577,629.0,0.2104463406067647,615.0,0.045391705936082834,659.0,0.0,701.5,-4.0,152.5,-1.0,59.0,0.0005054572246545996,121.0,470.125,37.5
TIME:ssc_rate,3,0.00014451154856942594,732.0,0.13155157134270437,575.0,0.21066530886832346,614.0,0.027851750713610703,744.0,0.0,701.5,-5.0,252.5,-1.0,59.0,0.0005669696380674919,106.0,473.0,37.5
TF:DWT_L0_min,3,47.27619934082031,99.0,0.12724902916656558,587.0,0.15560023576608994,673.0,0.07006607711838422,552.0,0.0,701.5,-4.0,152.5,-343.0,484.5,0.00014867914668362266,628.0,484.6875,37.5
TIME:kurt,3,8.004693984985352,152.0,0.11426808931741012,641.0,0.22689651758271623,592.0,0.04570084338415347,657.0,0.0,701.5,-9.0,652.5,-43.0,184.0,0.00024766839844769393,320.0,487.5,37.5
TF:hog_b8,3,3.131353878416121e-05,774.0,0.10676792428020762,668.0,0.13448115585581633,699.0,0.014781766303448763,807.0,285.0,116.0,-3.0,52.5,-141.0,282.0,0.00017566707474505326,510.0,488.5625,37.5
TF:WPT_daaa_skew,3,55.65322494506836,98.0,0.053758679847121855,835.0,0.060500347103880525,825.0,0.01501630854721233,804.0,356.0,45.0,-5.0,252.5,-416.0,557.5,0.0001776898606030009,504.0,490.125,37.5
TF:DWT_L4_tk_max,3,131.6227569580078,82.0,0.14823947358713127,511.0,0.29745166786812405,436.0,0.09366445839960388,460.0,0.0,701.5,-8.0,552.5,-392.0,533.0,0.00014529476380578486,651.0,490.875,37.5
TF:DWT_L3_kurt,3,9.973906517028809,143.5,0.09892726736919229,698.5,0.13447291802728323,700.5,0.006104256730440149,873.5,0.0,701.5,-10.0,752.5,-1.0,59.0,0.0008606539144711822,53.0,497.75,37.5
TF:coherence_mean,3,0.00020889320876449347,725.0,0.12628576263470903,591.0,0.2137844302376526,612.0,0.030121009514837538,736.0,0.0,701.5,-6.0,352.5,-2.0,130.5,0.0004702203159046325,134.0,497.8125,37.5
TIME:margin_factor,3,8.689960479736328,150.0,0.11023762544598076,659.0,0.223380283309079,601.0,0.06387768362136668,579.0,0.0,701.5,-9.0,652.5,-86.0,227.0,0.00019142457603293128,458.0,503.5,37.5
TF:DWT_L5_max,3,0.3475312292575836,289.0,0.14698008417545746,521.0,0.23960748460131853,568.0,0.0955921783121585,451.0,0.0,701.5,-8.0,552.5,-477.0,618.5,0.00024113700840083582,333.0,504.3125,37.5
TF:lbp_b2,3,1.1171115147590172e-05,798.0,0.14554525181048386,526.0,0.23660353904857478,576.0,0.04034905962549387,686.0,6.0,395.0,-8.0,552.5,-64.0,205.0,0.00026294055478982923,297.0,504.4375,37.5
TIME:std_peak_amp,3,0.0446341373026371,430.0,0.14897137163824553,507.0,0.265813525671454,507.0,0.05255699695612922,623.0,0.0,701.5,-10.0,752.5,-76.0,217.0,0.00025891442083190785,305.0,505.375,37.5
TIME:seg_energy_9,3,0.005361249670386314,547.0,0.11293468264118649,645.0,0.14262398465231607,692.0,0.07166232592903776,543.0,0.0,701.5,-5.0,252.5,-237.0,378.0,0.0002708056447210192,291.0,506.25,37.5
SPAT:sp_edge_density,3,0.023373445495963097,469.0,0.11999021417644348,620.0,0.1800514840495775,645.0,0.07006356034930088,553.0,0.0,701.5,-3.0,52.5,-245.0,386.0,0.00014918231698011274,623.0,506.25,37.5
TF:WPT_aadd_p2p,3,13.804713249206543,135.5,0.18491690733009902,356.5,0.2664293809046647,504.5,0.12677398890351047,284.5,0.0,701.5,-8.0,552.5,-604.0,745.0,0.00011747691819608397,775.0,506.875,37.5
TF:DWT_L2_tk_std,3,15.199540138244629,129.0,0.13811909939321673,547.0,0.2980153283411,435.0,0.10570027305071018,370.0,0.0,701.5,-8.0,552.5,-398.0,539.5,0.00011458818249381262,790.0,508.0625,37.5
TIME:rms_to_mad,3,0.4226042628288269,270.0,0.11633441749871792,636.0,0.25130779283049387,547.0,0.025700671397514363,753.0,0.0,701.5,-11.0,852.5,-1.0,59.0,0.0003071926795710181,248.0,508.375,37.5
TF:DWT_L5_tk_max,3,3.2754647731781006,187.0,0.11744345397329413,632.0,0.23806335237919685,572.0,0.06659314270471484,569.0,0.0,701.5,-9.0,652.5,-253.0,394.0,0.00021843116358959204,381.0,511.125,37.5
TIME:seg_energy_3,3,0.00519763957709074,553.0,0.05229519319467907,836.0,0.2166058295180595,606.0,0.014724998766418026,812.0,0.0,701.5,-5.0,252.5,-72.0,213.5,0.0005013910258313246,124.0,512.3125,37.5
TF:DWT_L2_log_energy,3,0.22606806457042694,313.0,0.17833598912353116,388.0,0.31714934607232204,390.0,0.08215625674732585,502.0,0.0,701.5,-10.0,752.5,-378.0,519.0,0.00016580441719656646,554.0,515.0,37.5
TF:WPT_aada_tk_max,3,26.889001846313477,113.0,0.12849976714628358,580.0,0.3163989368646445,393.0,0.05640569655415583,606.0,0.0,701.5,-7.0,452.5,-553.0,694.5,0.00015083765329402835,611.0,518.9375,37.5
TF:glcm_65_contrast_d4_a1,3,0.07370911538600922,391.0,0.12365001629620259,604.0,0.23670710252191318,574.0,0.06476132928832469,578.0,0.0,701.5,-8.0,552.5,-126.0,267.0,0.00018069189844762743,491.0,519.875,37.5
TF:WPT_aadd_kurt,3,20.402978897094727,118.0,0.07740272903387782,765.0,0.17772002068396242,650.0,0.0030471338673150436,895.0,0.0,701.5,-11.0,852.5,-1.0,59.0,0.00045947020688138286,140.0,522.625,37.5
TF:WPT_ddad_max,3,0.00011900185199920088,743.0,0.1255291473975772,593.0,0.22535544463434753,595.0,0.05471355091335069,614.0,0.0,701.5,-3.0,52.5,-305.0,446.5,0.00019725019439848778,439.0,523.0625,37.5
TF:DWT_L2_min,3,4.589306831359863,175.0,0.14065913411515585,539.0,0.2231449242103869,603.0,0.08768070338888251,485.0,0.0,701.5,-7.0,452.5,-389.0,530.0,0.00013430343212865833,706.0,524.0,37.5
FREQ:hist_b24,3,0.052159152925014496,424.0,0.06391292602384893,801.0,0.14783229602930614,687.0,0.03966339708602894,692.0,0.0,701.5,-3.0,52.5,-393.0,534.5,0.00025947622242047876,304.0,524.5625,37.5
TF:glcm_57_homogeneity_d3_a3,3,0.0003243721148464829,710.0,0.19593486385030365,254.0,0.3765696576276616,257.0,0.11346686324707071,334.0,0.0,701.5,-9.0,652.5,-508.0,649.0,0.00014539400643304536,649.0,525.875,37.5
TF:WPT_aaad_kurt,3,9.973906517028809,143.5,0.09892726736919229,698.5,0.13447291802728323,700.5,0.006104256730440149,873.5,0.0,701.5,-10.0,752.5,-1.0,59.0,0.0002722382773070499,290.0,527.375,37.5
TF:lbp_b27,3,1.5383920981548727e-06,841.0,0.13696954500353417,557.0,0.18709549987010243,639.0,0.03761642379004296,700.0,0.0,701.5,-3.0,52.5,-145.0,286.0,0.00018236095091590476,486.0,532.875,37.5
TIME:seg_energy_0,3,0.006296705920249224,532.0,0.0609594941794945,809.0,0.18105389120033655,643.0,0.04490967078683211,662.0,0.0,701.5,-4.0,152.5,-243.0,384.0,0.0002131589613241826,392.0,534.5,37.5
TF:lbp_b14,3,2.871792730729794e-06,829.0,0.1367625660831998,559.0,0.15157859965564846,683.0,0.04403876715957427,667.0,0.0,701.5,-4.0,152.5,-217.0,358.0,0.0002385584053667563,341.0,536.375,37.5
TF:WPT_adaa_log_energy,3,0.4473075866699219,262.0,0.17654347461681524,396.0,0.25912437160628343,522.0,0.09425378904121745,456.0,0.0,701.5,-11.0,852.5,-442.0,583.0,0.00017266339815300453,522.0,536.875,37.5
TF:WPT_aaaa_tk_std,3,28.346229553222656,111.0,0.0849154754344532,740.0,0.24294615529272034,563.0,0.042699069902116485,678.0,0.0,701.5,-6.0,352.5,-352.0,493.5,0.00014216742686436854,669.0,538.5625,37.5
TF:WPT_dada_kurt,3,21.744361877441406,117.0,0.08170981791203749,751.0,0.13082752295238098,705.0,0.00041345381544319614,913.0,0.0,701.5,-11.0,852.5,-1.0,59.0,0.0003541314770974473,212.0,538.875,37.5
TIME:p10,3,0.012076063081622124,494.0,0.14834464288822705,509.0,0.19622680118590985,628.0,0.04425005859872626,665.0,0.0,701.5,-9.0,652.5,-175.0,316.0,0.0002320282621883756,352.0,539.75,37.5
TF:mod10_centroid,3,2.1180622577667236,210.0,0.12337038950619521,607.0,0.14306617896086493,691.0,0.026020042636106928,752.0,0.0,701.5,-5.0,252.5,-484.0,625.5,0.0001846868579644589,480.0,539.9375,37.5
TF:glcm_47_homogeneity_d3_a1,3,0.00031404104083776474,712.0,0.19523140315680398,262.0,0.35590192563009815,316.0,0.11209747544991978,345.0,0.0,701.5,-9.0,652.5,-607.0,748.0,0.00015492976390344562,597.0,541.75,37.5
TF:hog_b14,3,1.6637466615065932e-05,788.0,0.08819567392198843,731.0,0.052388823150608665,837.0,0.013790907005575795,818.0,373.0,28.0,-4.0,152.5,-451.0,592.0,0.00021091788894790427,396.0,542.8125,37.5
TF:glcm_22_homogeneity_d2_a0,3,0.00034940263140015304,700.0,0.19753472098870126,249.0,0.303448288404669,425.0,0.11350959141772134,333.0,0.0,701.5,-10.0,752.5,-510.0,651.5,0.00016689726141332358,547.0,544.9375,37.5
TF:lbp_b29,3,9.138003065345401e-07,853.0,0.12394112649918851,603.0,0.15892343217987603,666.0,0.034054560995046244,717.0,0.0,701.5,-3.0,52.5,-318.0,459.0,0.00025192963518090984,314.0,545.75,37.5
TF:glcm_25_contrast_d2_a1,3,0.042386915534734726,434.5,0.17545673473163972,399.5,0.2579804048250769,530.0,0.10488492437501075,376.5,0.0,701.5,-10.0,752.5,-439.0,580.5,0.00015597067867915914,592.0,545.875,37.5
TF:glcm_68_correlation_d4_a1,3,5.317628165357746e-06,818.0,0.16787108581633706,443.0,0.3647170931182253,281.0,0.07180654228323641,542.0,0.0,701.5,-9.0,652.5,-135.0,276.5,0.0001438911991468635,657.0,546.4375,37.5
TIME:seg_energy_5,3,0.003643651492893696,572.0,0.029761866507427865,912.0,0.19226843051207254,633.0,0.014767222770763824,810.0,0.0,701.5,-4.0,152.5,-212.0,353.0,0.00030004483204973333,252.0,548.25,37.5
TF:hog_b15,3,4.321996675571427e-05,768.0,0.08766408227224673,732.0,0.08481989923903432,792.0,0.004507642900415632,883.0,311.0,90.0,-5.0,252.5,-170.0,311.0,0.00015923835843458341,575.0,550.4375,37.5
SPAT:st_linearity_r2,3,0.030775947496294975,454.0,0.0983568841373385,702.0,0.08251857555123232,798.0,-0.0016740049041015052,966.0,0.0,701.5,-3.0,52.5,-382.0,523.0,0.00035569417813894553,210.0,550.875,37.5
TF:WPT_adaa_max,3,0.1482880562543869,352.0,0.1097651385656026,660.0,0.12472383606021875,713.0,0.043589443839735224,672.0,0.0,701.5,-6.0,352.5,-432.0,573.0,0.0002089219286187527,405.0,553.625,37.5
TF:hog_b7,3,3.159777043038048e-05,773.0,0.11935398032148035,624.0,0.09929424119650188,765.0,0.024188476869752912,759.0,163.0,238.0,-4.0,152.5,-109.0,250.0,8.400813834810093e-05,877.0,554.8125,37.5
TF:DWT_L4_mean,3,4.6289704187074676e-05,765.0,0.04188438872407238,861.0,0.1135143520341182,733.0,0.0346548752366661,714.0,216.0,185.0,-5.0,252.5,-433.0,574.5,0.0002278117741984669,358.0,555.375,37.5
TF:glcm_73_correlation_d4_a2,3,3.87586123906658e-06,823.0,0.16776216697971127,444.0,0.36304712009481754,289.0,0.08204279621629297,504.0,0.0,701.5,-9.0,652.5,-539.0,680.0,0.00023275446103973764,350.0,555.5,37.5
TF:mod5_entropy,3,0.005474614445120096,544.0,0.07517931632749164,771.0,0.03329689305243422,873.0,0.014337586505843504,814.0,0.0,701.5,-3.0,52.5,-298.0,439.5,0.00030207853427266577,251.0,555.8125,37.5
TF:mod9_centroid,3,1.595198392868042,218.0,0.10688859029233934,667.0,0.0799913761146831,802.0,0.01312231423894847,822.0,0.0,701.5,-6.0,352.5,-459.0,600.5,0.0002743442918878377,283.0,555.8125,37.5
FREQ:cepstral_6,3,0.0008650966337881982,654.0,0.13085209288054106,578.0,0.11123399282455626,736.0,0.03083109319455019,729.0,0.0,701.5,-6.0,352.5,-285.0,426.5,0.00027243919015281957,289.0,558.3125,37.5
TF:mod1_entropy,3,0.009812857024371624,504.0,0.10492171655115796,677.0,0.03292636225486634,874.0,0.009751251294984243,845.0,0.0,701.5,-5.0,252.5,-216.0,357.0,0.0002898650978483534,266.0,559.625,37.5
TF:mod3_entropy,3,0.0053506875410676,548.0,0.0761668155863733,769.0,0.04280287325625798,853.0,0.02516620145483752,755.0,0.0,701.5,-3.0,52.5,-201.0,342.0,0.00019138797982988097,459.0,560.0,37.5
TF:DWT_L0_rms,3,2.6447031497955322,199.0,0.17261141582361944,412.0,0.2564813059012052,538.0,0.10863161265209544,352.0,0.0,701.5,-9.0,652.5,-754.0,895.5,0.00012648811694494866,730.0,560.0625,37.5
TF:glcm_23_correlation_d2_a0,3,1.4730405837326543e-06,843.0,0.1503751351944443,499.0,0.2682257299148656,502.0,0.05636383757106637,607.0,0.0,701.5,-9.0,652.5,-178.0,319.0,0.00022749600476540684,360.0,560.5,37.5
TIME:hist_b12,3,0.0004944014362990856,677.0,0.0795152408315057,759.0,0.10105485319587126,761.0,0.0648385915572769,576.0,4.0,397.0,-5.0,252.5,-335.0,476.5,0.00015508968737104674,596.0,561.875,37.5
TIME:activity_factor,3,0.00041443671216256917,690.0,0.10590187542725556,671.0,0.20358504219704576,621.0,0.005396907759283529,878.0,0.0,701.5,-5.0,252.5,-333.0,474.0,0.0003348258427124434,222.0,563.75,37.5
TIME:hjorth_complexity,3,5.205839157104492,167.0,0.15455164358898155,480.0,0.38422805147083583,226.0,0.04471784396481812,663.0,0.0,701.5,-10.0,752.5,-470.0,611.5,6.093451962077847e-05,916.0,564.6875,37.5
TF:DWT_L5_entropy,3,0.1471526026725769,355.0,0.10499950103888803,676.0,0.10438146676345639,757.0,0.01474034905503588,811.0,40.0,361.0,-10.0,752.5,-388.0,529.0,0.0002737349860346469,285.0,565.8125,37.5
TF:glcm_62_homogeneity_d4_a0,3,0.00033291775616817176,703.0,0.19487810343274406,268.0,0.2986869604853277,434.0,0.10700015842178752,361.0,0.0,701.5,-10.0,752.5,-676.0,817.0,0.00017291372793644137,521.0,569.75,37.5
FREQ:hist_b25,3,0.04353947192430496,431.0,0.13179280289879192,573.0,0.1478644554837314,686.0,0.05277652104636991,622.0,0.0,701.5,-5.0,252.5,-660.0,801.5,0.00018002716584743767,493.0,570.0625,37.5
TF:DWT_L4_kurt,3,16.60123062133789,128.0,0.08131116248843637,753.0,0.1757924123948178,653.0,0.004024000534424323,886.0,0.0,701.5,-11.0,852.5,-70.0,211.0,0.00020913152047534434,403.0,573.5,37.5
TF:mod4_spread,3,0.14716193079948425,354.0,0.06044483336794652,812.0,0.054226382174335175,833.0,0.0010347528520814199,907.0,0.0,701.5,-3.0,52.5,-407.0,548.5,0.0002154391510868713,386.0,574.3125,37.5
TF:mod7_entropy,3,0.005454585421830416,545.0,0.05563084461075085,828.0,0.03940057294377297,861.0,-0.0023991537001300965,968.0,259.0,142.0,-3.0,52.5,-640.0,781.0,0.0002027905200386951,420.0,574.6875,37.5
FREQ:cepstral_5,3,0.0023710320238023996,589.0,0.12073669608637329,616.0,0.15913352408678927,664.0,0.022704087857391177,773.0,0.0,701.5,-7.0,452.5,-324.0,465.0,0.0002338456186264883,349.0,576.25,37.5
SPAT:sp_q25,3,0.24850691854953766,306.0,0.06348121425399807,805.0,0.0,969.5,0.06633554083885208,572.0,395.0,6.0,-3.0,52.5,-810.0,951.0,1.849334070218872e-05,952.0,576.75,37.5
TF:glcm_55_contrast_d3_a3,3,0.05569962412118912,421.0,0.12733112801171992,586.0,0.24734433822591217,555.0,0.08811196673303946,483.0,0.0,701.5,-7.0,452.5,-439.0,580.5,9.140895123894283e-05,850.0,578.6875,37.5
TF:DWT_L6_tk_max,3,0.0001203484644065611,741.0,0.11773031089097197,630.0,0.2842785294557464,475.0,0.0582151461486387,597.0,0.0,701.5,-5.0,252.5,-637.0,778.0,0.00019042606984301193,462.0,579.625,37.5
TF:DWT_L0_std,3,2.641723155975342,200.0,0.17427450578059622,406.0,0.265916270879631,506.0,0.10949188954125992,349.0,0.0,701.5,-9.0,652.5,-776.0,917.5,6.354387524141279e-05,912.0,580.5625,37.5
TF:WPT_adda_min,3,0.6890667080879211,251.0,0.1435341606772553,530.0,0.18973628140438858,636.0,0.07293173274955696,539.0,0.0,701.5,-10.0,752.5,-620.0,761.0,0.00018210562461692855,487.0,582.25,37.5
TF:DWT_L5_range,3,1.3275028467178345,224.5,0.15131995166574053,492.5,0.23493980847155838,578.5,0.09736532771308641,441.5,0.0,701.5,-10.0,752.5,-727.0,868.0,0.00015134367234423255,609.0,583.5,37.5
TF:mod10_entropy,3,0.006072108168154955,537.0,0.05619305194455783,825.0,0.0,969.5,0.010819725768053163,841.0,0.0,701.5,-3.0,52.5,-260.0,401.0,0.0002343115000494618,348.0,584.4375,37.5
TF:WPT_daaa_tk_max,3,4.876498138628449e-08,900.0,0.11896333966679558,628.0,0.20625326867206217,619.0,0.04452353309484515,664.0,0.0,701.5,-5.0,252.5,-474.0,615.0,0.00026087303789146455,302.0,585.25,37.5
TF:mod9_spread,3,0.13717837631702423,361.0,0.07300494987320412,782.0,0.0,969.5,0.0040059946187509,887.0,0.0,701.5,-3.0,52.5,-529.0,670.0,0.0002915827546653254,263.0,585.8125,37.5
TF:glcm_28_correlation_d2_a1,3,7.925369231998047e-07,857.5,0.1721993864970407,414.5,0.25751899433362535,534.0,0.08147204953603403,510.5,0.0,701.5,-6.0,352.5,-762.0,903.0,0.00019459226451907697,447.0,590.0625,37.5
TF:glcm_35_contrast_d2_a3,3,0.04195193573832512,436.5,0.1769167958824502,394.5,0.2545351091190655,541.0,0.10303651136316587,411.5,0.0,701.5,-10.0,752.5,-709.0,850.0,0.00014694679385022952,642.0,591.1875,37.5
TF:DWT_L0_mean,3,0.203957661986351,323.0,0.03891543324192711,872.0,0.05961601449747933,827.0,0.0636677189359269,580.0,0.0,701.5,-5.0,252.5,-577.0,718.5,0.00018881271385378731,465.0,592.4375,37.5
TF:WPT_adad_kurt,3,19.695077896118164,119.0,0.06381817899890373,803.0,0.07302545422125206,810.0,0.005702898708294671,877.0,0.0,701.5,-9.0,652.5,-246.0,387.0,0.00021036778346401698,399.0,593.625,37.5
TF:WPT_ddda_min,3,0.006613295990973711,526.0,0.12151604386342847,613.0,0.25920876446463126,521.0,0.04995958758078081,636.0,0.0,701.5,-7.0,452.5,-688.0,829.5,0.00018581995948008958,476.0,594.4375,37.5
TF:WPT_ddaa_median,3,7.906980625804749e-10,926.0,0.059064728127215714,816.0,0.07801670092236579,805.0,0.023647720420052823,768.0,376.0,25.0,-4.0,152.5,-349.0,490.5,0.00011741304774777951,776.0,594.875,37.5
TF:glcm_15_contrast_d1_a3,3,0.04195193573832512,436.5,0.1769167958824502,394.5,0.25443899975388895,542.0,0.10303651136316587,411.5,0.0,701.5,-10.0,752.5,-571.0,712.0,0.00010723380855822735,817.0,595.9375,37.5
TF:WPT_daaa_max,3,0.0008239069720730186,655.0,0.09195154970185158,716.0,0.17583399711675618,652.0,0.03558254081095258,710.0,0.0,701.5,-5.0,252.5,-359.0,500.5,0.0001534842149159724,602.0,598.6875,37.5
TF:WPT_adda_tk_max,3,11.524407386779785,140.0,0.10587143047477218,672.0,0.2235869151987946,600.0,0.04919038776458094,638.0,0.0,701.5,-5.0,252.5,-745.0,886.0,5.69397711748451e-05,918.0,601.0,37.5
TF:WPT_dddd_entropy,3,0.19809992611408234,327.0,0.08206847506767304,749.0,0.04675565017535055,846.0,0.016635489572373655,795.0,0.0,701.5,-6.0,352.5,-383.0,524.0,0.00017460067906498668,515.0,601.25,37.5
TF:WPT_aadd_skew,3,0.05630960687994957,419.0,0.04642060934799124,851.0,0.11491679005695943,729.0,-0.007708912155574189,984.0,396.0,5.0,-5.0,252.5,-591.0,732.5,8.884757972799862e-05,861.0,604.25,37.5
TF:hog_b0,3,4.370934402686544e-05,767.0,0.08917855560394311,728.0,0.0864879974161683,789.0,-0.0008182749715397487,964.0,323.0,78.0,-6.0,352.5,-300.0,441.0,0.0001276052482967779,725.0,605.5625,37.5
TF:glcm_20_contrast_d2_a0,3,0.07396207749843597,390.0,0.1483088712886562,510.0,0.2957592363830992,443.0,0.09694396831660472,444.0,0.0,701.5,-11.0,852.5,-535.0,676.5,8.49417868092093e-05,872.0,611.1875,37.5
TF:WPT_dddd_range,3,0.00205843523144722,597.5,0.1526839711228462,484.5,0.2942796070282303,447.5,0.08191565400863407,507.5,0.0,701.5,-9.0,652.5,-500.0,641.5,8.885323872369672e-05,860.0,611.5625,37.5
TF:WPT_addd_mean,3,6.133793067419901e-05,757.0,0.03601384552116772,884.0,0.11915021776070844,721.0,0.05291990430241392,619.0,0.0,701.5,-6.0,352.5,-165.0,306.0,0.00016590691395160426,553.0,611.75,37.5
FREQ:cepstral_7,3,0.0006494005210697651,662.0,0.08972326071961158,724.0,0.03904521686787632,862.0,0.0237162962951996,766.0,0.0,701.5,-5.0,252.5,-356.0,497.0,0.00019908376541536997,434.0,612.375,37.5
TF:WPT_aada_kurt,3,7.031801223754883,157.0,0.08285847262352036,744.0,0.03452615675477988,869.0,0.008066245593379914,863.0,0.0,701.5,-11.0,852.5,-307.0,448.5,0.00028016912012157884,278.0,614.1875,37.5
TF:hog_b2,3,1.0643304449331481e-05,800.0,0.07774440021771174,764.0,0.049982123096175446,842.0,-0.013902942755399168,995.0,51.0,350.0,-5.0,252.5,-424.0,565.5,0.0002261025231359511,362.0,616.375,37.5
TF:hog_b10,3,1.2144706488470547e-05,795.0,0.0751612070365821,772.0,0.06635796855487763,818.0,-0.005151456073451779,976.0,9.0,392.0,-3.0,52.5,-534.0,675.0,0.0001926269140423435,453.0,616.6875,37.5
TF:DWT_L3_zcr,3,0.0009432949009351432,636.5,0.09277263940664651,712.5,0.04999678578342959,841.0,0.030297406150866582,733.5,0.0,701.5,-7.0,452.5,-337.0,478.0,0.00021827392458090717,382.0,617.1875,37.5
TF:mod7_spread,3,0.1919814497232437,332.0,0.07148278369744625,785.0,0.02753542771388995,888.0,-0.019279687173588446,1000.0,0.0,701.5,-3.0,52.5,-656.0,797.0,0.0002105275260359978,398.0,619.25,37.5
TF:WPT_daaa_tk_std,3,1.4357470767834002e-10,930.0,0.13689487270297987,558.0,0.28778015151134584,464.0,0.050912889140381175,627.0,0.0,701.5,-5.0,252.5,-477.0,618.5,0.00010761067264143931,814.0,620.6875,37.5
SPAT:sp_q50,3,0.24546654522418976,307.0,0.048477797028953246,843.0,0.013081169270968473,912.0,0.06674944812362033,568.0,63.0,338.0,-4.0,152.5,-808.0,949.5,6.466884247325831e-05,911.0,622.625,37.5
TF:WPT_daaa_kurt,3,10979.5498046875,46.0,0.047456912114881476,844.0,0.03045525905731683,882.0,0.005002366847428319,880.0,0.0,701.5,-5.0,252.5,-582.0,723.5,0.00014430217105336843,653.0,622.8125,37.5
TF:glcm_0_contrast_d1_a0,3,0.03325355798006058,451.0,0.17482885197500977,404.0,0.26665108150603833,503.0,0.10194109974629872,419.0,0.0,701.5,-10.0,752.5,-733.0,874.0,8.017344265441035e-05,888.0,624.125,37.5
TF:mod3_spread,3,0.1376413255929947,360.0,0.04112214275733605,862.0,0.0,969.5,0.0014426330120532718,903.0,0.0,701.5,-3.0,52.5,-632.0,773.0,0.0002056067307538327,416.0,629.6875,37.5
TF:WPT_daaa_rel_energy,3,4.404895502171935e-13,941.0,0.13271603853976466,570.0,0.29633200673195725,441.0,0.0607603320666769,593.0,0.0,701.5,-7.0,452.5,-678.0,819.0,0.00016676511970616797,549.0,633.375,37.5
TF:WPT_adda_entropy,3,0.22342243790626526,314.0,0.07386372327430735,779.0,0.05253746577995644,836.0,0.02695418655569614,749.0,0.0,701.5,-8.0,552.5,-683.0,824.0,0.0002462320505429514,325.0,635.125,37.5
TF:WPT_daaa_mean,3,1.373818481198441e-08,912.0,0.035852577775741336,886.0,0.09390871789609623,776.0,0.031128345914120812,727.0,10.0,391.0,-3.0,52.5,-715.0,856.0,0.00017910948239140546,498.0,637.3125,37.5
TF:WPT_daad_entropy,3,0.151647686958313,348.0,0.09094209285736134,720.0,0.08693456673235866,787.0,0.026152762012493537,750.0,0.0,701.5,-7.0,452.5,-549.0,690.0,0.0001362709895899943,697.0,643.25,37.5
TF:WPT_daaa_entropy,3,3.094984531402588,195.0,0.04223744087016522,860.0,0.0,969.5,0.002778214408773293,897.0,0.0,701.5,-3.0,52.5,-698.0,839.0,0.00014538948539454555,650.0,645.5625,37.5
TF:WPT_ddaa_entropy,3,2.931516408920288,196.0,0.028660494612058558,918.0,0.022846764405705766,896.0,0.013975835408688705,815.0,0.0,701.5,-5.0,252.5,-776.0,917.5,0.00018529917999104403,478.0,646.8125,37.5
TF:mod8_centroid,3,0.9401355981826782,231.0,0.04645967113420325,850.0,0.0,969.5,-0.0009645752318284124,965.0,0.0,701.5,-6.0,352.5,-341.0,482.5,0.00014003468969799382,678.0,653.75,37.5
TF:mod10_spread,3,0.1673600822687149,344.0,0.060602692992215684,811.0,0.05256865552189538,835.0,-0.004978542081604385,974.0,0.0,701.5,-5.0,252.5,-343.0,484.5,7.919356142160788e-05,890.0,661.5625,37.5
TF:WPT_adda_skew,3,0.22673478722572327,312.0,0.03768607486326919,879.0,0.03984789777650555,860.0,0.00853349077539041,857.0,0.0,701.5,-5.0,252.5,-677.0,818.0,0.0001478303244359698,633.0,664.125,37.5
TF:DWT_L1_skew,3,0.20254376530647278,325.0,0.0366498843698206,883.0,0.02254812491931446,897.0,-0.03004606776481744,1002.0,0.0,701.5,-6.0,352.5,-574.0,715.0,0.0001962729659384736,444.0,665.0,37.5
TF:DWT_L2_mean,3,0.011018136516213417,497.0,0.03293619879783718,902.0,0.029748654337436786,885.0,0.02228538374905241,776.0,0.0,701.5,-5.0,252.5,-741.0,882.5,0.00018728776225538336,469.0,670.6875,37.5
TF:DWT_L3_skew,3,0.03801613301038742,445.5,0.03533206579818649,890.5,0.022424614841162427,898.5,-0.011142251663706276,990.5,0.0,701.5,-7.0,452.5,-477.0,618.5,0.00021432616989513023,388.0,673.1875,37.5
TF:WPT_adda_kurt,3,81.90331268310547,87.0,0.054277239666369104,831.0,0.0,969.5,0.010190755451801248,843.0,0.0,701.5,-6.0,352.5,-732.0,873.0,0.00012198864864197666,750.0,675.9375,37.5
TF:WPT_daad_zcr,3,0.0004202502314001322,688.0,0.04600144511041627,852.0,0.0,969.5,0.003353776437176458,892.0,0.0,701.5,-3.0,52.5,-643.0,784.0,0.00018349363772470845,482.0,677.6875,37.5
TF:WPT_dada_skew,3,0.03906645625829697,444.0,0.02378050062838115,935.0,0.09416852996081371,775.0,-0.016683230333462272,998.0,0.0,701.5,-4.0,152.5,-634.0,775.0,0.0001384817596373547,683.0,683.0,37.5
TF:WPT_addd_median,3,0.00013384886551648378,735.0,0.0159595305924042,945.0,0.028264775832681277,887.0,0.03780703211748051,699.0,0.0,701.5,-6.0,352.5,-642.0,783.0,0.0002222175135856636,371.0,684.25,37.5
TF:WPT_dddd_skew,3,0.1246471256017685,365.0,0.028608367898305637,919.0,0.054978587223183606,831.0,0.01133499191632774,839.0,0.0,701.5,-7.0,452.5,-679.0,820.5,0.00015081434482613868,612.0,692.5625,37.5
TF:WPT_dadd_mean,3,3.57558747055009e-07,880.0,0.03884498996210381,873.0,0.06889302353688631,814.0,0.02901161987893004,738.0,0.0,701.5,-7.0,452.5,-477.0,618.5,0.00018136784019893502,488.0,695.6875,37.5
TF:WPT_daad_skew,3,0.4081260561943054,272.0,0.027420443107034176,923.0,0.0,969.5,0.012278276902740318,831.0,0.0,701.5,-6.0,352.5,-797.0,938.5,0.00014401570823632969,655.0,705.375,37.5
TF:WPT_daaa_zcr,3,0.00023496778158005327,723.0,0.04737093564734222,845.0,0.03842463949743191,863.0,-0.009261755760661525,987.0,0.0,701.5,-5.0,252.5,-768.0,909.0,0.00018683377555594362,470.0,718.875,37.5
TF:WPT_dadd_skew,3,0.034389182925224304,448.0,0.018393803264535144,943.0,0.04954715546166444,844.0,0.00417213447829964,885.0,0.0,701.5,-6.0,352.5,-792.0,933.0,8.094411158402024e-05,885.0,749.0,37.5
TIME:impulse_factor,2,4.096750736236572,178.5,0.10560102759028554,673.5,0.15359203835976842,677.5,0.07615444375067575,528.5,0.0,701.5,-8.0,552.5,-149.0,290.0,0.00014966289105612874,616.0,527.25,25.0
TF:glcm_60_contrast_d4_a0,2,0.10919635742902756,375.0,0.1434873883572176,531.0,0.26277183438819085,512.0,0.07321942367236689,538.0,0.0,701.5,-8.0,552.5,-393.0,534.5,0.0001834878935223803,483.0,528.4375,25.0
TIME:clearance_factor,2,4.096750736236572,178.5,0.10560102759028554,673.5,0.15359203835976842,677.5,0.07615444375067575,528.5,0.0,701.5,-8.0,552.5,-127.0,268.0,0.00014066411832060405,676.0,532.0,25.0
TIME:env_kurt,2,16.835023880004883,127.0,0.060103115647079236,813.0,0.10937122846494818,744.0,0.048260336774077074,643.0,0.0,701.5,-3.0,52.5,-500.0,641.5,0.00016840051954847984,536.0,532.3125,25.0
FREQ:spec_rolloff,2,46911.33203125,37.0,0.11395513471299373,644.0,0.20918243280258597,617.0,0.034696410102039214,712.0,0.0,701.5,-9.0,652.5,-361.0,502.0,0.00020577729922915166,415.0,535.125,25.0
TF:WPT_daad_max,2,0.0006115484866313636,665.0,0.14997279330060265,502.0,0.22481409981525813,596.0,0.06906123474001052,564.0,0.0,701.5,-5.0,252.5,-386.0,527.0,0.000177694641962548,503.0,538.875,25.0
TF:lbp_b3,2,6.2567537497670855e-06,816.0,0.1113212531308414,654.0,0.1854999333845595,640.0,0.03975399439750987,691.0,0.0,701.5,-3.0,52.5,-179.0,320.5,0.0001628642329502628,561.0,554.5625,25.0
TIME:hist_b7,2,0.004083390813320875,565.0,0.07444042748651866,776.0,0.15374941127672814,676.0,0.049764309929725435,637.0,0.0,701.5,-5.0,252.5,-367.0,508.5,0.00022999362450689564,355.0,558.9375,25.0
FREQ:cepstral_4,2,0.00421687588095665,562.0,0.11698714060997029,634.0,0.17739343158796084,651.0,0.040271913678774536,687.0,0.0,701.5,-5.0,252.5,-291.0,432.0,0.00015970528325277549,573.0,561.625,25.0
TIME:min,2,0.8704646229743958,235.0,0.10100483182478587,691.0,0.08616719364165037,790.0,0.07369049120365699,536.0,0.0,701.5,-8.0,552.5,-319.0,460.5,0.00017034308529478842,533.0,562.4375,25.0
TF:WPT_ddad_range,2,0.00040222718962468207,692.5,0.14724084206455842,519.5,0.24091584013408918,565.5,0.07884655558388778,521.5,0.0,701.5,-6.0,352.5,-551.0,692.0,0.00018851049525013102,467.0,564.0,25.0
TF:lbp_b10,2,1.2452452438083128e-06,848.0,0.12710776515704272,588.0,0.13587580691239287,697.0,0.06265131357019221,582.0,0.0,701.5,-4.0,152.5,-376.0,517.5,0.00020106296151234135,426.0,564.0625,25.0
TIME:burst_mean_gap,2,5636.69677734375,49.0,0.10920266629883983,661.0,0.20886363929493035,618.0,0.009441161542302456,849.0,0.0,701.5,-9.0,652.5,-114.0,255.0,0.00011123655376461221,799.0,573.125,25.0
TF:WPT_dddd_max,2,0.0005883757839910686,667.0,0.14801809077556394,513.0,0.2601629873452871,518.0,0.08204180176421914,505.0,0.0,701.5,-6.0,352.5,-489.0,630.0,0.00013580017771172687,702.0,573.625,25.0
TF:WPT_dddd_tk_max,2,7.547103905380936e-06,810.0,0.11992141658160259,621.0,0.21585535214788099,608.0,0.05998201032660976,594.0,0.0,701.5,-4.0,152.5,-450.0,591.0,0.00016678445583597995,548.0,578.25,25.0
TF:glcm_75_contrast_d4_a3,2,0.0694066509604454,396.0,0.12488633086305538,597.0,0.20361665944666862,620.0,0.06800231548903092,566.0,0.0,701.5,-9.0,652.5,-150.0,291.5,0.00010975260620698832,805.0,578.6875,25.0
TF:lbp_b28,2,1.3040128123975592e-06,845.0,0.14045875520578577,540.0,0.15866491326516652,668.0,0.0222629229335391,777.0,0.0,701.5,-4.0,152.5,-213.0,354.5,0.00014852994051296636,629.0,583.4375,25.0
TF:lbp_b26,2,6.155149776532198e-07,864.0,0.11945541852754493,622.0,0.10530498580807901,755.0,0.02382936187839891,763.0,0.0,701.5,-3.0,52.5,-248.0,389.0,0.0001683433573561071,537.0,585.5,25.0
TIME:max,2,1.2488880157470703,226.5,0.09875178887326592,700.5,0.1196894351598452,718.5,0.05114412560282552,624.5,0.0,701.5,-9.0,652.5,-177.0,318.0,0.0001234709583102722,743.0,585.625,25.0
TIME:seg_energy_6,2,0.003981664776802063,568.0,0.042983118112691496,856.0,0.22625186993086777,593.0,0.0010371729686969098,906.0,0.0,701.5,-4.0,152.5,-525.0,666.5,0.00029587068259830513,255.0,587.3125,25.0
TIME:max_peak_amp,2,1.2488880157470703,226.5,0.09875178887326592,700.5,0.1196894351598452,718.5,0.05114412560282552,624.5,0.0,701.5,-9.0,652.5,-272.0,413.0,0.00013771509091290527,686.0,590.375,25.0
TIME:seg_energy_1,2,0.005242003593593836,552.0,0.06970795780507322,787.0,0.23709061881213156,573.0,0.00011670502116077771,916.0,0.0,701.5,-5.0,252.5,-274.0,415.0,0.00016747293863082863,544.0,592.625,25.0
TF:WPT_adaa_tk_max,2,0.5287725925445557,258.0,0.10331220913017838,682.0,0.1050086739749263,756.0,0.046120339870206715,655.0,0.0,701.5,-10.0,752.5,-293.0,434.0,0.00017726413398695226,506.0,593.125,25.0
TIME:seg_energy_7,2,0.005956901703029871,539.0,0.04709244298254481,846.0,0.2643245084774639,509.0,0.00726074385982052,868.0,0.0,701.5,-8.0,552.5,-210.0,351.0,0.00021187684179981727,394.0,595.125,25.0
TF:lbp_b12,2,6.772861524950713e-07,862.0,0.15671764883790998,476.0,0.21330910695502414,613.0,0.05657127110307333,604.0,0.0,701.5,-4.0,152.5,-524.0,665.0,0.0001370016200548159,690.0,595.5,25.0
FREQ:ratio_low_high,2,955.5206909179688,66.0,0.09995154198428019,693.0,0.4244618416923154,105.0,0.0017954024637393587,900.0,0.0,701.5,-8.0,552.5,-673.0,814.5,4.7071325735547656e-05,933.0,595.6875,25.0
TF:mod4_entropy,2,0.006360253319144249,531.0,0.0738843103333475,778.0,0.02337492529290275,894.0,0.0020439449829216996,899.0,0.0,701.5,-3.0,52.5,-455.0,596.0,0.00024237763555635768,331.0,597.875,25.0
TF:mod6_entropy,2,0.006286798045039177,533.0,0.08743536839439082,733.0,0.01580381861008817,909.0,0.01452833179829165,813.0,0.0,701.5,-3.0,52.5,-530.0,671.0,0.00020604084808906471,414.0,603.375,25.0
FREQ:cepstral_8,2,0.00039567778003402054,695.0,0.11944401506409913,623.0,0.11521060807599648,727.0,0.0185432176960642,791.0,0.0,701.5,-4.0,152.5,-328.0,469.5,0.0001417177044339005,672.0,603.9375,25.0
TF:lbp_b1,2,1.5323252000598586e-06,842.0,0.11145194469370308,652.0,0.10787097185707495,749.0,0.027596381704986173,746.0,0.0,701.5,-4.0,152.5,-587.0,728.0,0.00027994007684988063,279.0,606.25,25.0
TF:glcm_45_contrast_d3_a1,2,0.05777458846569061,418.0,0.1316045382014409,574.0,0.21787176072119507,605.0,0.08103385296645203,514.0,0.0,701.5,-10.0,752.5,-312.0,453.5,0.00010047541845962209,832.0,606.3125,25.0
TF:DWT_L2_zcr,2,0.0018116763094440103,604.0,0.09218974501686032,715.0,0.1105644187539574,742.0,0.012745755906237994,825.0,0.0,701.5,-3.0,52.5,-280.0,421.0,0.00010954759238550817,807.0,608.5,25.0
TF:WPT_aada_mean,2,0.00011910272587556392,742.0,0.03947806391027389,868.0,0.09118240217734819,779.0,0.03567995153301636,709.0,80.0,321.0,-5.0,252.5,-448.0,589.0,0.00014931974880557695,620.0,610.0625,25.0
TF:mod2_entropy,2,0.0062140473164618015,536.0,0.08239990418569806,747.0,0.0982028178046872,769.0,-0.02767204570509083,1001.0,0.0,701.5,-4.0,152.5,-497.0,638.0,0.00023962777557261133,337.0,610.25,25.0
TF:WPT_aaad_zcr,2,0.0009432949009351432,636.5,0.09277263940664651,712.5,0.10801382778273716,748.0,0.030297406150866582,733.5,0.0,701.5,-7.0,452.5,-387.0,528.0,0.00022212618432691921,372.0,610.5625,25.0
TIME:seg_energy_2,2,0.0036302991211414337,573.0,0.04106604168806935,863.0,0.18332768685499978,641.0,0.008677778725727212,854.0,0.0,701.5,-5.0,252.5,-544.0,685.0,0.00024894396011208777,319.0,611.125,25.0
TF:glcm_8_correlation_d1_a1,2,7.925369231998047e-07,857.5,0.1721993864970407,414.5,0.2573770704970344,535.0,0.08147204953603403,510.5,0.0,701.5,-6.0,352.5,-737.0,878.5,0.00014665699076924182,643.0,611.625,25.0
FREQ:hist_b26,2,0.01362637896090746,489.0,0.104448773584027,679.0,0.19197521828075148,634.0,0.010435774775192303,842.0,0.0,701.5,-3.0,52.5,-646.0,787.0,0.00012625333847185596,732.0,614.625,25.0
TF:WPT_aada_zcr,2,0.00041813895222730935,689.0,0.06635935341698457,795.0,0.025087411638121893,891.0,-0.0002621403438519762,962.0,0.0,701.5,-3.0,52.5,-415.0,556.0,0.00028226579497493557,276.0,615.375,25.0
TF:DWT_L5_median,2,1.2448212146409787e-05,794.0,0.03977266920526217,867.0,0.04281071956688942,852.0,0.04798922056913005,645.0,43.0,358.0,-5.0,252.5,-446.0,587.5,0.0001587720616198376,577.0,616.625,25.0
TF:DWT_L4_median,2,0.0006468142382800579,663.0,0.03173588888255206,907.0,0.11749441405625749,723.0,0.015503148395551848,802.0,0.0,701.5,-3.0,52.5,-637.0,778.0,0.000257339994071688,308.0,616.875,25.0
TIME:hist_b11,2,0.0016596176428720355,609.0,0.08898138377266443,729.0,0.05770856012899639,828.0,0.06964894059365304,557.0,0.0,701.5,-8.0,552.5,-325.0,466.0,0.00017820808519945753,501.0,618.0,25.0
TF:DWT_L3_mean,2,0.00560418888926506,542.5,0.03515987552635464,894.5,0.08056515459345892,799.5,0.02843630523820641,741.5,250.0,151.0,-4.0,152.5,-722.0,863.0,0.0001108540849490686,800.0,618.0625,25.0
TIME:skew,2,0.2077375203371048,319.0,0.09548392701826354,706.0,0.1062525885665746,753.0,0.023779277104031982,765.0,0.0,701.5,-5.0,252.5,-596.0,737.0,0.00013222732850991348,714.0,618.5,25.0
TF:WPT_ddaa_log_energy,2,0.6934865713119507,250.0,0.1520779182752827,488.0,0.15588627335308436,672.0,0.06636637452354988,571.0,0.0,701.5,-10.0,752.5,-565.0,706.0,0.00010757137886574613,815.0,619.5,25.0
TIME:p1,2,0.14728793501853943,353.0,0.10276971750623026,686.0,0.1419980491609083,693.0,0.031068907193888943,728.0,0.0,701.5,-7.0,452.5,-418.0,559.0,0.0001134558718136642,793.0,620.75,25.0
TF:hog_b6,2,1.746876114339102e-05,786.0,0.07620854977618124,767.0,0.04714270435799239,845.0,0.006238446738730963,870.0,198.0,203.0,-4.0,152.5,-372.0,513.0,9.746174315324486e-05,839.0,621.9375,25.0
TF:lbp_b7,2,2.780516751954565e-06,831.0,0.11202677776230512,650.0,0.1647989877574516,660.0,0.017742368760309695,792.0,0.0,701.5,-4.0,152.5,-289.0,430.0,0.0001194268782290663,765.0,622.75,25.0
FREQ:cepstral_1,2,0.06889485567808151,398.0,0.043457051071505305,854.0,0.04249779790226205,854.0,0.019378320799661536,788.0,0.0,701.5,-5.0,252.5,-470.0,611.5,0.00017260914864852765,523.0,622.8125,25.0
TF:WPT_aada_median,2,0.0004827715747524053,679.0,0.037944554253698866,878.0,0.11185308701304031,734.0,0.03283539394093786,721.0,0.0,701.5,-4.0,152.5,-537.0,678.0,0.00019472656366427397,446.0,623.75,25.0
TF:WPT_dddd_min,2,0.0005443890113383532,671.0,0.14301620027188322,532.0,0.3440698447404005,345.0,0.07483941273524995,533.0,0.0,701.5,-10.0,752.5,-561.0,702.0,0.00011914870517590842,767.0,625.5,25.0
TF:mod11_entropy,2,0.0067355516366660595,525.0,0.07389380120283473,777.0,0.04292842086878412,851.0,0.003629046346114615,890.0,0.0,701.5,-4.0,152.5,-600.0,741.0,0.00022205337038235448,373.0,626.375,25.0
TF:WPT_dddd_kurt,2,72.26731872558594,91.0,0.05645342036373951,824.0,0.06750635489301748,816.0,0.009316354311408398,850.0,0.0,701.5,-8.0,552.5,-527.0,668.0,0.00017515897394097552,512.0,626.875,25.0
TF:glcm_13_correlation_d1_a2,2,5.470761266224144e-07,869.0,0.15208333347344652,487.0,0.3084472297977112,416.0,0.08015639835721663,518.0,0.0,701.5,-9.0,652.5,-567.0,708.0,0.00014264993527586192,667.0,627.375,25.0
TF:WPT_ddaa_kurt,2,2882.853759765625,57.0,0.033055613315001606,901.0,0.0,969.5,0.013479175571694504,821.0,0.0,701.5,-5.0,252.5,-653.0,794.5,0.0001722155445437177,525.0,627.75,25.0
TF:DWT_L5_kurt,2,58.379234313964844,95.0,0.06930999331171693,789.0,0.017490453160062813,907.0,0.003969105596921329,888.0,0.0,701.5,-8.0,552.5,-610.0,751.5,0.00023135761065928737,353.0,629.6875,25.0
TF:mod9_entropy,2,0.00582090625539422,540.0,0.048481399967399044,842.0,0.0,969.5,0.012441488231499315,826.0,0.0,701.5,-5.0,252.5,-419.0,560.5,0.0002346978140284297,347.0,629.875,25.0
TF:WPT_aaad_mean,2,0.00560418888926506,542.5,0.03515987552635464,894.5,0.08056515459345892,799.5,0.02843630523820641,741.5,18.0,383.0,-4.0,152.5,-765.0,906.0,0.00014757707221407603,636.0,631.9375,25.0
TF:WPT_adda_median,2,0.00017880852101370692,728.0,0.038368063716832046,875.0,0.1106318667356776,741.0,0.04020076790097409,689.0,0.0,701.5,-3.0,52.5,-547.0,688.0,0.00015185000574356454,608.0,635.375,25.0
TF:WPT_daad_tk_max,2,1.4466067113971803e-05,793.0,0.11731822515191342,633.0,0.20191643501617929,623.0,0.03850272862766761,696.0,0.0,701.5,-6.0,352.5,-519.0,660.0,0.0001482818959472053,631.0,636.25,25.0
FREQ:hist_b23,2,0.0427013635635376,433.0,0.10764575641187459,663.0,0.125895071110099,712.0,0.03580945110358915,708.0,0.0,701.5,-5.0,252.5,-584.0,725.5,7.512834438683943e-05,900.0,636.9375,25.0
TF:WPT_dddd_mean,2,1.646680658495825e-08,910.0,0.030489399007406034,909.0,0.12872123703652338,709.0,0.039029863361836,694.0,0.0,701.5,-3.0,52.5,-421.0,562.5,0.00016089361676085458,567.0,638.1875,25.0
TF:WPT_adad_median,2,6.998532626312226e-05,754.0,0.035468106070070865,889.0,0.080014740464883,801.0,0.0363639099033064,704.0,0.0,701.5,-4.0,152.5,-538.0,679.0,0.0002002765082079868,429.0,638.75,25.0
TF:WPT_aaaa_skew,2,0.43191003799438477,264.0,0.08097016516478169,755.0,0.0433633545248604,850.0,0.0372984819135451,701.0,0.0,701.5,-5.0,252.5,-759.0,900.0,0.00013727880582134987,689.0,639.125,25.0
TF:WPT_low_high_ratio,2,70978125824.0,9.0,0.0747753864385453,774.0,0.4327033445247306,89.0,0.0004760741906734025,911.0,0.0,701.5,-11.0,852.5,-723.0,864.5,5.810407504424224e-05,917.0,639.8125,25.0
TF:WPT_aadd_mean,2,0.004737098701298237,557.0,0.03527165118891244,893.0,0.060975947198468106,824.0,0.048806105342187656,640.0,0.0,701.5,-6.0,352.5,-568.0,709.0,0.00019066999831364323,461.0,642.25,25.0
TF:WPT_ddad_mean,2,1.0569276120975246e-08,913.0,0.035548782838032804,888.0,0.012730638890059431,913.0,0.036047163596764666,706.0,96.0,305.0,-4.0,152.5,-396.0,537.5,0.000127749249839333,723.0,642.25,25.0
SPAT:st_traj_drift,2,6.605919361114502,160.0,0.02921605370484563,915.0,0.0711840756252613,812.5,-0.007502309422124756,983.0,0.0,701.5,-4.0,152.5,-438.0,579.0,9.119602909853609e-05,851.0,644.3125,25.0
TF:WPT_daad_min,2,0.0005609732470475137,669.0,0.13586361841972117,565.0,0.19752653310862822,625.0,0.058287435571232206,596.0,0.0,701.5,-5.0,252.5,-756.0,897.0,8.581518310096897e-05,869.0,646.875,25.0
TF:WPT_ddad_skew,2,3.5141961574554443,183.0,0.03916202652230834,871.0,0.0,969.5,0.011830213489999275,835.0,0.0,701.5,-5.0,252.5,-666.0,807.0,0.00016173563782981924,565.0,648.0625,25.0
TF:lbp_b22,2,1.350739324834649e-07,892.0,0.08258258610877027,745.0,0.08879223230922806,783.0,0.02353062969757818,769.0,0.0,701.5,-3.0,52.5,-602.0,743.5,0.00017840377448474637,500.0,648.3125,25.0
TF:WPT_ddad_tk_std,2,1.1878337202730904e-09,923.0,0.12526493473061684,594.0,0.2766319068537344,486.0,0.05883858067937249,595.0,0.0,701.5,-10.0,752.5,-414.0,555.0,0.0001573507221484383,583.0,648.75,25.0
TIME:burst_occupancy,2,0.00032821204513311386,705.0,0.09155508940418189,717.0,0.030523587595352453,881.0,0.03799762209726425,698.0,0.0,701.5,-5.0,252.5,-346.0,487.0,0.00012155369850001368,752.0,649.25,25.0
TF:mod6_spread,2,0.15063360333442688,349.0,0.0338760479332529,900.0,0.0006839647372203217,934.0,0.004382302833084614,884.0,0.0,701.5,-4.0,152.5,-499.0,640.0,0.0001460158502335051,648.0,651.125,25.0
TF:WPT_aada_skew,2,0.06443231552839279,407.0,0.02611277976897631,928.0,0.0,969.5,0.0022781424803661873,898.0,0.0,701.5,-4.0,152.5,-502.0,643.0,0.00017477211711025063,514.0,651.6875,25.0
TF:WPT_aaaa_median,2,0.04115114361047745,439.0,0.05439497273938309,830.0,0.17263367847407096,654.0,0.02835500431315859,743.0,0.0,701.5,-6.0,352.5,-692.0,833.0,0.00014306829505805296,665.0,652.25,25.0
TF:WPT_adaa_min,2,0.10996827483177185,374.0,0.09400610699641734,710.0,0.10752875254060701,750.0,0.03685074148251294,702.0,0.0,701.5,-5.0,252.5,-769.0,910.0,0.00010705245289419506,818.0,652.25,25.0
TF:WPT_ddda_range,2,0.02595706842839718,466.5,0.11933692291148251,625.5,0.22401732920682793,597.5,0.04668944276824033,652.5,0.0,701.5,-8.0,552.5,-690.0,831.0,0.00010996748502853882,804.0,653.875,25.0
TF:lbp_b25,2,5.614172664536454e-07,868.0,0.11526849155572237,638.0,0.06041102574188306,826.0,0.028669577757870112,740.0,0.0,701.5,-4.0,152.5,-721.0,862.0,0.0001886725318608594,466.0,656.75,25.0
TF:WPT_ddda_tk_std,2,3.969176759710535e-06,822.0,0.1072044075274608,666.0,0.33098610278653995,369.0,0.04669956887202907,651.0,0.0,701.5,-8.0,552.5,-645.0,786.0,0.00012790571650680445,721.0,658.625,25.0
TF:WPT_ddaa_skew,2,96.87726593017578,83.0,0.03282179650712316,903.0,0.0,969.5,-0.0019090997818989154,967.0,0.0,701.5,-5.0,252.5,-633.0,774.0,0.0001489825513647117,625.0,659.4375,25.0
TF:glcm_3_correlation_d1_a0,2,4.5695060180150904e-07,873.0,0.1609928871597057,459.0,0.23006908595323772,585.0,0.05442872409629286,616.0,0.0,701.5,-9.0,652.5,-763.0,904.0,0.00018252393176163128,485.0,659.5,25.0
TF:WPT_adad_skew,2,0.1022939383983612,379.0,0.03705442075808375,881.0,0.0,969.5,0.007382161186699514,867.0,0.0,701.5,-3.0,52.5,-491.0,632.5,0.00011320378394620654,794.0,659.625,25.0
TF:mod1_spread,2,0.15421253442764282,347.0,0.06265081112749064,807.0,0.0274050419998364,889.0,-0.015716194384247133,996.0,0.0,701.5,-4.0,152.5,-540.0,681.5,0.0001351301052169497,704.0,659.8125,25.0
TF:WPT_ddda_p2p,2,0.02595706842839718,466.5,0.11933692291148251,625.5,0.22401732920682793,597.5,0.04668944276824033,652.5,0.0,701.5,-8.0,552.5,-783.0,924.5,0.00012037043589688738,760.0,660.0625,25.0
SPAT:sp_q75,2,0.2427775263786316,308.0,0.053997802723262746,834.0,0.0,969.5,0.07262693156732893,540.0,0.0,701.5,-3.0,52.5,-812.0,953.0,5.4107715481152835e-05,922.0,660.0625,25.0
FREQ:hist_entropy,2,0.11486602574586868,372.0,0.042361415776371134,858.0,0.0,969.5,0.01991286660683165,787.0,0.0,701.5,-3.0,52.5,-624.0,765.0,0.00011470864442220467,788.0,661.6875,25.0
TIME:hist_b1,2,0.00031365425093099475,713.0,0.10249232844054314,687.0,0.17991387707734052,646.0,0.001625985779185461,902.0,0.0,701.5,-7.0,452.5,-322.0,463.0,0.0001249879591377652,737.0,662.75,25.0
TF:mod5_spread,2,0.1459122896194458,356.0,0.040975569884676266,864.0,0.022931577476290155,895.0,0.007423239766664676,866.0,0.0,701.5,-3.0,52.5,-628.0,769.5,0.00010889897453944547,809.0,664.1875,25.0
TF:DWT_L1_mean,2,0.021921027451753616,471.0,0.019388155119351526,941.0,0.0,969.5,0.023907604276054775,762.0,0.0,701.5,-4.0,152.5,-655.0,796.0,0.00017302279360381225,520.0,664.1875,25.0
TF:WPT_ddda_max,2,0.006547324359416962,527.0,0.1154865729905179,637.0,0.16358217313824008,661.0,0.046377302930679126,654.0,0.0,701.5,-7.0,452.5,-707.0,848.0,9.939634633730113e-05,834.0,664.375,25.0
TF:DWT_L2_median,2,0.014770597219467163,486.0,0.03590538073074445,885.0,0.16707475957749285,657.0,0.02252072536942846,775.0,0.0,701.5,-4.0,152.5,-618.0,759.0,7.126313398233106e-05,906.0,665.25,25.0
TIME:p5,2,0.012684852816164494,492.0,0.04895880977050637,840.0,0.09864046044229902,766.0,0.021983380803275727,779.0,0.0,701.5,-5.0,252.5,-692.0,833.0,0.00013653048930880685,695.0,669.875,25.0
TF:lbp_b18,2,2.1805539063279866e-07,887.0,0.08435036799756365,742.0,0.12617296271691014,711.0,0.006080495532816977,875.0,0.0,701.5,-4.0,152.5,-734.0,875.0,0.00020176794942544264,423.0,670.875,25.0
TF:WPT_ddad_zcr,2,0.00044290669029578567,683.0,0.02983247275720104,911.0,0.006443299364339072,920.0,0.01142090006352662,836.0,0.0,701.5,-5.0,252.5,-503.0,644.0,0.00020158507309106554,424.0,671.5,25.0
TF:WPT_adaa_median,2,4.804301738658978e-07,872.0,0.032134302930809565,906.0,0.09475518817998507,772.0,0.023707005541909812,767.0,0.0,701.5,-5.0,252.5,-553.0,694.5,0.00019970464081376385,432.0,674.6875,25.0
TF:WPT_dada_zcr,2,0.000501568429172039,675.0,0.0634586077580212,806.0,0.0,969.5,0.019949419321132148,786.0,0.0,701.5,-4.0,152.5,-597.0,738.0,0.00016001607335429393,571.0,674.9375,25.0
TF:WPT_ddad_kurt,2,679.0390625,71.0,0.02778013713446824,922.0,0.0,969.5,0.022119081467174867,778.0,0.0,701.5,-7.0,452.5,-493.0,634.5,8.115844519452579e-05,884.0,676.625,25.0
TF:WPT_aadd_zcr,2,0.000448534352472052,682.0,0.04239298695537012,857.0,0.0,969.5,-0.019013006062383167,999.0,0.0,701.5,-3.0,52.5,-559.0,700.5,0.0001798938671699107,495.0,682.125,25.0
TF:WPT_daad_mean,2,3.8028875337658974e-07,879.0,0.03530519889881579,892.0,0.10044316359421135,764.0,0.05577452913119763,611.0,0.0,701.5,-6.0,352.5,-525.0,666.5,0.00015212720866985811,607.0,684.1875,25.0
FREQ:hist_b22,2,0.01678435504436493,480.0,0.08703869527557263,735.0,0.08939392579107608,781.0,-0.003543674477702602,972.0,0.0,701.5,-3.0,52.5,-801.0,942.0,9.292543360512665e-05,849.0,689.125,25.0
TF:WPT_adda_zcr,2,0.0005392665625549853,672.0,0.06463462930753054,799.0,0.0,969.5,0.004511034065543617,882.0,0.0,701.5,-4.0,152.5,-681.0,822.0,0.00017054778696999943,529.0,690.9375,25.0
TF:mod2_spread,2,0.13451802730560303,362.0,0.046920389332017004,847.0,0.0,969.5,-0.015908698115589582,997.0,0.0,701.5,-4.0,152.5,-717.0,858.5,0.00013689338692642096,692.0,697.5,25.0
TF:WPT_ddda_kurt,2,303.2271728515625,77.0,0.04301663861890115,855.0,0.0,969.5,0.018573202055302416,790.0,0.0,701.5,-8.0,552.5,-779.0,920.0,0.00012450435568568837,741.0,700.8125,25.0
TF:WPT_aaad_skew,2,0.03801613301038742,445.5,0.03533206579818649,890.5,0.022424614841162427,898.5,-0.011142251663706276,990.5,0.0,701.5,-7.0,452.5,-464.0,605.0,0.00014778768392200142,634.0,702.25,25.0
TF:WPT_dada_mean,2,9.553108384352527e-07,851.0,0.0383602630058656,876.0,0.010610764224988412,915.0,0.03601225924833384,707.0,0.0,701.5,-5.0,252.5,-557.0,698.5,0.00014601818724125861,647.0,706.0625,25.0
TF:WPT_adda_mean,2,9.460274304728955e-05,745.0,0.02838043531859013,920.0,0.09041672854114058,780.0,0.03277061327959612,722.0,0.0,701.5,-5.0,252.5,-785.0,926.0,0.00014935985399199307,618.0,708.125,25.0
TF:WPT_addd_zcr,2,0.00045704012154601514,681.0,0.05612782846463338,826.0,0.037507656001599,865.0,-0.0074227403855877125,981.0,0.0,701.5,-3.0,52.5,-735.0,876.5,0.00013838686370759625,684.0,708.4375,25.0
TF:WPT_ddda_zcr,2,0.0005052294582128525,674.0,0.042350167867239705,859.0,0.0,969.5,0.005116239168741471,879.0,0.0,701.5,-4.0,152.5,-640.0,781.0,0.0001420333914516155,671.0,710.9375,25.0
TF:WPT_adaa_skew,2,42.91252517700195,102.0,0.0264014870487183,927.0,0.005705023628659767,922.0,0.016351747474604016,796.0,0.0,701.5,-7.0,452.5,-799.0,940.0,9.334888526264593e-05,847.0,711.0,25.0
TF:WPT_dada_median,2,1.9811866422969615e-06,836.0,0.026573630201266737,926.0,0.11063260191279634,740.0,0.04089284979176987,684.0,0.0,701.5,-4.0,152.5,-746.0,887.0,0.00010682990967240831,819.0,718.25,25.0
TF:DWT_L4_skew,2,0.01914745382964611,475.0,0.046471965469088904,849.0,0.0,969.5,-0.008935056917595857,986.0,0.0,701.5,-3.0,52.5,-795.0,936.0,0.00011244719282193302,795.0,720.5625,25.0
TF:WPT_ddda_entropy,2,0.4957149624824524,259.0,0.05940332621416053,814.0,0.0,969.5,0.024784594112568017,757.0,0.0,701.5,-9.0,652.5,-747.0,888.0,0.00012095454198991945,756.0,724.6875,25.0
TF:DWT_L1_median,2,0.027227075770497322,462.0,0.01804413838598425,944.0,0.049743688355537774,843.0,0.021943618438959492,780.0,0.0,701.5,-6.0,352.5,-749.0,890.0,0.00010264060415454289,827.0,725.0,25.0
TF:WPT_dddd_median,2,8.966197384552288e-08,898.0,0.025180474195473663,931.0,0.09652167754506591,770.0,0.013723560210191787,819.0,0.0,701.5,-5.0,252.5,-767.0,908.0,0.00016818363728537977,539.0,727.375,25.0
TF:WPT_ddda_median,2,1.3072776710032485e-06,844.0,0.021156347992724076,939.0,0.020464871687892128,902.0,0.026151474565694457,751.0,0.0,701.5,-5.0,252.5,-704.0,845.0,0.00015041991157844166,613.0,731.0,25.0
TF:WPT_dddd_zcr,2,0.0003578390460461378,699.0,0.029432681632574023,913.0,0.0,969.5,0.008524519619715395,858.0,0.0,701.5,-3.0,52.5,-773.0,914.0,0.000109542246479498,808.0,739.4375,25.0
TF:WPT_ddda_mean,2,9.205787705468538e-07,852.0,0.025433101957700238,929.0,0.04214691858293662,856.0,0.030284854378149515,735.0,0.0,701.5,-7.0,452.5,-608.0,749.5,0.00011687455682306,777.0,756.5625,25.0
TF:WPT_adad_zcr,2,0.0003943596384488046,696.0,0.018913917847681073,942.0,0.0,969.5,-0.0069037100146266146,979.0,0.0,701.5,-6.0,352.5,-771.0,912.0,0.00015771393371916505,582.0,766.8125,25.0
TF:WPT_adaa_energy,1,2.4111263751983643,206.0,0.13617505922869322,563.0,0.2577785248187485,532.0,0.06218560459700469,586.0,0.0,701.5,-10.0,752.5,-409.0,550.5,0.0001359898227333987,698.0,573.6875,12.5
TF:WPT_ddad_min,1,0.000160575145855546,729.0,0.12497267965604175,596.0,0.19160398624242259,635.0,0.03842264804192886,697.0,0.0,701.5,-4.0,152.5,-504.0,645.5,0.00017061027375439399,528.0,585.5625,12.5
TF:WPT_ddad_p2p,1,0.00040222718962468207,692.5,0.14724084206455842,519.5,0.24091584013408918,565.5,0.07884655558388778,521.5,0.0,701.5,-6.0,352.5,-619.0,760.0,0.00012767995877990544,724.0,604.625,12.5
TF:DWT_L6_max,1,0.0018882640870288014,602.0,0.14933335865285605,506.0,0.2506620034999023,550.0,0.09339091964645636,463.0,0.0,701.5,-8.0,552.5,-649.0,790.0,0.00013274982681949607,711.0,609.5,12.5
TIME:hist_b8,1,0.00381814269348979,571.0,0.07350141341074304,781.0,0.1516279787018764,682.0,0.05676984826666508,601.0,0.0,701.5,-7.0,452.5,-385.0,526.0,0.00015730453247118998,584.0,612.375,12.5
TF:WPT_aaaa_tk_max,1,7304.5478515625,47.0,0.06920656803641653,790.0,0.09306778243567315,777.0,0.04556105522831842,658.0,0.0,701.5,-9.0,652.5,-490.0,631.0,0.0001415551860114982,673.0,616.25,12.5
TF:DWT_L0_skew,1,1.013196349143982,230.0,0.049333578758523795,838.0,0.12201461367259991,715.0,0.06214893891741759,587.0,0.0,701.5,-8.0,552.5,-701.0,842.0,0.00017351113144681117,517.0,622.875,12.5
TF:glcm_38_correlation_d2_a3,1,8.021036137506599e-07,855.5,0.1707516322572811,430.5,0.2599107463999495,520.0,0.07154118871666854,544.5,0.0,701.5,-9.0,652.5,-540.0,681.5,0.0001496764055868106,615.0,625.125,12.5
TF:WPT_adaa_var,1,8.887576768756844e-06,804.0,0.1363244205213731,562.0,0.26174662687714756,514.0,0.06184748540062095,589.0,0.0,701.5,-10.0,752.5,-575.0,716.5,0.0002244051328168737,365.0,625.5625,12.5
TF:DWT_L6_kurt,1,35.47399139404297,107.0,0.08122547344513686,754.0,0.07579568071185028,806.0,0.006130247071149169,872.0,0.0,701.5,-9.0,652.5,-421.0,562.5,0.00016231853205595024,563.0,627.3125,12.5
TIME:hist_b0,1,2.979741657327395e-05,776.0,0.12421676627221971,599.0,0.1310001360554396,704.0,0.011853906374456654,834.0,0.0,701.5,-5.0,252.5,-515.0,656.0,0.00017599877951579527,509.0,629.0,12.5
TF:lbp_b24,1,4.71340490548755e-06,821.0,0.11747086951762609,631.0,0.1081273490838579,747.0,0.02565732609546338,754.0,0.0,701.5,-4.0,152.5,-469.0,610.0,0.00014743626720394888,640.0,632.125,12.5
TF:glcm_18_correlation_d1_a3,1,8.021036137506599e-07,855.5,0.1707516322572811,430.5,0.26004214553797045,519.0,0.07154118871666854,544.5,0.0,701.5,-9.0,652.5,-577.0,718.5,0.00013793588691915344,685.0,638.375,12.5
TIME:hist_b13,1,0.000126151557196863,738.0,0.06497123418716293,798.0,0.004664687937414147,924.0,0.031840237786735774,723.0,0.0,701.5,-4.0,152.5,-430.0,571.0,0.00017811960502835505,502.0,638.75,12.5
TF:WPT_adaa_kurt,1,2347.577880859375,59.0,0.02718069101843202,924.0,0.04141041272168655,858.0,0.02746496556583571,747.0,0.0,701.5,-8.0,552.5,-546.0,687.0,0.00015702091061566988,585.0,639.25,12.5
TF:WPT_adaa_rel_energy,1,2.99152596028307e-08,904.0,0.139395552931101,544.0,0.2723141303051584,495.0,0.06106178161839067,592.0,0.0,701.5,-10.0,752.5,-413.0,554.0,0.00015985972121559513,572.0,639.375,12.5
TF:lbp_b11,1,7.778525628054922e-07,859.0,0.1141771739250475,642.0,0.09639241560927614,771.0,0.04356821375668519,673.0,0.0,701.5,-4.0,152.5,-405.0,546.5,0.00011456505258783004,791.0,642.0625,12.5
TIME:hist_b9,1,0.004137109965085983,563.0,0.0859740080793023,738.0,0.06435852470731795,819.0,0.07425108737881422,535.0,0.0,701.5,-5.0,252.5,-586.0,727.0,0.0001103329939879489,803.0,642.375,12.5
SPAT:st_direction,1,0.006539810914546251,528.0,0.03279616381512025,904.0,0.21512407277501433,610.0,0.027797111796435823,745.0,0.0,701.5,-6.0,352.5,-487.0,628.5,0.0001369594921776198,691.0,645.0625,12.5
TF:WPT_ddad_median,1,1.8356784536877058e-08,908.0,0.044671549402255,853.0,0.07524400755574545,807.0,0.04712090952677347,650.0,0.0,701.5,-4.0,152.5,-467.0,608.0,0.00017687128053071107,507.0,648.375,12.5
TF:WPT_ddaa_tk_mean,1,4.442186896103095e-10,928.0,0.10628256717293273,670.0,0.17872406786274198,649.0,0.04492171846311548,661.0,0.0,701.5,-9.0,652.5,-403.0,544.0,0.0002073452021819869,410.0,652.0,12.5
TF:WPT_adaa_tk_std,1,0.0021870455238968134,593.0,0.10314704671782714,683.0,0.13081774850423278,706.0,0.04374260565155449,668.0,0.0,701.5,-10.0,752.5,-326.0,467.0,0.00014289553272167044,666.0,654.625,12.5
TF:WPT_aadd_median,1,0.006375898141413927,529.0,0.0327024694138733,905.0,0.05476269483795981,832.0,0.06234560940560118,585.0,0.0,701.5,-6.0,352.5,-606.0,747.0,0.0001561090703717375,590.0,655.25,12.5
TF:lbp_b19,1,5.749063234361529e-07,866.0,0.12397148130032822,602.0,0.10743401430335275,751.0,0.0346602519759548,713.0,0.0,701.5,-4.0,152.5,-786.0,927.0,0.0001703799747022627,531.0,655.5,12.5
TIME:hist_b10,1,0.003407195443287492,575.0,0.09124072268750473,718.0,0.052864757606403856,834.0,0.0692229876222012,561.0,0.0,701.5,-5.0,252.5,-699.0,840.0,0.00011509713138671963,783.0,658.125,12.5
FREQ:hist_b27,1,0.0005194538971409202,673.0,0.12522028232009827,595.0,0.13169726211894828,703.0,0.04051756182475651,685.0,0.0,701.5,-7.0,452.5,-595.0,736.0,0.00012650301218452079,729.0,659.375,12.5
TF:DWT_L6_skew,1,0.007665859069675207,515.0,0.05779223924959035,819.0,0.03023792987237872,883.0,0.022665613918455722,774.0,0.0,701.5,-7.0,452.5,-481.0,622.0,0.00016966968252496513,535.0,662.75,12.5
TIME:trimmed_mean10,1,0.0006860928260721266,659.0,0.07916660681810343,761.0,0.10961588591440119,743.0,0.021695006620436646,781.0,0.0,701.5,-7.0,452.5,-481.0,622.0,0.0001554397882017956,593.0,664.125,12.5
FREQ:spec_spread,1,23476.388671875,43.0,0.03509637980042204,896.0,0.0,969.5,0.015647494816133492,800.0,0.0,701.5,-9.0,652.5,-436.0,577.0,0.00013682493276855813,693.0,666.5625,12.5
TF:lbp_b6,1,7.160478503465129e-07,860.0,0.12736205240015958,585.0,0.09305428686775574,778.0,0.02342043006954527,770.0,0.0,701.5,-3.0,52.5,-700.0,841.0,0.0001233747128938664,746.0,666.75,12.5
TF:hog_b5,1,1.1218124200240709e-05,797.0,0.07618272256604902,768.0,0.050618334967779344,840.0,0.012397561290078412,827.0,0.0,701.5,-4.0,152.5,-506.0,647.0,0.00015321685842580496,603.0,667.0,12.5
TF:hog_b11,1,9.569446774548851e-06,803.0,0.05573795372415778,827.0,0.033916445490774993,871.0,0.0007430892752826868,909.0,0.0,701.5,-3.0,52.5,-491.0,632.5,0.00016771838556702652,542.0,667.3125,12.5
TIME:hist_b2,1,0.0013531672302633524,618.0,0.09937307786437997,696.0,0.13287314595344446,702.0,0.0029529007813587707,896.0,0.0,701.5,-6.0,352.5,-612.0,753.0,0.00014747360346131918,639.0,669.75,12.5
TF:WPT_adaa_entropy,1,2.672229051589966,198.0,0.023582415315930236,936.0,0.0,969.5,0.024049161399997684,761.0,0.0,701.5,-8.0,552.5,-531.0,672.0,0.00015637810352010494,588.0,672.3125,12.5
TF:lbp_b23,1,9.01509736195294e-07,854.0,0.13315602180205532,569.0,0.12045080659376906,717.0,0.013806507172807127,817.0,0.0,701.5,-3.0,52.5,-702.0,843.0,9.899938529596357e-05,836.0,673.75,12.5
TF:WPT_aaaa_mean,1,0.0031069430988281965,577.0,0.03978196243150934,866.0,0.09418060393432048,774.0,0.06278595314001087,581.0,0.0,701.5,-5.0,252.5,-772.0,913.0,0.00012614466365019737,733.0,674.75,12.5
TIME:hist_b6,1,0.005068341735750437,554.0,0.04872163679396143,841.0,0.03345451321423143,872.0,0.05005839154333842,635.0,0.0,701.5,-7.0,452.5,-659.0,800.0,0.00016601881302814116,552.0,676.0,12.5
TF:WPT_ddda_tk_max,1,0.0012940517626702785,624.0,0.08334639609500923,743.0,0.19718515855666752,626.0,0.03883442830443824,695.0,0.0,701.5,-8.0,552.5,-744.0,885.0,0.00015398100884541797,600.0,678.375,12.5
TF:lbp_b16,1,1.7212281591127976e-06,838.0,0.11931768314927066,627.0,0.1446335226923079,690.0,0.009539632638787663,848.0,0.0,701.5,-6.0,352.5,-675.0,816.0,0.0001589597776029263,576.0,681.125,12.5
TF:WPT_ddad_entropy,1,0.6508022546768188,252.0,0.03572911276061325,887.0,0.0,969.5,0.02937424803256813,737.0,0.0,701.5,-10.0,752.5,-391.0,532.0,0.00014715657807563682,641.0,684.0625,12.5
TF:WPT_adad_mean,1,5.570279245148413e-05,759.0,0.03747026587605093,880.0,0.09840569984110958,768.0,0.04420435235392176,666.0,0.0,701.5,-7.0,452.5,-517.0,658.0,0.00015608573815735824,591.0,684.5,12.5
TF:WPT_dadd_zcr,1,0.000494167790748179,678.0,0.05664356358758173,823.0,0.00911209354589726,917.0,0.0002965464904694597,915.0,0.0,701.5,-4.0,152.5,-624.0,765.0,0.00016772830069089584,541.0,686.625,12.5
TF:mod8_entropy,1,0.005276016891002655,551.0,0.038446826397277194,874.0,0.05100627465146168,839.0,-0.005144061606109917,975.0,0.0,701.5,-3.0,52.5,-559.0,700.5,0.00010958009831228094,806.0,687.4375,12.5
TF:WPT_daaa_range,1,0.0012943907640874386,622.5,0.11106472805828169,656.5,0.08391918368874673,794.5,0.05670855117546607,602.5,0.0,701.5,-8.0,552.5,-743.0,884.0,0.0001358477806432815,700.0,689.25,12.5
TF:DWT_L4_zcr,1,0.00019694164802785963,727.0,0.06659483306024226,793.0,0.05118767429188509,838.0,-0.01182645968530457,993.0,0.0,701.5,-4.0,152.5,-465.0,606.5,0.00013339175366107174,710.0,690.1875,12.5
TIME:median,1,0.002338490216061473,590.0,0.06716105861333638,792.0,0.1113379549539486,735.0,0.0035995087597803753,891.0,0.0,701.5,-7.0,452.5,-628.0,769.5,0.0001522250059329589,606.0,692.1875,12.5
TIME:hist_b3,1,0.003295512869954109,576.0,0.08060559062964097,757.0,0.07903061030015435,803.0,0.0070940398649017,869.0,0.0,701.5,-6.0,352.5,-637.0,778.0,0.0001349893829272784,705.0,692.75,12.5
TF:WPT_daaa_p2p,1,0.0012943907640874386,622.5,0.11106472805828169,656.5,0.08391918368874673,794.5,0.05670855117546607,602.5,0.0,701.5,-8.0,552.5,-751.0,892.0,0.00012472851185127694,739.0,695.125,12.5
TIME:hist_b5,1,0.00435339892283082,560.0,0.04039608858671098,865.0,0.0363457621161416,866.0,0.04596021049031494,656.0,0.0,701.5,-7.0,452.5,-714.0,855.0,0.00014634509983469944,645.0,700.125,12.5
TF:DWT_L6_median,1,2.1546629369595394e-08,906.0,0.03398031392164429,899.0,0.08853556051511635,784.0,0.027327093710512205,748.0,0.0,701.5,-4.0,152.5,-695.0,836.0,0.00015418336495457504,599.0,703.25,12.5
TF:WPT_ddaa_min,1,0.0012103831395506859,628.0,0.08591195006486767,739.0,0.08679206377897097,788.0,0.028829540065086524,739.0,0.0,701.5,-7.0,452.5,-682.0,823.0,0.00011667827325652389,778.0,706.125,12.5
TF:hog_b1,1,1.68795304489322e-05,787.0,0.06592777775312837,797.0,0.020202283459316295,903.0,0.031432905341236494,726.0,0.0,701.5,-4.0,152.5,-590.0,731.0,8.598317621885433e-05,867.0,708.125,12.5
TF:DWT_L3_median,1,0.007688995450735092,513.5,0.024092104812274643,933.5,0.06121249156153308,822.5,0.023160212863597002,771.5,0.0,701.5,-6.0,352.5,-716.0,857.0,0.0001219012017764139,751.0,712.875,12.5
TF:WPT_aaad_median,1,0.007688995450735092,513.5,0.024092104812274643,933.5,0.06121249156153308,822.5,0.023160212863597002,771.5,0.0,701.5,-6.0,352.5,-671.0,812.0,0.00011211260424577198,796.0,712.875,12.5
SPAT:st_vel_mean,1,0.006874008569866419,521.0,0.029216045531440322,916.0,0.0711840756252613,812.5,-0.00750230939355933,982.0,0.0,701.5,-4.0,152.5,-712.0,853.0,0.00011936514550974361,766.0,713.0625,12.5
TIME:hist_b14,1,2.2666539734927937e-05,781.0,0.06957874110381598,788.0,0.031628552649707764,879.0,0.020021036376287077,785.0,0.0,701.5,-4.0,152.5,-764.0,905.0,0.00013063848178526785,717.0,713.625,12.5
TF:stft_min,1,3.4844099068545885e-39,959.0,3.6679841812576462e-09,958.0,0.0,969.5,0.00930719123781302,851.0,0.0,701.5,-4.0,152.5,-459.0,600.5,0.00017328938099105384,519.0,713.875,12.5
TIME:hist_b15,1,3.0181536203599535e-06,827.0,0.1001434506939236,692.0,0.08399209507216865,793.0,0.011910412067696823,832.0,0.0,701.5,-5.0,252.5,-801.0,942.0,0.00014149151122628574,674.0,714.25,12.5
TF:WPT_daaa_min,1,0.0008189420914277434,656.0,0.06385101516400318,802.0,0.12306745704070021,714.0,0.03618160206124048,705.0,0.0,701.5,-10.0,752.5,-640.0,781.0,0.0001531722106846782,604.0,714.5,12.5
TF:hog_b4,1,8.657500984554645e-06,806.0,0.0369597238428326,882.0,0.0,969.5,0.0037778567442294203,889.0,0.0,701.5,-4.0,152.5,-667.0,808.5,0.00017490963851403242,513.0,715.25,12.5
TF:DWT_L6_mean,1,2.5117704791077777e-11,936.0,0.024113547086249937,932.0,0.15012079447772653,684.0,0.050103721848478784,634.0,0.0,701.5,-5.0,252.5,-624.0,765.0,9.007436661270373e-05,854.0,719.875,12.5
FREQ:cepstral_2,1,0.010051173157989979,503.0,0.030094762270483313,910.0,0.0,969.5,0.008611306390002741,855.0,0.0,701.5,-4.0,152.5,-728.0,869.0,0.00010806904050115209,812.0,721.5625,12.5
TF:lbp_b9,1,3.855270733765792e-07,877.0,0.07974471597235626,758.0,0.08898033986294607,782.0,0.007769360754816675,865.0,0.0,701.5,-4.0,152.5,-671.0,812.0,9.887107486173843e-05,837.0,723.125,12.5
TF:lbp_b13,1,1.5649054319055722e-07,888.0,0.06611204951419639,796.0,0.04405401437958156,849.0,-0.012358089186230504,994.0,0.0,701.5,-3.0,52.5,-651.0,792.0,0.00012339757256568814,745.0,727.25,12.5
SPAT:st_mean,1,1.0676132563304981e-35,957.0,8.998419828519075e-08,954.0,0.00014052239448059112,935.0,0.01232259837720398,830.0,0.0,701.5,-4.0,152.5,-507.0,648.0,0.00014082081487361083,675.0,731.625,12.5
TF:lbp_b17,1,2.6902338845502527e-07,882.0,0.07502194417477223,773.0,0.031917600578788896,878.0,0.013050529625474618,823.0,0.0,701.5,-5.0,252.5,-778.0,919.0,0.0001483673673842977,630.0,732.375,12.5
TF:WPT_dadd_median,1,1.0184314760408597e-06,850.0,0.03942499447436938,869.0,0.08334963138424678,797.0,0.02084998468023488,783.0,0.0,701.5,-4.0,152.5,-790.0,931.5,9.536098763183609e-05,844.0,741.0625,12.5
TF:hog_b3,1,7.996580279723275e-06,808.0,0.03799023296400241,877.0,0.0025869804794402818,929.0,-0.010916524930236126,988.0,0.0,701.5,-4.0,152.5,-495.0,636.0,9.070754018820616e-05,853.0,743.125,12.5
TF:lbp_b21,1,1.9344657431474843e-08,907.0,0.057497585197802875,821.0,0.0062452133338082305,921.0,0.00031272997507037306,914.0,0.0,701.5,-3.0,52.5,-807.0,948.0,0.00013870886318968862,682.0,743.375,12.5
FREQ:hist_b21,1,0.004607383627444506,559.0,0.05773936857442176,820.0,0.03249223337423368,875.0,0.003248124110844246,893.0,0.0,701.5,-5.0,252.5,-811.0,952.0,3.831687434203448e-05,942.0,749.375,12.5
FREQ:psd_min,1,0.0,981.0,5.226149001392042e-24,960.0,0.0,969.5,0.00821072271189037,862.0,0.0,701.5,-5.0,252.5,-705.0,846.5,0.00017338475731154418,518.0,761.375,12.5
TF:lbp_b4,1,4.3693955120716055e-08,901.0,0.06256926776783032,808.0,0.06273730541029776,821.0,0.008998213266438267,853.0,0.0,701.5,-6.0,352.5,-806.0,947.0,0.00013411589482042175,707.0,761.375,12.5
TF:WPT_ddaa_zcr,1,0.00027176758158020675,718.0,0.030659225595809317,908.0,0.0,969.5,-0.010917067799609076,989.0,0.0,701.5,-4.0,152.5,-803.0,944.5,0.00012752630075694155,726.0,763.625,12.5
TF:DWT_L5_skew,1,0.033776458352804184,449.0,0.046615130309174406,848.0,0.0,969.5,0.0045492518242071355,881.0,0.0,701.5,-9.0,652.5,-705.0,846.5,0.00011509875662996356,782.0,766.25,12.5
TF:lbp_b5,1,2.7432376370484235e-08,905.0,0.060772963979544396,810.0,0.0,969.5,0.009247871615632668,852.0,0.0,701.5,-5.0,252.5,-788.0,929.0,0.00012683813186045506,728.0,768.4375,12.5
TF:WPT_adaa_zcr,1,0.0002569541975390166,719.0,0.051509306467357026,837.0,0.0,969.5,-0.007826618021330682,985.0,0.0,701.5,-4.0,152.5,-750.0,891.0,7.636367830447105e-05,896.0,768.9375,12.5
TF:WPT_daad_median,1,4.312220482916018e-07,874.0,0.025392652800350166,930.0,0.06749344977363636,817.0,0.04160054384959238,682.0,0.0,701.5,-8.0,552.5,-608.0,749.5,7.95748820657606e-05,889.0,774.4375,12.5
TF:hog_b12,1,7.1440640567743685e-06,814.0,0.028001921889493648,921.0,0.0,969.5,-0.005620711019493417,977.0,0.0,701.5,-5.0,252.5,-671.0,812.0,0.00011979646066938867,762.0,776.1875,12.5
TIME:mean,1,3.344786064140796e-34,956.0,7.086065024975336e-07,953.0,0.0028515442970236116,928.0,-0.005755591256033223,978.0,0.0,701.5,-3.0,52.5,-766.0,907.0,0.00011961081937026074,764.0,780.0,12.5
FREQ:mag_min,1,5.616908816001275e-27,949.0,0.002545447187727424,947.0,0.003654544404222193,927.0,0.0010891346052769883,905.0,0.0,701.5,-5.0,252.5,-730.0,871.5,0.00012640787015208245,731.0,785.5625,12.5
TF:lbp_b20,1,1.6388606027817332e-08,911.0,0.0580669043663372,818.0,0.004749705757246758,923.0,-0.002780077394625621,969.0,0.0,701.5,-4.0,152.5,-805.0,946.0,4.593514011453444e-05,937.0,794.75,12.5
FREQ:pow_mean,1,3.6841723005665017e-09,918.0,0.04898489610144173,839.0,0.0,969.5,-0.002814569536423839,970.0,0.0,701.5,-4.0,152.5,-815.0,956.0,1.2632821765759172e-05,955.0,807.6875,12.5
FREQ:hist_b19,1,2.212218852548631e-09,920.0,0.02657570651602945,925.0,0.0,969.5,0.0011037527593818985,904.0,0.0,701.5,-5.0,252.5,-814.0,955.0,3.178537599687306e-06,956.0,822.9375,12.5
TIME:log_energy,1,6.148184183984995e-10,927.0,3.3625670812842105e-08,956.0,0.0025334661342615306,930.0,0.0,939.0,399.0,2.0,-12.0,952.5,-838.0,979.5,0.0,979.5,833.1875,12.5
TIME:sem,1,1.3877787807814457e-15,944.0,4.92466915732687e-11,959.0,0.0,969.5,0.0,939.0,398.0,3.0,-12.0,952.5,-838.0,979.5,0.0,979.5,840.75,12.5
TF:WPT_ddaa_range,0,0.002751466818153858,583.5,0.1313068368885677,576.5,0.1148973735081742,731.5,0.07110860847435005,547.5,0.0,701.5,-9.0,652.5,-550.0,691.0,0.0001222929337239181,749.0,654.125,0.0
TF:WPT_ddaa_std,0,7.530051334470045e-06,811.0,0.13781221339327754,551.0,0.15873502608013546,667.0,0.07475589572103884,534.0,0.0,701.5,-9.0,652.5,-635.0,776.0,0.0001614994849678697,566.0,657.375,0.0
TF:WPT_ddaa_energy,0,0.00025224985438399017,720.0,0.10732886954933372,665.0,0.15850967478978895,669.0,0.04359774893775893,671.0,0.0,701.5,-9.0,652.5,-363.0,504.5,0.00012930464930231846,718.0,662.6875,0.0
TF:WPT_ddaa_p2p,0,0.002751466818153858,583.5,0.1313068368885677,576.5,0.1148973735081742,731.5,0.07110860847435005,547.5,0.0,701.5,-9.0,652.5,-533.0,674.0,9.927910879714336e-05,835.0,662.75,0.0
TF:WPT_ddaa_rms,0,7.574734354420798e-06,809.0,0.13776333089446896,552.0,0.1582632907456376,670.0,0.07492821831254728,532.0,0.0,701.5,-9.0,652.5,-510.0,651.5,0.00012025087898143193,761.0,666.1875,0.0
TF:WPT_ddaa_tk_max,0,6.584040966117755e-05,756.0,0.10294456460983849,685.0,0.12999389159408992,707.0,0.04327072076184028,674.0,0.0,701.5,-9.0,652.5,-484.0,625.5,0.00015856083868833712,579.0,672.5625,0.0
TF:WPT_ddaa_var,0,9.293855129932638e-10,924.0,0.10736212019306625,664.0,0.15918710018029358,663.0,0.043599394954905044,670.0,0.0,701.5,-9.0,652.5,-593.0,734.5,0.00017229856330518685,524.0,691.6875,0.0
TF:WPT_ddaa_rel_energy,0,3.131570306888487e-12,940.0,0.10899900730547202,662.0,0.15600011141205394,671.0,0.04756609662100627,649.0,0.0,701.5,-10.0,752.5,-552.0,693.0,0.00017458685332268404,516.0,698.125,0.0
TIME:hist_b4,0,0.003946152050048113,570.0,0.06404439925410885,800.0,0.04605677370747818,848.0,0.03427619406668546,716.0,0.0,701.5,-8.0,552.5,-483.0,624.0,0.00010205136420896579,828.0,705.0,0.0
TF:WPT_adaa_tk_mean,0,3.4761937968141865e-06,825.0,0.13001435380485726,579.0,0.23427802732408365,581.0,0.0560100772061402,610.0,0.0,701.5,-11.0,852.5,-513.0,654.0,7.850982942520612e-05,892.0,711.875,0.0
TF:WPT_ddaa_max,0,0.0016798852011561394,608.0,0.09701889127986213,704.0,0.10319540503884506,758.0,0.03290135801577722,720.0,0.0,701.5,-8.0,552.5,-730.0,871.5,0.00010589617053624875,822.0,717.1875,0.0
TF:lbp_b15,0,5.201523435971467e-06,819.0,0.09103403256848738,719.0,0.10902149378960191,745.0,0.035051959443466625,711.0,0.0,701.5,-8.0,552.5,-565.0,706.0,0.00011155774900391713,798.0,719.0,0.0
TF:WPT_ddaa_tk_std,0,2.4895598471630365e-07,883.0,0.10303708284147861,684.0,0.11105053579137314,737.0,0.04297134177724893,677.0,0.0,701.5,-9.0,652.5,-669.0,810.0,8.589578892758017e-05,868.0,751.625,0.0
TF:WPT_adaa_mean,0,1.0146345630346332e-05,801.0,0.02259658474901882,937.0,0.09850019104697516,767.0,0.05022204918828057,633.0,0.0,701.5,-10.0,752.5,-710.0,851.0,0.00014823026505342513,632.0,759.375,0.0
FREQ:spec_flatness,0,0.0011291909031569958,630.0,0.054008089025805166,833.0,0.06792492107486625,815.0,0.013915188673080678,816.0,0.0,701.5,-9.0,652.5,-787.0,928.0,0.00011475706750511708,787.0,770.375,0.0
TF:WPT_ddaa_mean,0,1.0387476834239351e-07,897.0,0.020149993790332346,940.0,0.09434631154889761,773.0,0.051031749798775436,626.0,0.0,701.5,-8.0,552.5,-781.0,922.0,8.161296849179142e-05,883.0,786.875,0.0
TF:DWT_L5_mean,0,1.4275440207711654e-07,891.0,0.02243719999298044,938.0,0.03245070547720985,876.0,0.04526930856958337,660.0,0.0,701.5,-8.0,552.5,-725.0,866.0,8.890722740316647e-05,859.0,793.0,0.0
FREQ:hist_b20,0,0.00032348508830182254,711.0,0.03920161141653711,870.0,0.020768578943282545,901.0,-0.0034118007258764427,971.0,0.0,701.5,-9.0,652.5,-813.0,954.0,1.267404161821232e-05,954.0,839.375,0.0
FREQ:hist_b18,0,1.3122369857399008e-10,931.0,0.02925311414456771,914.0,0.0024625550097838733,931.0,-0.0006346578366445911,963.0,0.0,701.5,-9.0,652.5,-838.0,979.5,0.0,979.5,881.5,0.0
SPAT:sp_width,0,0.0,981.0,0.0,981.5,0.10076275991823858,763.0,0.0,939.0,0.0,701.5,-12.0,952.5,-838.0,979.5,0.0,979.5,909.6875,0.0
TIME:rms,0,0.0,981.0,0.0,981.5,0.08608619457000977,791.0,0.0,939.0,0.0,701.5,-12.0,952.5,-838.0,979.5,0.0,979.5,913.1875,0.0
FREQ:hist_b8,0,0.0,981.0,0.0,981.5,0.07166476604434235,811.0,0.0,939.0,0.0,701.5,-12.0,952.5,-838.0,979.5,0.0,979.5,915.6875,0.0
SPAT:sp_active_frac,0,0.0,981.0,0.0,981.5,0.056287964987704164,829.0,0.0,939.0,0.0,701.5,-12.0,952.5,-838.0,979.5,0.0,979.5,917.9375,0.0
SPAT:sp_spread,0,1.3096723705530167e-10,932.0,1.2440927343553895e-08,957.0,0.01086874277238925,914.0,0.0,939.0,0.0,701.5,-12.0,952.5,-838.0,979.5,0.0,979.5,919.375,0.0
SPAT:sp_cluster_mean,0,0.0,981.0,0.0,981.5,0.04619660223604516,847.0,0.0,939.0,0.0,701.5,-12.0,952.5,-838.0,979.5,0.0,979.5,920.1875,0.0
TIME:mean_power,0,0.0,981.0,0.0,981.5,0.04226577636343842,855.0,0.0,939.0,0.0,701.5,-12.0,952.5,-838.0,979.5,0.0,979.5,921.1875,0.0
FREQ:hist_b15,0,0.0,981.0,0.0,981.5,0.03586810408068075,867.0,0.0,939.0,0.0,701.5,-12.0,952.5,-838.0,979.5,0.0,979.5,922.6875,0.0
FREQ:hist_b16,0,0.0,981.0,0.0,981.5,0.03549497571181659,868.0,0.0,939.0,0.0,701.5,-12.0,952.5,-838.0,979.5,0.0,979.5,922.8125,0.0
FREQ:hist_b3,0,0.0,981.0,0.0,981.5,0.03413231990108967,870.0,0.0,939.0,0.0,701.5,-12.0,952.5,-838.0,979.5,0.0,979.5,923.0625,0.0
TIME:zero_frac,0,0.0,981.0,0.0,981.5,0.031079591062259215,880.0,0.0,939.0,0.0,701.5,-12.0,952.5,-838.0,979.5,0.0,979.5,924.3125,0.0
SPAT:st_std,0,0.0,981.0,0.0,981.5,0.029764505972808664,884.0,0.0,939.0,0.0,701.5,-12.0,952.5,-838.0,979.5,0.0,979.5,924.8125,0.0
SPAT:sp_n_clusters,0,0.0,981.0,0.0,981.5,0.028369206375865375,886.0,0.0,939.0,0.0,701.5,-12.0,952.5,-838.0,979.5,0.0,979.5,925.0625,0.0
FREQ:hist_b12,0,0.0,981.0,0.0,981.5,0.02428928544293063,892.0,0.0,939.0,0.0,701.5,-12.0,952.5,-838.0,979.5,0.0,979.5,925.8125,0.0
SPAT:sp_cluster_std,0,0.0,981.0,0.0,981.5,0.019317771508140513,905.0,0.0,939.0,0.0,701.5,-12.0,952.5,-838.0,979.5,0.0,979.5,927.4375,0.0
SPAT:st_energy,0,0.0,981.0,0.0,981.5,0.01771360837784952,906.0,0.0,939.0,0.0,701.5,-12.0,952.5,-838.0,979.5,0.0,979.5,927.5625,0.0
FREQ:hist_b5,0,0.0,981.0,0.0,981.5,0.01589735958028715,908.0,0.0,939.0,0.0,701.5,-12.0,952.5,-838.0,979.5,0.0,979.5,927.8125,0.0
FREQ:hist_b14,0,0.0,981.0,0.0,981.5,0.014817218968303347,910.0,0.0,939.0,0.0,701.5,-12.0,952.5,-838.0,979.5,0.0,979.5,928.0625,0.0
SPAT:sp_flatness,0,0.0,981.0,0.0,981.5,0.013465326154810775,911.0,0.0,939.0,0.0,701.5,-12.0,952.5,-838.0,979.5,0.0,979.5,928.1875,0.0
SPAT:sp_entropy,0,0.0,981.0,0.0,981.5,0.009701805112986683,916.0,0.0,939.0,0.0,701.5,-12.0,952.5,-838.0,979.5,0.0,979.5,928.8125,0.0
FREQ:hist_b6,0,0.0,981.0,0.0,981.5,0.00781205244920935,918.0,0.0,939.0,0.0,701.5,-12.0,952.5,-838.0,979.5,0.0,979.5,929.0625,0.0
SPAT:sp_active50,0,0.0,981.0,0.0,981.5,0.007028254014998403,919.0,0.0,939.0,0.0,701.5,-12.0,952.5,-838.0,979.5,0.0,979.5,929.1875,0.0
SPAT:sp_centroid,0,0.0,981.0,0.0,981.5,0.001799193175437086,933.0,0.0,939.0,0.0,701.5,-12.0,952.5,-838.0,979.5,0.0,979.5,930.9375,0.0
SPAT:sp_top3_frac,0,0.0,981.0,0.0,981.5,4.46887730354284e-05,936.0,0.0,939.0,0.0,701.5,-12.0,952.5,-838.0,979.5,0.0,979.5,931.3125,0.0
TIME:std,0,0.0,981.0,0.0,981.5,0.0,969.5,0.0,939.0,0.0,701.5,-12.0,952.5,-838.0,979.5,0.0,979.5,935.5,0.0
TIME:var,0,0.0,981.0,0.0,981.5,0.0,969.5,0.0,939.0,0.0,701.5,-12.0,952.5,-838.0,979.5,0.0,979.5,935.5,0.0
TIME:energy,0,0.0,981.0,0.0,981.5,0.0,969.5,0.0,939.0,0.0,701.5,-12.0,952.5,-838.0,979.5,0.0,979.5,935.5,0.0
TIME:hjorth_activity,0,0.0,981.0,0.0,981.5,0.0,969.5,0.0,939.0,0.0,701.5,-12.0,952.5,-838.0,979.5,0.0,979.5,935.5,0.0
FREQ:hist_b0,0,0.0,981.0,0.0,981.5,0.0,969.5,0.0,939.0,0.0,701.5,-12.0,952.5,-838.0,979.5,0.0,979.5,935.5,0.0
FREQ:hist_b1,0,0.0,981.0,0.0,981.5,0.0,969.5,0.0,939.0,0.0,701.5,-12.0,952.5,-838.0,979.5,0.0,979.5,935.5,0.0
FREQ:hist_b2,0,0.0,981.0,0.0,981.5,0.0,969.5,0.0,939.0,0.0,701.5,-12.0,952.5,-838.0,979.5,0.0,979.5,935.5,0.0
FREQ:hist_b4,0,0.0,981.0,0.0,981.5,0.0,969.5,0.0,939.0,0.0,701.5,-12.0,952.5,-838.0,979.5,0.0,979.5,935.5,0.0
FREQ:hist_b7,0,0.0,981.0,0.0,981.5,0.0,969.5,0.0,939.0,0.0,701.5,-12.0,952.5,-838.0,979.5,0.0,979.5,935.5,0.0
FREQ:hist_b9,0,0.0,981.0,0.0,981.5,0.0,969.5,0.0,939.0,0.0,701.5,-12.0,952.5,-838.0,979.5,0.0,979.5,935.5,0.0
FREQ:hist_b10,0,0.0,981.0,0.0,981.5,0.0,969.5,0.0,939.0,0.0,701.5,-12.0,952.5,-838.0,979.5,0.0,979.5,935.5,0.0
FREQ:hist_b11,0,0.0,981.0,0.0,981.5,0.0,969.5,0.0,939.0,0.0,701.5,-12.0,952.5,-838.0,979.5,0.0,979.5,935.5,0.0
FREQ:hist_b13,0,0.0,981.0,0.0,981.5,0.0,969.5,0.0,939.0,0.0,701.5,-12.0,952.5,-838.0,979.5,0.0,979.5,935.5,0.0
FREQ:hist_b17,0,0.0,981.0,0.0,981.5,0.0,969.5,0.0,939.0,0.0,701.5,-12.0,952.5,-838.0,979.5,0.0,979.5,935.5,0.0
SPAT:sp_active10,0,0.0,981.0,0.0,981.5,0.0,969.5,0.0,939.0,0.0,701.5,-12.0,952.5,-838.0,979.5,0.0,979.5,935.5,0.0
SPAT:sp_max_frac,0,0.0,981.0,0.0,981.5,0.0,969.5,0.0,939.0,0.0,701.5,-12.0,952.5,-838.0,979.5,0.0,979.5,935.5,0.0
SPAT:sp_smoothness,0,0.0,981.0,0.0,981.5,0.0,969.5,0.0,939.0,0.0,701.5,-12.0,952.5,-838.0,979.5,0.0,979.5,935.5,0.0
SPAT:sp_cluster_max,0,0.0,981.0,0.0,981.5,0.0,969.5,0.0,939.0,0.0,701.5,-12.0,952.5,-838.0,979.5,0.0,979.5,935.5,0.0
SPAT:sp_coverage,0,0.0,981.0,0.0,981.5,0.0,969.5,0.0,939.0,0.0,701.5,-12.0,952.5,-838.0,979.5,0.0,979.5,935.5,0.0
