feature,votes,score_variance,rank_variance,score_pearson,rank_pearson,score_mutual_info,rank_mutual_info,score_relieff,rank_relieff,score_mrmr,rank_mrmr,score_rfe,rank_rfe,score_boruta,rank_boruta,score_shap,rank_shap,avg_rank,selection_pct
SPAT:st_grad_c_energy,8,355649280.0,11.0,0.27635687205657655,95.0,0.4824639565557929,112.0,0.3165318080093591,23.0,392.0,9.0,-3.0,52.5,-1.0,161.5,0.004823901882151686,6.0,58.75,100.0
TF:mod3_centroid,8,2.9796054363250732,198.0,0.3267074997399695,5.0,0.5173358439981164,81.0,0.27924801046386766,71.0,375.0,26.0,-3.0,52.5,-1.0,161.5,0.004544925101897289,9.0,75.5,100.0
TF:mod2_centroid,8,2.9960620403289795,197.0,0.3230863532115481,6.0,0.4917137322075571,102.0,0.2837411978975082,64.0,366.0,35.0,-3.0,52.5,-1.0,161.5,0.004718305867247014,7.0,78.125,100.0
TF:mod4_centroid,8,2.710521697998047,204.0,0.3226267265044276,7.0,0.46352520318664814,127.0,0.3024949113250132,40.0,369.0,32.0,-3.0,52.5,-1.0,161.5,0.00407648025148169,12.0,79.5,100.0
TIME:burst_rate,8,10845.9326171875,52.0,0.2951594148194117,49.0,0.5777273568783365,55.0,0.32663939249586676,13.5,343.0,58.0,-5.0,252.5,-1.0,161.5,0.0017905900998999628,57.0,87.3125,100.0
SPAT:st_skew,8,0.044724613428115845,475.0,0.3174862270431801,11.0,0.7330193820639135,16.0,0.40676275883018537,1.0,374.0,27.0,-1.0,1.0,-1.0,161.5,0.0035304136719813673,16.0,88.5625,100.0
TF:mod6_centroid,8,2.848132848739624,200.0,0.3138913534630061,15.0,0.4453132510216422,144.0,0.2693729530650287,80.0,358.0,43.0,-3.0,52.5,-1.0,161.5,0.002116888937130047,47.0,92.875,100.0
TF:DWT_L2_entropy,8,0.47138988971710205,305.0,0.30804454823761473,22.0,0.7362230997488584,14.0,0.30816074960905976,31.0,371.0,30.0,-4.0,152.5,-1.0,161.5,0.0024797960356896984,34.0,93.75,100.0
TF:mod5_centroid,8,2.753760814666748,203.0,0.3114883933236478,19.0,0.4328917639625369,165.0,0.26067135525046253,102.0,351.0,50.0,-3.0,52.5,-1.0,161.5,0.002365685813355846,37.0,98.75,100.0
TF:WPT_aadd_entropy,8,0.6991099119186401,268.0,0.3062683209709183,27.0,0.7440508008804201,13.0,0.31206545337040126,25.0,328.0,73.0,-5.0,252.5,-1.0,161.5,0.0033676186258838428,18.0,104.75,100.0
TIME:burst_count,8,7278.57568359375,54.0,0.29515955342543976,48.0,0.5700991953324097,61.0,0.32663939249586676,13.5,338.0,63.0,-5.0,252.5,-1.0,161.5,0.00048060467723243016,198.0,106.4375,100.0
TF:Et_min,8,0.032340146601200104,495.0,0.34423320006624536,2.0,0.6959643600570247,27.0,0.3997102707877191,2.0,383.0,18.0,-4.0,152.5,-1.0,161.5,0.0037263886387253827,14.0,109.0,100.0
TF:WPT_dada_entropy,8,0.7603344917297363,258.0,0.30698620971118507,24.0,0.7317700344177702,18.0,0.32022470025996025,20.0,306.0,95.0,-4.0,152.5,-1.0,161.5,0.0005657272037427256,174.0,112.875,100.0
SPAT:st_burstiness,8,0.06208940967917442,456.0,0.27180687413133714,111.0,0.8085270175770445,5.0,0.33002837875080065,12.0,378.0,23.0,-4.0,152.5,-1.0,161.5,0.004392024112941025,10.0,116.375,100.0
TF:tf_ridge_density,8,0.03773128613829613,481.0,0.3049246292505768,33.0,0.618568173867136,47.0,0.2811862402271024,68.0,391.0,10.0,-4.0,152.5,-1.0,161.5,0.006035545542152555,3.0,119.5,100.0
TF:mod9_centroid,8,2.3800694942474365,215.0,0.3064650862250696,26.0,0.41614936584875073,195.0,0.23633911760509732,184.0,347.0,54.0,-3.0,52.5,-1.0,161.5,0.0014032090855638465,81.0,121.125,100.0
SPAT:st_kurt,8,2.389956474304199,214.0,0.25442841449268716,160.0,0.7286690876769599,21.0,0.21357880952636654,229.0,370.0,31.0,-4.0,152.5,-1.0,161.5,0.007390119425338634,1.0,121.25,100.0
SPAT:st_entropy,8,0.03528370335698128,487.0,0.2703681314204141,116.0,0.8748146902820275,1.0,0.2933895673968845,55.0,394.0,7.0,-4.0,152.5,-1.0,161.5,0.0069252597258872865,2.0,122.75,100.0
TIME:p99,8,0.20197440683841705,366.0,0.2911935738364626,56.0,0.5053414333717212,90.0,0.34109180253440907,8.0,318.0,83.0,-4.0,152.5,-1.0,161.5,0.001248968787090217,89.0,125.75,100.0
TF:DWT_L3_entropy,8,0.5815415978431702,290.5,0.30508554107381464,31.5,0.6730412252279803,31.5,0.2987344204361297,43.5,337.0,64.0,-6.0,352.5,-1.0,161.5,0.002060664108965335,50.0,128.125,100.0
TF:DWT_L4_entropy,8,0.6435255408287048,277.0,0.31340297506164555,16.0,0.8095833390692617,4.0,0.32185033380809097,18.0,341.0,60.0,-7.0,452.5,-1.0,161.5,0.0016119663551171248,65.0,131.75,100.0
TF:mod1_centroid,8,2.3547253608703613,218.0,0.31398108360964777,14.0,0.4000043350104754,225.0,0.27715635940975664,72.0,326.0,75.0,-4.0,152.5,-1.0,161.5,0.0007324151436960953,139.0,132.125,100.0
TF:mod7_centroid,8,2.630747079849243,207.0,0.30566527599503096,29.0,0.3726841596022328,267.0,0.25163374149980056,129.0,344.0,57.0,-4.0,152.5,-1.0,161.5,0.001269239214640639,86.0,136.125,100.0
TF:WPT_aaad_entropy,8,0.5815415978431702,290.5,0.30508554107381464,31.5,0.6730412252279803,31.5,0.2987344204361297,43.5,334.0,67.0,-6.0,352.5,-1.0,161.5,0.0008458239003551567,124.0,137.75,100.0
TF:WPT_adda_entropy,8,0.7414909601211548,263.0,0.3091067772429134,20.0,0.6846905200917535,29.0,0.30654669412698093,32.0,313.0,88.0,-7.0,452.5,-1.0,161.5,0.0014895245221442461,77.0,140.375,100.0
SPAT:sp_skew,8,0.28661808371543884,347.0,0.25258590101999895,172.0,0.4384538517258809,151.0,0.24667586632718116,153.0,362.0,39.0,-3.0,52.5,-1.0,161.5,0.0016403982629835205,64.0,142.5,100.0
SPAT:st_hist_contrast,8,0.5196675658226013,298.0,0.2636472745543423,133.0,0.41162406067589385,204.0,0.2557411769313298,118.0,311.0,90.0,-3.0,52.5,-1.0,161.5,0.0012558758992999893,88.0,143.125,100.0
TF:DWT_L3_iqr,8,0.3623531758785248,321.5,0.287748586364534,66.5,0.4285022304628803,172.5,0.30389838199902414,36.5,283.0,118.0,-4.0,152.5,-1.0,161.5,0.0008503432513043971,123.0,144.0,100.0
TF:WPT_aaad_iqr,8,0.3623531758785248,321.5,0.287748586364534,66.5,0.4285022304628803,172.5,0.30389838199902414,36.5,281.0,120.0,-4.0,152.5,-1.0,161.5,0.0008139741351435488,129.0,145.0,100.0
TF:das_tonal_ratio,8,4.67364501953125,180.0,0.24366848866154092,235.0,0.3728964055178037,265.0,0.2854430750882081,62.0,323.0,78.0,-3.0,52.5,-1.0,161.5,0.0007875645840613222,132.0,145.75,100.0
TF:WPT_ddda_entropy,8,0.6759893298149109,271.0,0.3115220770437015,18.0,0.6059801804102101,52.0,0.2990321309406901,42.0,305.0,96.0,-7.0,452.5,-1.0,161.5,0.0013922158211161727,83.0,147.0,100.0
TIME:std_peak_amp,8,0.08564989268779755,430.0,0.2688043389511455,117.0,0.6519111139910705,36.0,0.2685447317167296,83.0,327.0,74.0,-5.0,252.5,-1.0,161.5,0.002702409837068832,26.0,147.5,100.0
TIME:skew,8,0.2890022099018097,346.0,0.26606161435699566,127.0,0.4756917558113378,114.0,0.3113022683890896,27.0,301.0,100.0,-5.0,252.5,-1.0,161.5,0.0017958964901047933,56.0,148.0,100.0
SPAT:st_hist_entropy,8,0.08844311535358429,422.0,0.27305269421964545,104.0,0.41809949449021744,186.0,0.26088645293876794,101.0,330.0,71.0,-3.0,52.5,-1.0,161.5,0.0009751356368148666,110.0,151.0,100.0
TIME:p1,8,0.1760862022638321,372.0,0.2538022850252327,165.0,0.5061978662776512,89.0,0.2806774674284232,69.0,329.0,72.0,-5.0,252.5,-1.0,161.5,0.002504626272140242,33.0,151.75,100.0
TF:Et_p25,8,0.045628949999809265,474.0,0.34520513399013214,1.0,0.6865248198970582,28.0,0.3438115530413074,6.0,379.0,22.0,-7.0,452.5,-1.0,161.5,0.0015624182367216248,71.0,152.0,100.0
TF:DWT_L2_range,8,28.838579177856445,119.5,0.27485116466138176,96.5,0.4831258592310088,110.5,0.20689691666163842,260.5,248.0,153.0,-4.0,152.5,-1.0,161.5,0.0005991009315187005,165.0,152.375,100.0
TF:mod4_entropy,8,0.03612689673900604,485.0,0.3060527846026849,28.0,0.4345987348399021,162.0,0.24058804839997977,171.0,335.0,66.0,-3.0,52.5,-1.0,161.5,0.0010938108733613483,102.0,153.5,100.0
SPAT:st_t_skew,8,9.209410667419434,159.0,0.24409525336007346,229.0,0.526960938002857,75.0,0.1934126873957122,286.0,196.0,205.0,-3.0,52.5,-1.0,161.5,0.001576488818333884,70.0,154.75,100.0
TF:Et_spread,8,11.685269355773926,139.0,0.27360338697504427,101.0,0.4862529489235041,106.0,0.20991775141658625,250.0,286.0,115.0,-5.0,252.5,-1.0,161.5,0.0006751371457908323,151.0,159.5,100.0
SPAT:sp_kurt,8,1.8577569723129272,227.0,0.2429300234491023,242.0,0.4073122937793685,211.0,0.18165303119973544,317.0,345.0,56.0,-3.0,52.5,-1.0,161.5,0.0031059065927668806,22.0,161.125,100.0
TF:DWT_L2_min,8,8.088495254516602,162.0,0.27969346691824626,84.0,0.39773223071049246,232.0,0.20198093403528186,274.0,232.0,169.0,-3.0,52.5,-1.0,161.5,0.0005765504632893694,171.0,163.25,100.0
TIME:mean_peak_amp,8,0.07062603533267975,449.0,0.2771213532279422,92.0,0.6532108065279911,34.0,0.2818880586184564,66.0,349.0,52.0,-6.0,352.5,-1.0,161.5,0.0010582778949924233,103.0,163.75,100.0
TF:DWT_L2_p2p,8,28.838579177856445,119.5,0.27485116466138176,96.5,0.4831258592310088,110.5,0.20689691666163842,260.5,243.0,158.0,-4.0,152.5,-1.0,161.5,0.0003464246219363176,258.0,164.625,100.0
TF:DWT_L3_mad,8,0.09052928537130356,419.5,0.2883277452944056,64.5,0.4367169633820418,157.5,0.30269458103355495,38.5,289.0,112.0,-4.0,152.5,-1.0,161.5,0.00039471862113764334,234.0,167.5,100.0
TF:DWT_L1_entropy,8,0.4268452525138855,311.0,0.2869232476422918,69.0,0.531174862774181,73.0,0.2507859424381942,132.0,274.0,127.0,-6.0,352.5,-1.0,161.5,0.0009366179849087527,115.0,167.625,100.0
TF:mod3_entropy,8,0.03985918313264847,477.0,0.3120731061557777,17.0,0.45821346066014,132.0,0.21072216374538483,245.0,340.0,61.0,-4.0,152.5,-1.0,161.5,0.0007417979655802548,137.0,172.875,100.0
TF:WPT_aaad_mad,8,0.09052928537130356,419.5,0.2883277452944056,64.5,0.4367169633820418,157.5,0.30269458103355495,38.5,288.0,113.0,-4.0,152.5,-1.0,161.5,0.00031384406731447314,278.0,173.125,100.0
SPAT:st_grad_t_energy,8,25530316.0,12.0,0.2252215419004183,342.0,0.36476032802075986,277.0,0.25060629032705084,133.0,261.0,140.0,-4.0,152.5,-1.0,161.5,0.0005266030306945538,187.0,175.625,100.0
TF:mod8_centroid,8,2.5298144817352295,211.0,0.296648709563973,45.0,0.27993400063994933,466.0,0.21506462641458443,224.0,320.0,81.0,-4.0,152.5,-1.0,161.5,0.0015140088000427513,74.0,176.875,100.0
TF:DWT_L2_iqr,8,0.6133034229278564,282.0,0.2668965767043055,122.0,0.40018013589163903,224.0,0.3056679115617078,33.0,236.0,165.0,-6.0,352.5,-1.0,161.5,0.000580077384355175,170.0,188.75,100.0
TF:WPT_aaaa_entropy,8,0.2637227475643158,349.0,0.2528727074269752,170.0,0.507678810087929,88.0,0.22304041684259057,209.0,255.0,146.0,-5.0,252.5,-1.0,161.5,0.0005459065249632616,180.0,194.5,100.0
TF:DWT_L2_mad,8,0.15466804802417755,385.0,0.2683918259622015,118.0,0.39285516107231944,236.0,0.31103096115881557,29.0,244.0,157.0,-6.0,352.5,-1.0,161.5,0.0008694901984988608,119.0,194.75,100.0
TF:mod5_entropy,8,0.03162042796611786,498.0,0.2932619105811934,53.0,0.33743413342671946,325.0,0.17880066378343548,332.0,316.0,85.0,-3.0,52.5,-1.0,161.5,0.0011344068469371095,100.0,200.875,100.0
TIME:hist_entropy,8,0.15750160813331604,380.0,0.24768544660489045,211.0,0.41440209374261094,198.0,0.22098863905749544,214.0,292.0,109.0,-4.0,152.5,-1.0,161.5,0.0005021108929258608,194.0,202.5,100.0
TIME:longest_run_above,8,765.4725341796875,65.0,0.27388094766750287,99.0,0.40077070343914567,223.0,0.21131147540983605,240.0,186.0,215.0,-3.0,52.5,-2.0,359.0,0.0001974949192462784,379.0,204.0625,100.0
TF:mod6_entropy,8,0.0335921049118042,492.0,0.28151089176505223,80.0,0.32416681542987424,349.0,0.17661068392046042,344.0,304.0,97.0,-3.0,52.5,-1.0,161.5,0.0015401242189479686,72.0,206.0,100.0
TIME:energy_spread,8,0.30746209621429443,339.0,0.27747635162086215,91.0,0.5304663550707502,74.0,0.20727420848070535,259.0,280.0,121.0,-7.0,452.5,-1.0,161.5,0.0005620787804381449,176.0,209.25,100.0
TF:flux_max,8,0.06054642051458359,458.0,0.294899413676744,50.0,0.5322533188221148,72.0,0.23916466806120187,176.0,257.0,144.0,-6.0,352.5,-1.0,161.5,0.0003005495315781634,287.0,212.625,100.0
TF:mod2_entropy,8,0.042772069573402405,476.0,0.308931484735323,21.0,0.3229408946093284,354.0,0.20212633791193743,273.0,324.0,77.0,-4.0,152.5,-1.0,161.5,0.0004715719778209423,201.0,214.5,100.0
TF:WPT_ddad_kurt,8,65.5925064086914,103.0,0.23047056217514092,321.0,0.5090277698871382,87.0,0.14878863712089313,483.0,3.0,398.0,-3.0,52.5,-1.0,161.5,0.0006648959149049101,153.0,219.875,100.0
TF:WPT_aaaa_mad,8,0.214886873960495,360.0,0.20721516912709573,422.0,0.3983227181062965,231.0,0.2658621635481729,85.0,226.0,175.0,-4.0,152.5,-1.0,161.5,0.00046552358829708457,204.0,223.875,100.0
TF:WPT_ddad_entropy,8,0.6630328297615051,274.0,0.26312878068241374,135.0,0.42908069787939773,171.0,0.2502738873729299,135.0,145.0,256.0,-7.0,452.5,-1.0,161.5,0.00035490148070630665,253.0,229.75,100.0
TF:DWT_L3_tk_std,8,9.957374572753906,154.5,0.21699063520978545,372.5,0.43168244311626003,167.5,0.20589342744928552,262.5,163.0,238.0,-4.0,152.5,-2.0,359.0,0.0006423451871815441,158.0,233.0625,100.0
TIME:env_skew,8,0.396167516708374,316.0,0.2514089722298441,181.0,0.39966567871943726,227.0,0.23349774673053642,190.0,224.0,177.0,-7.0,452.5,-1.0,161.5,0.0004420024853492082,212.0,239.625,100.0
TF:WPT_aaaa_iqr,8,0.8879379034042358,252.0,0.20534633542958466,431.0,0.32917708804415513,340.0,0.26383721875040794,91.0,197.0,204.0,-6.0,352.5,-1.0,161.5,0.0007608321116314421,134.0,245.75,100.0
TF:mod7_entropy,8,0.030582621693611145,501.0,0.26679651244938246,123.0,0.3249263031891423,347.0,0.1667561619670876,375.0,297.0,104.0,-5.0,252.5,-1.0,161.5,0.0007927141678665242,131.0,249.375,100.0
TF:WPT_aaad_abs_mean,8,0.07723880559206009,443.0,0.2365909545388322,289.0,0.3284931279014147,341.0,0.24864120427311764,140.0,139.0,262.0,-6.0,352.5,-1.0,161.5,0.0004195590726728954,224.0,276.625,100.0
TF:glcm_70_contrast_d4_a2,8,0.11843812465667725,397.0,0.2479449736533943,210.0,0.37467276507648073,260.0,0.21279737679885832,233.0,133.0,268.0,-6.0,352.5,-2.0,359.0,0.000479361631890079,199.0,284.8125,100.0
TF:glcm_65_contrast_d4_a1,8,1.2605321407318115,238.0,0.205086904314099,432.0,0.3423377309323681,314.0,0.1536202601771837,451.0,57.0,344.0,-5.0,252.5,-1.0,161.5,0.0005802672499129931,169.0,295.25,100.0
FREQ:bandP_6,8,1512234024960.0,9.0,0.2493959790652758,203.0,0.33366339832219927,336.0,0.16326235387345922,386.0,33.0,368.0,-6.0,352.5,-9.0,402.5,0.00017395718346090812,412.0,308.625,100.0
TF:glcm_40_contrast_d3_a0,8,1.2979981899261475,237.0,0.20187819519265768,443.0,0.34148517582021976,315.0,0.16489641330238405,381.0,43.0,358.0,-7.0,452.5,-1.0,161.5,0.0007866237621734358,133.0,310.125,100.0
TF:WPT_aaad_min,8,4.69685173034668,178.5,0.22898579988641765,330.5,0.3078837613898946,389.5,0.16872946483915519,368.5,138.0,263.0,-6.0,352.5,-13.0,406.0,0.00017314422447225572,414.0,337.8125,100.0
TF:DWT_L3_min,8,4.69685173034668,178.5,0.22898579988641765,330.5,0.3078837613898946,389.5,0.16872946483915519,368.5,144.0,257.0,-6.0,352.5,-67.0,460.5,0.00017893621022977544,406.0,342.875,100.0
SPAT:st_grad_c_mean,7,0.006990854628384113,591.0,0.2787346800954726,88.0,0.4962517584742523,95.0,0.3334320904561737,11.0,387.0,14.0,-3.0,52.5,-1.0,161.5,0.004616115473262443,8.0,127.625,87.5
SPAT:st_t_entropy,7,0.01599809341132641,547.0,0.26281891704843774,136.0,0.8228489272982462,3.0,0.3432144424247454,7.0,389.0,12.0,-4.0,152.5,-1.0,161.5,0.005173883603584376,5.0,128.0,87.5
TF:DWT_L5_entropy,7,0.6796324849128723,270.0,0.31886915682108485,10.0,0.7783167548380228,6.0,0.3116678696144246,26.0,325.0,76.0,-8.0,552.5,-1.0,161.5,0.004248798997912908,11.0,139.125,87.5
TF:flux_std,7,0.009092383086681366,579.0,0.3433266122690843,3.0,0.867608553426175,2.0,0.3660543768651334,4.0,386.0,15.0,-6.0,352.5,-1.0,161.5,0.003863151987146872,13.0,141.25,87.5
SPAT:st_edge_density_c,7,0.00016210346075240523,803.0,0.27201567574285274,110.0,0.7312035151971079,19.0,0.38609260380369,3.0,381.0,20.0,-3.0,52.5,-1.0,161.5,0.0055704892811398125,4.0,146.625,87.5
TIME:activity_factor,7,0.00136641226708889,689.0,0.2993837621069038,39.0,0.7586372831996115,8.0,0.2943290514618929,52.0,372.0,29.0,-4.0,152.5,-1.0,161.5,0.0016531139329657675,63.0,149.25,87.5
TIME:trimmed_mean10,7,0.0014348371187224984,688.0,0.25082276517335805,188.0,0.5442255077326563,66.0,0.3342006154945367,9.0,380.0,21.0,-3.0,52.5,-1.0,161.5,0.003141616502451829,21.0,150.875,87.5
TIME:p5,7,0.024666374549269676,518.0,0.25012779257252543,194.0,0.41708269819449306,190.0,0.29647152408537447,45.0,393.0,8.0,-3.0,52.5,-1.0,161.5,0.0022355091773192154,41.0,151.25,87.5
TF:tf_burstiness,7,0.21019020676612854,363.0,0.3216486441935574,8.0,0.7276064661395758,22.0,0.2878679166083353,59.0,359.0,42.0,-8.0,552.5,-1.0,161.5,0.0026539897746585875,28.0,154.5,87.5
TF:Et_entropy,7,0.2081078588962555,364.0,0.30547130408480894,30.0,0.7735303923960368,7.0,0.26510090303267414,87.0,382.0,19.0,-8.0,552.5,-1.0,161.5,0.0034042233942494873,17.0,154.75,87.5
TIME:median,7,0.00524269649758935,609.0,0.26182900228651934,140.0,0.47174933717292733,120.0,0.31908013964542714,21.0,384.0,17.0,-3.0,52.5,-1.0,161.5,0.0008174516019458911,127.0,156.0,87.5
TF:WPT_aada_entropy,7,0.7277316451072693,264.0,0.3070503356684194,23.0,0.7533251349763987,9.0,0.288865011881933,56.0,303.0,98.0,-8.0,552.5,-1.0,161.5,0.0010376957484406187,105.0,158.625,87.5
SPAT:st_active_dur_frac,7,0.0006352013442665339,731.0,0.283341968500006,74.0,0.4744989164703388,115.0,0.3012460068746255,41.0,342.0,59.0,-3.0,52.5,-1.0,161.5,0.001957191076456734,52.0,160.75,87.5
TF:WPT_dadd_entropy,7,0.5668373107910156,294.0,0.3143855722064137,13.0,0.7101706632158811,25.0,0.29586833725488076,48.0,302.0,99.0,-8.0,552.5,-1.0,161.5,0.0011769727629085697,94.0,160.875,87.5
TF:DWT_L6_entropy,7,0.6321291327476501,279.0,0.31590799024882615,12.0,0.7454909965796463,11.0,0.30856982498338914,30.0,308.0,93.0,-9.0,652.5,-1.0,161.5,0.00186612523943512,53.0,161.5,87.5
TIME:p10,7,0.018057817593216896,541.0,0.27221016890469474,109.0,0.4736086933011454,117.0,0.2468440469168886,152.0,253.0,148.0,-3.0,52.5,-1.0,161.5,0.0018446611379092607,54.0,166.875,87.5
SPAT:st_hist_energy,7,0.0030062654986977577,644.5,0.26707883321629117,120.0,0.4922948862850913,100.5,0.23428098035305225,187.0,355.0,46.0,-3.0,52.5,-1.0,161.5,0.0028280780519684104,24.0,167.0,87.5
TF:Et_std,7,0.1271609663963318,394.0,0.32075256798160373,9.0,0.7469178069921092,10.0,0.2861552891173965,61.0,365.0,36.0,-9.0,652.5,-1.0,161.5,0.002561670335545268,31.0,169.375,87.5
SPAT:st_hist_uniformity,7,0.0030062654986977577,644.5,0.2670788322844207,121.0,0.4922948862850913,100.5,0.23428098040675818,186.0,353.0,48.0,-3.0,52.5,-1.0,161.5,0.001840333295391698,55.0,171.125,87.5
TIME:energy_gini,7,0.03893202915787697,479.0,0.341588017287253,4.0,0.7158156031363374,23.0,0.3440401650843722,5.0,388.0,13.0,-9.0,652.5,-1.0,161.5,0.002477160439797503,35.0,171.625,87.5
SPAT:sp_grad_std,7,1.1491770641987027e-20,950.0,0.2896759252879307,63.0,0.5405710626129179,70.0,0.29622083359687684,47.0,390.0,11.0,-3.0,52.5,-1.0,161.5,0.002560813195490755,32.0,173.375,87.5
TIME:n_peaks,7,12593.78515625,49.0,0.29600064037390533,46.0,0.5467342972780265,65.0,0.32203948103346436,16.5,315.0,86.0,-10.0,752.5,-1.0,161.5,0.00040753217159477745,230.0,175.8125,87.5
TIME:energy_entropy,7,0.17018793523311615,376.0,0.2911650598958249,57.0,0.744314122266976,12.0,0.2512338329489484,131.0,376.0,25.0,-9.0,652.5,-1.0,161.5,0.0036351471677871197,15.0,178.75,87.5
TIME:mad,7,0.01799045130610466,543.0,0.2632117151016821,134.0,0.6075700629668916,50.0,0.2640929792687065,90.0,331.0,70.0,-6.0,352.5,-1.0,161.5,0.0024519259201383594,36.0,179.625,87.5
TIME:n_valleys,7,11983.59765625,51.0,0.29101670700680304,58.0,0.4931445503665213,98.0,0.27713354230004805,73.0,273.0,128.0,-8.0,552.5,-1.0,161.5,0.0002103933174086181,360.0,185.25,87.5
TIME:peak_rate,7,18766.203125,43.0,0.2960005691848464,47.0,0.5415505267106271,68.0,0.32203948103346436,16.5,314.0,87.0,-10.0,752.5,-1.0,161.5,0.00027585243961410737,308.0,185.4375,87.5
TF:WPT_dddd_entropy,7,0.6893037557601929,269.0,0.2845515749748106,73.0,0.524270971770846,77.0,0.281678648445743,67.0,214.0,187.0,-8.0,552.5,-1.0,161.5,0.000987374075712405,108.0,186.875,87.5
SPAT:st_edge_density_t,7,0.0002659051679074764,787.0,0.2704506274349876,115.0,0.6259178791927567,45.0,0.3339454225513342,10.0,333.0,68.0,-5.0,252.5,-1.0,161.5,0.0017681743374856256,58.0,187.125,87.5
SPAT:st_grad_corr,7,0.00029652699595317245,780.0,0.2450622591799505,225.0,0.4305567916698294,169.0,0.28885469791442814,57.0,367.0,34.0,-3.0,52.5,-1.0,161.5,0.0028019293997547956,25.0,188.0,87.5
SPAT:sp_grad_mean_abs,7,4.851210324747853e-21,951.0,0.2606526657383528,144.0,0.5714592771249665,59.0,0.2741093140744095,76.0,373.0,28.0,-3.0,52.5,-1.0,161.5,0.0022004393718304625,42.0,189.25,87.5
TIME:iqr,7,0.07335837930440903,447.0,0.2730625014758595,103.0,0.5720417279432475,58.0,0.25624775197085087,117.0,339.0,62.0,-8.0,552.5,-1.0,161.5,0.0030096964500059145,23.0,190.5,87.5
TF:glcm_28_correlation_d2_a1,7,2.4013654638110893e-06,890.5,0.30122910417411775,36.5,0.45514021790169457,135.5,0.2392626745287104,174.5,350.0,51.0,-3.0,52.5,-1.0,161.5,0.0026289715927624194,30.0,191.5,87.5
TF:glcm_8_correlation_d1_a1,7,2.4013654638110893e-06,890.5,0.30122910417411775,36.5,0.45514021790169457,135.5,0.2392626745287104,174.5,354.0,47.0,-3.0,52.5,-1.0,161.5,0.002097676107371166,48.0,193.25,87.5
TF:das_cyclostationary_index,7,0.025360364466905594,514.0,0.2978480726976333,44.0,0.36464093301518163,278.0,0.23374655366162111,189.0,263.0,138.0,-4.0,152.5,-1.0,161.5,0.0015155563987331686,73.0,193.75,87.5
TF:das_transient_index,7,0.7573498487472534,259.0,0.2727837268814602,106.0,0.7308588032351533,20.0,0.18278009642022378,315.0,317.0,84.0,-8.0,552.5,-1.0,161.5,0.001606064579863798,66.0,195.5,87.5
TF:WPT_addd_entropy,7,0.6022734642028809,289.0,0.3066602578376237,25.0,0.6528483825383686,35.0,0.28502614907972224,63.0,285.0,116.0,-10.0,752.5,-1.0,161.5,0.0007945297688062056,130.0,196.5,87.5
TF:glcm_18_correlation_d1_a3,7,2.3239224447024753e-06,892.5,0.29926037242239173,40.5,0.4137026183349044,202.5,0.24158604313868912,166.5,368.0,33.0,-3.0,52.5,-1.0,161.5,0.00213913507907069,45.0,199.25,87.5
SPAT:st_t_spread,7,0.0003660130314528942,754.0,0.29350086924933727,52.0,0.483944663724281,108.0,0.2098593659365859,251.0,312.0,89.0,-4.0,152.5,-1.0,161.5,0.002349129045467097,38.0,200.75,87.5
TIME:hist_b9,7,0.003405093913897872,638.0,0.29067170449724716,60.0,0.44857239361767975,140.0,0.28214704114692,65.0,294.0,107.0,-6.0,352.5,-1.0,161.5,0.0012329924012333285,91.0,201.875,87.5
TF:Et_iqr,7,0.14100222289562225,390.0,0.29954492905448776,38.0,0.5153449620643098,83.0,0.25965320064926783,106.0,250.0,151.0,-8.0,552.5,-1.0,161.5,0.0006769762222609498,150.0,204.0,87.5
TF:glcm_38_correlation_d2_a3,7,2.3239224447024753e-06,892.5,0.29926037242239173,40.5,0.4137026183349044,202.5,0.24158604313868912,166.5,361.0,40.0,-3.0,52.5,-1.0,161.5,0.0014845530213084192,78.0,204.25,87.5
TIME:env_entropy,7,0.033219099044799805,494.0,0.2799029220483285,83.0,0.6501142227366907,37.0,0.24488496627338233,157.0,346.0,55.0,-9.0,652.5,-1.0,161.5,0.0022980204893051125,40.0,210.0,87.5
TIME:burst_std_dur,7,114.9421615600586,89.0,0.24335104826294798,240.0,0.5562278300146621,64.0,0.09704118044183205,718.0,101.0,300.0,-3.0,52.5,-1.0,161.5,0.001584609171693725,68.0,211.625,87.5
TF:stft_entropy,7,1.1468425989151,244.0,0.2710813342112347,112.0,0.513282376607179,85.0,0.2544532686524671,121.0,191.0,210.0,-9.0,652.5,-1.0,161.5,0.0007169043058536774,143.0,216.125,87.5
TIME:above_3std_frac,7,5.0589977035997435e-05,830.0,0.2545015278045493,159.0,0.5600995102391408,63.0,0.2867284499802293,60.0,290.0,111.0,-5.0,252.5,-1.0,161.5,0.001009700127591251,107.0,218.0,87.5
TIME:burst_mean_dur,7,22.54491424560547,125.0,0.24362253474603915,236.0,0.5745262272727771,56.0,0.13683116754617858,585.0,104.0,297.0,-4.0,152.5,-1.0,161.5,0.0006735238537627559,152.0,220.625,87.5
SPAT:sp_grad_max,7,7.599513143973243e-20,949.0,0.2764153568630824,94.0,0.4923535912568675,99.0,0.23272325418212317,191.0,364.0,37.0,-3.0,52.5,-1.0,161.5,0.0005031603717297316,193.0,222.125,87.5
TF:DWT_L5_zcr,7,0.0004185073194094002,749.0,0.25594324639458377,153.0,0.37155254723581654,268.0,0.20339672746802423,269.0,332.0,69.0,-3.0,52.5,-1.0,161.5,0.0013501716448436093,84.0,225.75,87.5
TIME:impulse_factor,7,11.637195587158203,140.5,0.251009428115874,184.5,0.4623429776948047,130.5,0.17679598754026174,341.5,278.0,123.0,-8.0,552.5,-1.0,161.5,0.0005321589010493874,185.0,227.375,87.5
TIME:max,7,3.322059154510498,192.5,0.2636820693115163,130.5,0.4172338021215696,188.5,0.20837093287894712,255.5,262.0,139.0,-8.0,552.5,-1.0,161.5,0.0004714725724855642,202.0,227.75,87.5
TF:glcm_68_correlation_d4_a1,7,3.298236697446555e-05,841.0,0.2539455267505604,162.0,0.516886567661659,82.0,0.22468428768363205,201.0,258.0,143.0,-4.0,152.5,-1.0,161.5,0.0011898835435838798,93.0,229.5,87.5
TIME:clearance_factor,7,11.637195587158203,140.5,0.251009428115874,184.5,0.4623429776948047,130.5,0.17679598754026174,341.5,276.0,125.0,-8.0,552.5,-1.0,161.5,0.0004466244096050819,209.0,230.625,87.5
TF:WPT_adda_iqr,7,0.32554492354393005,333.0,0.28281442477034896,78.0,0.48547664163825655,107.0,0.25696321544340006,116.0,225.0,176.0,-10.0,752.5,-1.0,161.5,0.0007292162415726116,140.0,233.0,87.5
TIME:margin_factor,7,26.70376205444336,123.0,0.24013373544884317,270.0,0.5366570599600538,71.0,0.16174676368966054,392.0,298.0,103.0,-8.0,552.5,-1.0,161.5,0.0005042337606486533,192.0,233.125,87.5
TF:glcm_3_correlation_d1_a0,7,2.307093154740869e-06,894.0,0.2788131156799187,87.0,0.4300994542365819,170.0,0.22386205836782366,205.0,321.0,80.0,-5.0,252.5,-1.0,161.5,0.0033018654321814206,19.0,233.625,87.5
TF:glcm_63_correlation_d4_a0,7,4.717423871625215e-05,831.0,0.2476647700040279,212.0,0.5416936047647729,67.0,0.2407729092027627,170.0,190.0,211.0,-4.0,152.5,-1.0,161.5,0.0014938487144251496,76.0,235.125,87.5
TIME:hist_b8,7,0.0066718775779008865,597.0,0.24591919063853684,219.0,0.3775870213885062,258.0,0.27635912099279886,74.0,192.0,209.0,-5.0,252.5,-1.0,161.5,0.0008885587990906587,117.0,236.0,87.5
TF:WPT_aaad_range,7,17.717065811157227,130.5,0.24034932557792402,267.5,0.43770897918521623,153.5,0.2103792452842054,247.5,212.0,189.0,-8.0,552.5,-1.0,161.5,0.0005309368250756604,186.0,236.0,87.5
TF:WPT_aadd_iqr,7,0.3261200189590454,332.0,0.29865305622970006,43.0,0.493762029984008,97.0,0.2958020384317684,49.0,249.0,152.0,-10.0,752.5,-1.0,161.5,0.00025227970113484566,327.0,239.25,87.5
TIME:crest_factor,7,3.26883864402771,194.5,0.25845863574399364,149.5,0.40266829399924653,219.5,0.19243414954825333,288.5,238.0,163.0,-8.0,552.5,-1.0,161.5,0.0005230184059289984,189.0,239.75,87.5
SPAT:st_t_max,7,1.2897638725917204e-06,903.0,0.2582045353983842,151.0,0.5023928238454385,92.0,0.19786875835992115,280.0,271.0,130.0,-4.0,152.5,-1.0,161.5,0.0020755755613558425,49.0,239.875,87.5
TF:WPT_aaad_p2p,7,17.717065811157227,130.5,0.24034932557792402,267.5,0.43770897918521623,153.5,0.2103792452842054,247.5,206.0,195.0,-8.0,552.5,-1.0,161.5,0.0004302680184026721,218.0,240.75,87.5
TF:WPT_adda_mad,7,0.08222080022096634,439.0,0.2829326100813915,76.0,0.47012051782923736,122.0,0.2582933559128539,109.0,227.0,174.0,-10.0,752.5,-1.0,161.5,0.001104326057530658,101.0,241.875,87.5
TIME:above_1std_frac,7,0.0023538183886557817,659.0,0.24513450516962007,224.0,0.4715527105913129,121.0,0.25180922520625687,126.0,300.0,101.0,-5.0,252.5,-1.0,161.5,0.0002952302351757139,291.0,242.0,87.5
TF:Et_range,7,2.5667941570281982,208.0,0.2859295847732873,71.0,0.5265594289729676,76.0,0.19164879782771818,292.0,264.0,137.0,-8.0,552.5,-1.0,161.5,0.00015573868946807624,439.0,242.125,87.5
TIME:max_abs,7,3.26883864402771,194.5,0.25845863574399364,149.5,0.40266829399924653,219.5,0.19243414954825333,288.5,240.0,161.0,-8.0,552.5,-1.0,161.5,0.00042249946842425,221.0,243.5,87.5
TF:glcm_33_correlation_d2_a2,7,2.792508439597441e-06,887.0,0.2502039283812187,193.0,0.41625478336320754,194.0,0.325463194763016,15.0,277.0,124.0,-5.0,252.5,-1.0,161.5,0.0007561540181601935,136.0,245.375,87.5
TIME:p95,7,0.018014932051301003,542.0,0.21319486599963097,392.0,0.4228762450255017,181.0,0.24888956912720642,137.0,319.0,82.0,-5.0,252.5,-1.0,161.5,0.0004317646106991639,216.0,245.5,87.5
TF:mod1_entropy,7,0.029569558799266815,504.0,0.276851095641624,93.0,0.3407589243957245,317.0,0.20427444287652619,266.0,272.0,129.0,-6.0,352.5,-1.0,161.5,0.0007209447956295712,142.0,245.625,87.5
TF:stft_p90,7,7.971018931129947e-06,870.0,0.27255588326622254,107.0,0.4878114837580254,105.0,0.3039874484756381,34.0,291.0,110.0,-7.0,452.5,-1.0,161.5,0.0008140956883470179,128.0,246.0,87.5
TF:glcm_48_correlation_d3_a1,7,1.5668618289055303e-05,856.0,0.2553914724247814,155.0,0.49118687823470353,103.0,0.21425276074981606,226.0,279.0,122.0,-5.0,252.5,-1.0,161.5,0.0011666650689926758,95.0,246.375,87.5
TF:DWT_L6_zcr,7,0.0006680972874164581,729.0,0.2107349983926234,403.0,0.39480673803396105,234.0,0.26528059791523545,86.0,270.0,131.0,-3.0,52.5,-1.0,161.5,0.0005237116174412196,188.0,248.125,87.5
TF:glcm_58_correlation_d3_a3,7,1.526818778074812e-05,858.0,0.25022652203098766,192.0,0.4740085839099608,116.0,0.21210688216990586,235.0,293.0,108.0,-5.0,252.5,-1.0,161.5,0.0014946324944954852,75.0,249.75,87.5
TF:DWT_L3_range,7,17.717065811157227,130.5,0.24034932557792402,267.5,0.43770897918521623,153.5,0.2103792452842054,247.5,218.0,183.0,-8.0,552.5,-1.0,161.5,0.00027787463710197947,307.0,250.375,87.5
TF:glcm_73_correlation_d4_a2,7,2.9036250452918466e-06,885.0,0.2602360433351301,145.0,0.4187176449095973,183.0,0.3039016418975564,35.0,296.0,105.0,-7.0,452.5,-1.0,161.5,0.0021680684325854726,43.0,251.25,87.5
TIME:ssc_rate,7,0.0009293676121160388,715.0,0.21729333076638524,371.0,0.434728078027812,161.0,0.2576676184444623,112.0,102.0,299.0,-3.0,52.5,-1.0,161.5,0.000708512594301002,145.0,252.125,87.5
TF:DWT_L3_p2p,7,17.717065811157227,130.5,0.24034932557792402,267.5,0.43770897918521623,153.5,0.2103792452842054,247.5,215.0,186.0,-8.0,552.5,-1.0,161.5,0.00026434758899593987,318.0,252.125,87.5
TF:glcm_78_correlation_d4_a3,7,3.2332667615264654e-05,842.0,0.24525422068363892,223.0,0.4952720624013409,96.0,0.21363782686411256,228.0,242.0,159.0,-5.0,252.5,-1.0,161.5,0.0016787143895833788,60.0,252.75,87.5
TIME:kurt,7,10.776060104370117,149.0,0.23479663099366585,304.0,0.4683876786272312,125.0,0.14045856612210048,559.0,268.0,133.0,-6.0,352.5,-1.0,161.5,0.00038691598146377304,240.0,253.0,87.5
TF:glcm_13_correlation_d1_a2,7,1.1347935924277408e-06,906.0,0.24463755001015783,227.0,0.42291987195182834,179.0,0.29629490616484316,46.0,299.0,102.0,-4.0,152.5,-1.0,161.5,0.0003333045520637398,266.0,255.0,87.5
FREQ:hist_b29,7,0.00247380044311285,655.0,0.19958683799336,451.0,0.38312821541372566,253.0,0.2488446270487863,138.0,282.0,119.0,-3.0,52.5,-1.0,161.5,0.00044502251911741187,211.0,255.125,87.5
TF:WPT_aaad_tk_std,7,9.957374572753906,154.5,0.21699063520978545,372.5,0.43168244311626003,167.5,0.20589342744928552,262.5,162.0,239.0,-4.0,152.5,-1.0,161.5,0.00012067784903759507,558.0,258.5,87.5
TF:glcm_53_correlation_d3_a2,7,3.026072363354615e-06,884.0,0.2588431913221712,148.0,0.40295998057752147,218.0,0.321264238225486,19.0,310.0,91.0,-7.0,452.5,-1.0,161.5,0.001161351546107022,96.0,258.75,87.5
TF:mod0_centroid,7,2.0007002353668213,226.0,0.2900614156257929,62.0,0.3018853332662119,412.0,0.1795489794976299,325.0,222.0,179.0,-8.0,552.5,-1.0,161.5,0.0006236771684950111,163.0,260.125,87.5
TF:novelty,7,0.010876686312258244,573.0,0.23237670960505077,313.0,0.386575771441958,243.0,0.22703098822991913,195.0,56.0,345.0,-4.0,152.5,-1.0,161.5,0.0008804414359726946,118.0,262.625,87.5
TF:flux_mean,7,0.002095914212986827,667.0,0.21106211474233605,401.0,0.5198439325071433,79.0,0.2720705437510291,78.0,188.0,213.0,-5.0,252.5,-1.0,161.5,0.00031265151776794516,280.0,266.5,87.5
TF:tf_area,7,0.000792649807408452,722.5,0.25220418875762046,173.5,0.3847802034830403,247.0,0.2474122437039207,149.5,167.0,234.0,-6.0,352.5,-1.0,161.5,0.0010448273313828935,104.0,268.0625,87.5
TF:glcm_43_correlation_d3_a0,7,3.229142748750746e-05,844.0,0.23915515328533973,279.0,0.5410816825999651,69.0,0.22406408648896126,204.0,202.0,199.0,-5.0,252.5,-1.0,161.5,0.0007141635085441723,144.0,269.125,87.5
TF:WPT_aada_iqr,7,0.32652148604393005,331.0,0.29227946118587106,54.0,0.39946356923966597,228.0,0.262382807348444,96.0,205.0,196.0,-11.0,852.5,-1.0,161.5,0.0003936330837721127,235.0,269.25,87.5
SPAT:st_grad_t_mean,7,0.0022953920997679234,660.0,0.24741664068269045,213.0,0.3240958310707929,350.0,0.2454711872638996,156.0,254.0,147.0,-6.0,352.5,-1.0,161.5,0.0008545224090992083,121.0,270.125,87.5
FREQ:peak_count,7,4856.07373046875,57.0,0.24009730326880652,271.0,0.44480079432788777,145.0,0.17377817319098465,353.0,0.0,701.5,-5.0,252.5,-1.0,161.5,0.0003590199987850649,252.0,274.1875,87.5
TF:DWT_L2_tk_max,7,5860.46337890625,56.0,0.2199360856336816,362.0,0.4880705222074364,104.0,0.1120856163476976,668.0,44.0,357.0,-6.0,352.5,-1.0,161.5,0.0007250703195670459,141.0,275.25,87.5
TF:tf_occupancy,7,0.000792649807408452,722.5,0.25220418875762046,173.5,0.3828075529225279,254.0,0.2474122437039207,149.5,165.0,236.0,-6.0,352.5,-1.0,161.5,0.0006460162049628337,156.0,275.6875,87.5
TF:tf_sparsity,7,0.0007926500984467566,721.0,0.2522041774005726,175.0,0.3809893494506582,255.0,0.24741224684318183,148.0,168.0,233.0,-6.0,352.5,-1.0,161.5,0.000580636544870308,168.0,276.75,87.5
TF:WPT_ddaa_entropy,7,0.674418032169342,272.0,0.24531952693795686,222.0,0.4111502700925884,205.0,0.24150268081118914,168.0,75.0,326.0,-8.0,552.5,-1.0,161.5,0.00027445486037394205,309.0,277.0,87.5
TF:DWT_L5_mad,7,0.03701529651880264,482.0,0.27860522741385657,89.0,0.41837178171178113,184.0,0.26201671617160555,97.0,241.0,160.0,-11.0,852.5,-1.0,161.5,0.0004410268464379716,213.0,279.875,87.5
TF:Ef_kurt,7,1052.9053955078125,63.0,0.17854112001408662,556.0,0.313845898003716,371.0,0.19942390536409876,277.0,110.0,291.0,-4.0,152.5,-1.0,161.5,0.00019920167307858625,376.0,281.0,87.5
TF:WPT_daad_entropy,7,0.5023862719535828,301.0,0.2820387049401159,79.0,0.4763430475066177,113.0,0.24268755502239014,164.0,213.0,188.0,-11.0,852.5,-1.0,161.5,0.00018913936599796282,393.0,281.5,87.5
TF:glcm_23_correlation_d2_a0,7,1.5078795513545629e-05,859.0,0.24250444699738682,246.0,0.4972029828086604,94.0,0.21667071656424267,219.0,266.0,135.0,-7.0,452.5,-1.0,161.5,0.0012460921468974804,90.0,282.125,87.5
TF:DWT_L4_tk_max,7,653.2157592773438,67.0,0.20267293309479906,439.0,0.25998745163029424,535.0,0.1607927305289937,399.0,126.0,275.0,-3.0,52.5,-1.0,161.5,0.00022863401008153022,342.0,283.875,87.5
TIME:env_crest,7,4.93237829208374,175.0,0.23100831373927164,318.0,0.48347685471536606,109.0,0.18525939225149338,309.0,247.0,154.0,-10.0,752.5,-1.0,161.5,0.0002575962232366779,321.0,287.5,87.5
TIME:hist_b3,7,0.008797457441687584,584.0,0.20200810052580295,442.0,0.27112159617915355,499.0,0.21336828856299123,232.0,336.0,65.0,-5.0,252.5,-1.0,161.5,0.001311368522087385,85.0,290.125,87.5
TIME:p90,7,0.0307130329310894,500.0,0.24288537710613148,243.0,0.41832654169505146,185.0,0.15267418752309148,456.0,397.0,4.0,-8.0,552.5,-1.0,161.5,0.000421984461874865,223.0,290.625,87.5
FREQ:hist_b31,7,0.001139537082053721,699.0,0.19020155714010445,501.0,0.37153636508794374,269.0,0.1568613429555903,424.0,307.0,94.0,-3.0,52.5,-1.0,161.5,0.0008372661982128663,125.0,290.75,87.5
FREQ:mag_max,7,393714.96875,19.0,0.17465633025550417,574.0,0.2900111538297554,432.0,0.17836849047328515,336.0,221.0,180.0,-4.0,152.5,-2.0,359.0,0.00024500487950203804,333.0,298.1875,87.5
TIME:env_kurt,7,12.66085433959961,138.0,0.21358315136091646,391.0,0.37475267246212507,259.0,0.13242697416603974,600.0,90.0,311.0,-6.0,352.5,-1.0,161.5,0.0005433051859071429,181.0,299.25,87.5
TF:lbp_b3,7,1.9153832909069024e-05,854.0,0.20759151543624332,420.0,0.3859636865055345,244.0,0.25049443951438893,134.0,251.0,150.0,-5.0,252.5,-1.0,161.5,0.00048594650014753256,196.0,301.5,87.5
TF:glcm_60_contrast_d4_a0,7,1.819848895072937,229.0,0.2015444382698737,446.0,0.42289426156062193,180.0,0.18394581867343857,313.0,0.0,701.5,-5.0,252.5,-1.0,161.5,0.0007369528498438338,138.0,302.6875,87.5
TF:stft_p25,7,2.3186897079296194e-23,953.0,0.19243692312696203,487.0,0.36937318255538987,270.0,0.21940388706304176,217.0,275.0,126.0,-4.0,152.5,-1.0,161.5,0.000982351326257928,109.0,309.5,87.5
TF:glcm_10_contrast_d1_a2,7,0.05728226900100708,460.0,0.2372711967001524,286.0,0.41629701008419184,193.0,0.23742041655409343,181.0,92.0,309.0,-8.0,552.5,-1.0,161.5,0.0002260368710286276,347.0,311.25,87.5
FREQ:spec_entropy_renyi,7,2.1264524459838867,223.0,0.17335310742919155,578.0,0.32041407346605855,359.0,0.22414063301320147,203.0,79.0,322.0,-7.0,452.5,-1.0,161.5,0.0003748624017079508,245.0,318.0,87.5
TF:glcm_30_contrast_d2_a2,7,0.13031119108200073,391.0,0.2206593290565838,361.0,0.34954350555914626,302.0,0.24861045243453425,141.0,111.0,290.0,-8.0,552.5,-1.0,161.5,0.0002152739943437711,355.0,319.25,87.5
TF:stft_skew,7,65.1723861694336,104.0,0.22723369017646525,334.0,0.2724709817085258,488.0,0.17149570707697578,363.0,0.0,701.5,-4.0,152.5,-1.0,161.5,0.0003266565804637588,272.0,322.0625,87.5
TF:stft_range,7,0.24583229422569275,355.5,0.23479851534029406,302.5,0.35891214167660745,286.5,0.1216158089551721,641.5,70.0,331.0,-6.0,352.5,-1.0,161.5,0.0006924596873023008,147.0,322.25,87.5
TF:DWT_L2_tk_std,7,45.19191360473633,111.0,0.24241684498008276,248.0,0.4012233356248909,222.0,0.1379153855355793,572.0,80.0,321.0,-6.0,352.5,-2.0,359.0,0.00017252690938251777,418.0,325.4375,87.5
TF:glcm_75_contrast_d4_a3,7,1.2541964054107666,239.0,0.19749666429697219,463.0,0.24691947492423294,567.0,0.14855562182919754,487.0,105.0,296.0,-5.0,252.5,-1.0,161.5,0.0006446992076332194,157.0,327.875,87.5
TF:glcm_15_contrast_d1_a3,7,0.09220084547996521,415.5,0.21621840465276432,374.5,0.34077757915516216,316.0,0.1720217961086879,361.5,76.0,325.0,-8.0,552.5,-1.0,161.5,0.0008624869990671582,120.0,328.3125,87.5
TF:stft_max,7,0.24583229422569275,355.5,0.23479851534029406,302.5,0.35891214167660745,286.5,0.1216158089551721,641.5,71.0,330.0,-6.0,352.5,-1.0,161.5,0.0003370143072231159,260.0,336.25,87.5
TF:glcm_35_contrast_d2_a3,7,0.09220084547996521,415.5,0.21621840465276432,374.5,0.3404217072690412,318.0,0.1720217961086879,361.5,72.0,329.0,-8.0,552.5,-1.0,161.5,0.0005475173509580077,179.0,336.4375,87.5
TF:DWT_L4_range,7,9.416979789733887,157.5,0.2244305740381817,347.5,0.2857098138301102,449.5,0.22249907267474808,210.5,154.0,247.0,-8.0,552.5,-17.0,410.5,0.00025093388788689953,328.0,337.875,87.5
TIME:min,7,1.0873392820358276,247.0,0.16945278455869195,595.0,0.3113576369583635,378.0,0.18087199642318336,318.0,123.0,278.0,-5.0,252.5,-1.0,161.5,0.00014212464861882682,483.0,339.125,87.5
TIME:hist_b11,7,0.0009373953798785806,714.0,0.2107220606790665,404.0,0.3990791936554996,230.0,0.1912179610084127,295.0,51.0,350.0,-7.0,452.5,-1.0,161.5,0.0009423204719601011,112.0,339.875,87.5
TF:hog_b15,7,0.0002956894168164581,781.0,0.21571081417736496,379.0,0.36881953821339586,272.0,0.2098383178913817,252.0,151.0,250.0,-7.0,452.5,-1.0,161.5,0.0005682688832959105,173.0,340.125,87.5
TF:glcm_20_contrast_d2_a0,7,0.6250944137573242,280.0,0.21137991257068436,400.0,0.2802390123989822,465.0,0.16069044201168844,402.0,229.0,172.0,-9.0,652.5,-1.0,161.5,0.0005146658773597084,190.0,340.375,87.5
TF:Ef_p25,7,3.359064145304205e-19,948.0,0.21065427204230716,405.0,0.3612725597476203,280.0,0.17651705071492632,347.0,159.0,242.0,-4.0,152.5,-1.0,161.5,0.0004821784976762277,197.0,341.625,87.5
TF:hog_b0,7,0.00030509853968396783,778.0,0.20984207780019568,408.0,0.4098400781063045,209.0,0.19343938375626793,285.0,157.0,244.0,-7.0,452.5,-1.0,161.5,0.00047365906862623515,200.0,342.25,87.5
TF:DWT_L2_max,7,9.460970878601074,156.0,0.2212505181954428,357.0,0.3490149143630785,303.0,0.1455696996573521,518.0,66.0,335.0,-6.0,352.5,-2.0,359.0,0.0002029392439909125,367.0,343.4375,87.5
TF:WPT_adad_kurt,7,80.6665267944336,98.0,0.2126633064048337,395.0,0.4525163122219884,138.0,0.09801088563689823,713.0,0.0,701.5,-7.0,452.5,-1.0,161.5,0.0009712681661305296,111.0,346.3125,87.5
TF:glcm_0_contrast_d1_a0,7,0.09596176445484161,411.0,0.2096247615886538,410.0,0.358689246513868,288.0,0.16570380747979796,377.0,143.0,258.0,-9.0,652.5,-1.0,161.5,0.0004377420212266638,214.0,346.5,87.5
TF:glcm_5_contrast_d1_a1,7,0.0929674506187439,413.5,0.21449595415850053,384.5,0.35174773019335426,298.0,0.1622679201323551,389.5,55.0,346.0,-9.0,652.5,-1.0,161.5,0.0006559023975597002,155.0,350.0625,87.5
TF:DWT_L4_p2p,7,9.416979789733887,157.5,0.2244305740381817,347.5,0.2857098138301102,449.5,0.22249907267474808,210.5,152.0,249.0,-8.0,552.5,-2.0,359.0,0.00014235229636279977,482.0,350.9375,87.5
TF:WPT_dddd_energy,7,332.484130859375,71.0,0.25203779560951,178.0,0.312290542571914,374.0,0.15885912212830222,413.0,45.0,356.0,-6.0,352.5,-44.0,437.0,9.387660148520158e-05,641.0,352.8125,87.5
TF:glcm_50_contrast_d3_a2,7,0.12862145900726318,392.0,0.22542654017464214,340.0,0.40345060792693843,217.0,0.21530377096812514,223.0,86.0,315.0,-9.0,652.5,-2.0,359.0,0.00021321159142985172,356.0,356.8125,87.5
TIME:p2p,7,4.822646617889404,176.5,0.21235045334368038,396.5,0.2756279191316202,476.5,0.14987301215999554,472.5,203.0,198.0,-8.0,552.5,-2.0,359.0,0.00040973421272339633,229.0,357.5625,87.5
TF:WPT_ddaa_energy,7,19.488466262817383,127.0,0.23920693223740708,278.0,0.30575367244305607,394.0,0.17973553728016203,323.0,118.0,283.0,-4.0,152.5,-93.0,486.0,4.4103367003199825e-05,825.0,358.5625,87.5
TF:lbp_b16,7,2.035727993643377e-05,853.0,0.20711459103138694,423.0,0.3317205678310917,338.0,0.2247354924500214,200.0,61.0,340.0,-6.0,352.5,-1.0,161.5,0.0004619327643677836,205.0,359.125,87.5
TF:lbp_b30,7,1.137847539212089e-05,866.0,0.19527677979243366,471.0,0.29679490244228957,421.0,0.2692643696246639,81.0,164.0,237.0,-7.0,452.5,-1.0,161.5,0.00044695916562566566,208.0,362.25,87.5
TF:glcm_25_contrast_d2_a1,7,0.0929674506187439,413.5,0.21449595415850053,384.5,0.3504343934707652,300.0,0.1622679201323551,389.5,50.0,351.0,-9.0,652.5,-1.0,161.5,0.00033440016629058503,264.0,364.5625,87.5
TIME:range_over_std,7,4.822646617889404,176.5,0.21235045334368038,396.5,0.2756279191316202,476.5,0.14987301215999554,472.5,201.0,200.0,-8.0,552.5,-2.0,359.0,0.00030085772326345517,286.0,364.9375,87.5
TF:mod0_entropy,7,0.034385714679956436,491.0,0.24262566062171842,245.0,0.25374240135149995,552.0,0.15661037505162748,426.0,130.0,271.0,-5.0,252.5,-2.0,359.0,0.00020899572288440692,363.0,369.9375,87.5
TF:WPT_dddd_tk_mean,7,0.001346624456346035,690.0,0.24881266222566945,207.0,0.3445457582834077,312.0,0.14901932058361367,480.0,18.0,383.0,-6.0,352.5,-1.0,161.5,0.0001539064539181242,442.0,378.5,87.5
TF:lbp_b7,7,2.6118568712263368e-05,848.0,0.20600157217323453,427.0,0.3626911441903822,279.0,0.19266960960453497,287.0,9.0,392.0,-7.0,452.5,-1.0,161.5,0.0004159309949849593,227.0,384.25,87.5
TF:lbp_b1,7,5.405542651715223e-06,874.0,0.20234590003281375,440.0,0.3465575158895704,310.0,0.19124250172544885,294.0,52.0,349.0,-5.0,252.5,-22.0,415.0,0.00036240395689591436,250.0,398.0625,87.5
TF:WPT_addd_tk_mean,7,0.16969038546085358,377.0,0.2534743796518345,169.0,0.289653002334632,434.0,0.14249068542200832,550.0,26.0,375.0,-6.0,352.5,-104.0,497.0,0.0001452613713257991,467.0,402.6875,87.5
TF:DWT_L5_range,7,5.259185314178467,172.5,0.20010211395376157,449.5,0.20316068371304707,654.5,0.1693925183335925,366.5,132.0,269.0,-7.0,452.5,-86.0,479.5,0.0001886290301591387,395.0,404.875,87.5
TF:DWT_L5_p2p,7,5.259185314178467,172.5,0.20010211395376157,449.5,0.20316068371304707,654.5,0.1693925183335925,366.5,129.0,272.0,-7.0,452.5,-97.0,490.0,0.000180799846022862,403.0,407.5625,87.5
TIME:p75,6,0.020001962780952454,531.0,0.2615032392599283,143.0,0.6760209795588956,30.0,0.314104802521062,24.0,322.0,79.0,-7.0,452.5,-1.0,161.5,0.001578383581730209,69.0,186.25,75.0
TIME:p25,6,0.019578369334340096,534.0,0.2799734015549033,82.0,0.522242244005148,78.0,0.25311784445723867,123.0,348.0,53.0,-8.0,552.5,-1.0,161.5,0.000924647439233424,116.0,212.5,75.0
TIME:mean_abs,6,0.004842936526983976,616.0,0.26365830280857433,132.0,0.6479108548394699,39.0,0.24147881978650537,169.0,360.0,41.0,-8.0,552.5,-1.0,161.5,0.0026819352337440288,27.0,217.25,75.0
TIME:shape_factor,6,0.022790689021348953,524.0,0.25210537962758817,176.0,0.644188713912595,40.0,0.21498355762104565,225.0,356.0,45.0,-8.0,552.5,-1.0,161.5,0.0021193651756538003,46.0,221.25,75.0
TIME:env_std,6,0.018818624317646027,539.0,0.29043164970657265,61.0,0.6073050571386012,51.0,0.28788447326071354,58.0,352.0,49.0,-10.0,752.5,-1.0,161.5,0.0009404138525973536,114.0,223.25,75.0
TIME:env_mean,6,0.011774459853768349,565.0,0.2804107457065616,81.0,0.6041372371032265,53.0,0.2545161957514565,120.0,363.0,38.0,-10.0,752.5,-1.0,161.5,0.0011494585875210022,98.0,233.625,75.0
TIME:burst_mean_gap,6,357.6689758300781,70.0,0.1768495698903911,562.0,0.5003429209892367,93.0,0.14440885162385775,530.0,295.0,106.0,-3.0,52.5,-1.0,161.5,0.0002593322164212152,319.0,236.75,75.0
TF:DWT_L2_kurt,6,30.108964920043945,118.0,0.23875079928213772,282.0,0.6189672175566128,46.0,0.11096388203507639,670.0,208.0,193.0,-8.0,552.5,-1.0,161.5,0.0013981615801843463,82.0,263.125,75.0
TF:WPT_dada_iqr,6,0.0031445506028831005,642.0,0.28551619071917184,72.0,0.5182773292749538,80.0,0.25804542194429303,110.0,211.0,190.0,-9.0,652.5,-1.0,161.5,0.00046902110537367487,203.0,263.875,75.0
TF:WPT_aadd_mad,6,0.08250417560338974,438.0,0.2991456311807859,42.0,0.44410917546063144,147.0,0.29485748697777125,50.0,245.0,156.0,-9.0,652.5,-1.0,161.5,0.0001318152125713997,519.0,270.75,75.0
FREQ:peak2_amp,6,76808.6796875,33.0,0.17242493736790107,586.0,0.2624146589914491,528.0,0.23072058790246813,192.0,183.0,218.0,-5.0,252.5,-1.0,161.5,0.00046023839592587126,206.0,272.125,75.0
TF:stft_gini,6,0.002887385431677103,648.0,0.2909682560772521,59.0,0.5151437273357042,84.0,0.27088186710606255,79.0,252.0,149.0,-10.0,752.5,-1.0,161.5,0.00038301704726903616,244.0,272.125,75.0
SPAT:sp_gini,6,1.2561094449519623e-28,956.0,0.003251171558542964,948.0,0.5800594076321519,54.0,0.31123302963475474,28.0,400.0,1.0,-3.0,52.5,-1.0,161.5,0.0031972731690902076,20.0,277.625,75.0
TF:WPT_dada_mad,6,0.0007931921281851828,720.0,0.28611005440229614,70.0,0.466676891160672,126.0,0.2624450153536374,95.0,217.0,184.0,-9.0,652.5,-1.0,161.5,0.00033016381271117116,269.0,284.75,75.0
SPAT:sp_tv_norm,6,6.074257257297849e-29,957.0,0.002044692809823461,950.0,0.5683995986450316,62.0,0.2741093130437631,77.0,377.0,24.0,-3.0,52.5,-1.0,161.5,0.002643369682018081,29.0,289.125,75.0
TF:DWT_L4_iqr,6,0.29872119426727295,342.0,0.30295645359120027,35.0,0.45023285749414477,139.0,0.2944057906666681,51.0,267.0,134.0,-11.0,852.5,-1.0,161.5,0.00010636171324403175,602.0,289.625,75.0
FREQ:spec_rolloff,6,14711.3759765625,46.0,0.1738678036980277,577.0,0.3605906697003314,282.0,0.2058307128513572,265.0,0.0,701.5,-5.0,252.5,-1.0,161.5,0.001673511594008907,61.0,293.3125,75.0
TF:tf_perimeter,6,0.0033254032023251057,639.0,0.25899497171903246,147.0,0.43497916147136984,160.0,0.23379077540002105,188.0,146.0,255.0,-8.0,552.5,-1.0,161.5,0.00036820378022532955,247.0,293.75,75.0
TF:Et_max,6,2.1874606609344482,222.0,0.26787527038837494,119.0,0.5095258244012073,86.0,0.1567297515618821,425.0,228.0,173.0,-8.0,552.5,-1.0,161.5,0.00010102477694635128,622.0,295.125,75.0
TF:WPT_adad_entropy,6,0.5517788529396057,296.0,0.2872326104975333,68.0,0.458131918725055,133.0,0.2497786603024919,136.0,216.0,185.0,-10.0,752.5,-1.0,161.5,8.90114647437551e-05,661.0,299.125,75.0
TF:mod8_entropy,6,0.02471601963043213,516.0,0.25530072108336405,158.0,0.27577760343779234,475.0,0.1295388542934301,613.0,260.0,141.0,-4.0,152.5,-1.0,161.5,0.0005121442696592614,191.0,301.0,75.0
FREQ:spec_rolloff85,6,28721.189453125,40.0,0.18956184684700836,507.0,0.34422495546426113,313.0,0.20068128076270358,275.0,0.0,701.5,-5.0,252.5,-1.0,161.5,0.0005899473281310905,166.0,302.0625,75.0
TF:DWT_L6_kurt,6,159.6103973388672,83.0,0.22915321171421763,328.0,0.7323400412645791,17.0,0.10038280531963094,699.0,2.0,399.0,-9.0,652.5,-1.0,161.5,0.0014694037754223667,79.0,302.375,75.0
FREQ:mag_range,6,393714.96875,19.0,0.17465633025550417,574.0,0.2900111538297554,432.0,0.17836849047328515,336.0,209.0,192.0,-4.0,152.5,-1.0,161.5,0.00012125488049701757,556.0,302.875,75.0
TF:DWT_L4_kurt,6,111.68462371826172,90.0,0.23691922967929493,288.0,0.7344340930701083,15.0,0.10071684865512359,698.0,40.0,361.0,-10.0,752.5,-1.0,161.5,0.0017085270232606567,59.0,303.125,75.0
TIME:max_peak_amp,6,3.322059154510498,192.5,0.2636820693115163,130.5,0.4172338021215696,188.5,0.20837093287894712,255.5,259.0,142.0,-8.0,552.5,-1.0,161.5,4.711203857786094e-05,812.0,304.375,75.0
TF:DWT_L0_iqr,6,1.8311582803726196,228.0,0.18658763192518538,522.0,0.23001709055243014,596.0,0.17882733990712862,331.0,169.0,232.0,-4.0,152.5,-1.0,161.5,0.00042416886248579865,220.0,305.375,75.0
TF:DWT_L5_iqr,6,0.1476820409297943,386.0,0.27837222681002777,90.0,0.41387732923612,201.0,0.2624622300902737,94.0,239.0,162.0,-11.0,852.5,-1.0,161.5,0.00013607612989258134,505.0,306.5,75.0
SPAT:st_traj_var,6,0.005449073389172554,608.0,0.2338792882705599,305.0,0.30934021576440873,383.0,0.14220408977341317,551.0,210.0,191.0,-3.0,52.5,-1.0,161.5,0.0004305925076150416,217.0,308.625,75.0
TIME:hist_b10,6,0.002269608434289694,661.0,0.23534243949562494,298.0,0.43458691552910533,163.0,0.23456012797640444,185.0,142.0,259.0,-9.0,652.5,-1.0,161.5,0.0011351563068108437,99.0,309.875,75.0
TF:WPT_ddda_iqr,6,0.007247202564030886,588.0,0.27058638383921524,114.0,0.4150614539410693,197.0,0.2541899074214929,122.0,176.0,225.0,-11.0,852.5,-1.0,161.5,0.0004222337346027839,222.0,310.25,75.0
TIME:hist_b7,6,0.00723918154835701,589.0,0.17555283244598788,570.0,0.31530836635733817,368.0,0.21144082016484428,238.0,204.0,197.0,-5.0,252.5,-1.0,161.5,0.0009415543817957747,113.0,311.125,75.0
FREQ:peak1_amp,6,393714.96875,19.0,0.17465633025550417,574.0,0.2900111538297554,432.0,0.17836849047328515,336.0,199.0,202.0,-4.0,152.5,-1.0,161.5,9.090395558030478e-05,654.0,316.375,75.0
TF:WPT_addd_iqr,6,0.2051944136619568,365.0,0.2728952802740497,105.0,0.4718197580174279,119.0,0.25771501479259695,111.0,223.0,178.0,-11.0,852.5,-124.0,517.0,0.0002813417095080675,300.0,318.4375,75.0
TF:stft_rms,6,6.337125523714349e-05,820.0,0.25174092749449645,180.0,0.42583956178146787,176.0,0.19450465279246762,284.0,156.0,245.0,-8.0,552.5,-1.0,161.5,0.0005567523121169203,178.0,324.625,75.0
TF:DWT_L3_kurt,6,62.40861511230469,106.5,0.23645079588028686,293.5,0.6128873022407695,48.5,0.10033425092552344,700.5,25.0,376.0,-11.0,852.5,-1.0,161.5,0.0016563160368324044,62.0,325.125,75.0
TF:WPT_ddda_kurt,6,118.43228912353516,88.0,0.2278196096016678,332.0,0.5706115321273089,60.0,0.11513782403485674,659.0,10.0,391.0,-10.0,752.5,-1.0,161.5,0.0005693762625661419,172.0,327.0,75.0
TF:Ef_skew,6,6.452420711517334,168.0,0.18127128114580393,544.0,0.2715946798844828,496.0,0.24429872259644164,159.0,69.0,332.0,-5.0,252.5,-1.0,161.5,0.00012008133949682127,560.0,334.125,75.0
TIME:d1_max_abs,6,0.6685210466384888,273.0,0.20971817459280073,409.0,0.2600016040306663,534.0,0.1983156764835051,278.0,178.0,223.0,-9.0,652.5,-1.0,161.5,0.0006272724192235421,161.0,336.5,75.0
TF:DWT_L4_zcr,6,0.0016618183581158519,680.0,0.1828906798841107,540.0,0.29803667276610657,420.0,0.19804086226497092,279.0,246.0,155.0,-4.0,152.5,-1.0,161.5,0.00027849787618640923,305.0,336.625,75.0
TF:WPT_ddda_mad,6,0.0018175112782046199,675.0,0.2709215255832275,113.0,0.40457520841803074,215.0,0.254876898657988,119.0,177.0,224.0,-11.0,852.5,-1.0,161.5,0.00023170048770860258,340.0,337.5,75.0
TF:coherence_std,6,0.00016335953841917217,802.0,0.24223131990808353,249.0,0.416998785586264,191.0,0.22857883328289272,194.0,189.0,212.0,-10.0,752.5,-1.0,161.5,0.0006240588283106436,162.0,340.5,75.0
TF:WPT_aaad_kurt,6,62.40861511230469,106.5,0.23645079588028686,293.5,0.6128873022407695,48.5,0.10033425092552344,700.5,23.0,378.0,-11.0,852.5,-1.0,161.5,0.0005396921476215647,183.0,340.5,75.0
TF:DWT_L0_entropy,6,0.3666878342628479,320.0,0.16115054964420703,649.0,0.2193432541188871,616.0,0.15776034694014937,417.0,21.0,380.0,-2.0,2.0,-1.0,161.5,0.0005400568497261354,182.0,340.9375,75.0
TF:WPT_ddaa_iqr,6,0.00439861323684454,621.0,0.22655986003076567,336.0,0.4223957872040538,182.0,0.26502609304544,88.0,171.0,230.0,-10.0,752.5,-2.0,359.0,0.00045265260076150353,207.0,346.9375,75.0
TF:DWT_L1_kurt,6,19.205673217773438,128.0,0.21731515104015153,370.0,0.469189940816261,124.0,0.10560503169982917,684.0,68.0,333.0,-8.0,552.5,-2.0,359.0,0.0004069547908748063,231.0,347.6875,75.0
TF:glcm_52_homogeneity_d3_a2,6,0.00038710201624780893,752.0,0.20535561860414706,430.0,0.41440065604246534,199.0,0.26866864198618745,82.0,100.0,301.0,-10.0,752.5,-1.0,161.5,0.0006805854103431325,149.0,353.375,75.0
TIME:hist_contrast,6,2.2261548042297363,221.0,0.21906894831047805,367.0,0.252040121202195,556.0,0.18462729052102247,311.0,140.0,261.0,-6.0,352.5,-1.0,161.5,0.00010718891743674938,599.0,353.625,75.0
TIME:seg_energy_0,6,0.0034740592818707228,635.0,0.20055345339978994,448.0,0.28564886456217975,451.0,0.22512091479550947,199.0,0.0,701.5,-3.0,52.5,-1.0,161.5,0.00042746901254499383,219.0,358.4375,75.0
TF:WPT_ddaa_mad,6,0.0011129574850201607,700.0,0.2273221592896754,333.0,0.4255213192838019,177.0,0.26414744310664967,89.0,172.0,229.0,-10.0,752.5,-2.0,359.0,0.0003907446169695378,236.0,359.4375,75.0
TF:glcm_32_homogeneity_d2_a2,6,0.00043671380262821913,748.0,0.20214003985735296,441.0,0.44031437306533405,149.0,0.2801410269970026,70.0,78.0,323.0,-11.0,852.5,-1.0,161.5,0.0006594268558103372,154.0,362.375,75.0
TF:hog_b8,6,0.00012001251889159903,808.0,0.2074859096602105,421.0,0.40879521336640545,210.0,0.29356753525685964,53.0,125.0,276.0,-9.0,652.5,-1.0,161.5,0.00025074723158228113,329.0,363.875,75.0
TF:stft_crest,6,165.53939819335938,82.0,0.2335950879512426,307.0,0.24483597450497507,569.0,0.17224188372648214,359.0,13.0,388.0,-4.0,152.5,-2.0,359.0,7.575739098688087e-05,701.0,364.6875,75.0
TF:DWT_L6_iqr,6,0.0061049144715070724,603.0,0.25379755991568165,166.0,0.40622733319376403,213.0,0.2610700011483732,100.0,200.0,201.0,-12.0,952.5,-44.0,437.0,0.0003701955058113071,246.0,364.8125,75.0
TF:WPT_ddad_iqr,6,0.01602168194949627,546.0,0.23059640886514574,320.0,0.5038476312059896,91.0,0.2573994051227216,115.0,141.0,260.0,-11.0,852.5,-2.0,359.0,0.00019811756962851709,378.0,365.1875,75.0
TF:stft_p75,6,9.548807611281518e-07,910.0,0.2936440680024715,51.0,0.47302080405061053,118.0,0.26019772692463283,104.0,256.0,145.0,-11.0,852.5,-75.0,468.0,0.0003195383566430823,276.0,365.5625,75.0
TIME:burst_occupancy,6,0.0002901444968301803,784.0,0.19017412203231102,502.0,0.3092401826173443,385.0,0.18855657654786562,299.0,173.0,228.0,-7.0,452.5,-1.0,161.5,0.0008508015264657672,122.0,366.75,75.0
TF:DWT_L4_mad,6,0.07512668520212173,446.0,0.30307893685739656,34.0,0.44709609891992574,142.0,0.29342255741610784,54.0,269.0,132.0,-11.0,852.5,-2.0,359.0,1.4940643619549198e-05,915.0,366.8125,75.0
TF:WPT_ddad_mad,6,0.0040407851338386536,627.0,0.2299872669253923,323.0,0.4577781886586414,134.0,0.25747082222327006,114.0,135.0,266.0,-11.0,852.5,-2.0,359.0,0.0003366839093717146,262.0,367.1875,75.0
TF:divergence_std,6,0.010989170521497726,571.0,0.23082655076750358,319.0,0.41394776392893506,200.0,0.17993555382405674,321.0,114.0,287.0,-10.0,752.5,-1.0,161.5,0.00024696187365388206,330.0,367.75,75.0
TF:WPT_adda_kurt,6,240.37132263183594,78.0,0.2090445216382906,413.0,0.6318153764471011,43.0,0.06682624756958523,767.0,0.0,701.5,-10.0,752.5,-1.0,161.5,0.00231048430287466,39.0,369.4375,75.0
TF:WPT_aaad_tk_max,6,2115.431884765625,60.5,0.20850003107661572,417.5,0.3400785773284545,320.5,0.15372893261594095,449.5,49.0,352.0,-8.0,552.5,-134.0,527.0,0.00028930874420047886,294.0,371.6875,75.0
SPAT:st_traj_range,6,0.21041648089885712,362.0,0.19783920238875,459.0,0.2417278840675139,572.0,0.13445231799492355,597.0,64.0,337.0,-3.0,52.5,-2.0,359.0,0.00031138839804069514,282.0,377.5625,75.0
FREQ:spec_centroid,6,17951.14453125,44.0,0.2417641081150496,255.0,0.3208549682883146,358.0,0.22022304519074934,215.0,67.0,334.0,-11.0,852.5,-2.0,359.0,0.0001033358572003406,611.0,378.5625,75.0
TF:WPT_aada_mad,6,0.08214662969112396,440.0,0.292150252616085,55.0,0.4386709421606505,150.0,0.2625623550523104,93.0,207.0,194.0,-11.0,852.5,-2.0,359.0,2.2479150166418562e-05,900.0,380.4375,75.0
TIME:seg_energy_2,6,0.0034864379558712244,634.0,0.09035048785050916,837.0,0.3468171363137649,308.0,0.17202898997597507,360.0,54.0,347.0,-4.0,152.5,-1.0,161.5,0.00034572072289999864,259.0,382.375,75.0
TF:WPT_dddd_iqr,6,0.018595118075609207,540.0,0.24501428860134086,226.0,0.3839002113252241,250.0,0.2592299406549516,108.0,155.0,246.0,-11.0,852.5,-2.0,359.0,0.0001424905691455818,481.0,382.8125,75.0
TF:glcm_72_homogeneity_d4_a2,6,0.00035669104545377195,760.0,0.21145411911549242,399.0,0.4109590334488198,206.0,0.25166823277148537,128.0,82.0,319.0,-11.0,852.5,-1.0,161.5,0.00035433696977259845,254.0,385.0,75.0
TF:DWT_L3_max,6,6.221996784210205,170.5,0.2197595833314443,364.5,0.3742724096351555,261.5,0.15458896766703503,444.5,97.0,304.0,-6.0,352.5,-204.0,597.0,0.000112067014784535,586.0,385.0625,75.0
TF:WPT_aaad_max,6,6.221996784210205,170.5,0.2197595833314443,364.5,0.3742724096351555,261.5,0.15458896766703503,444.5,95.0,306.0,-6.0,352.5,-267.0,660.0,0.0001280320130325444,527.0,385.8125,75.0
TF:hog_b6,6,6.051890522940084e-05,822.0,0.2099648624299891,407.0,0.3402718736403205,319.0,0.25172778037514815,127.0,179.0,222.0,-8.0,552.5,-1.0,161.5,0.00014121984168761022,486.0,387.125,75.0
TF:WPT_addd_kurt,6,135.49072265625,85.0,0.19767336226795995,461.0,0.6412283663202185,41.0,0.06649427459384052,769.0,0.0,701.5,-10.0,752.5,-1.0,161.5,0.0006296133267256203,159.0,391.3125,75.0
TF:WPT_aadd_tk_std,6,4.592994213104248,183.0,0.189484185770299,509.0,0.23987407100994051,576.0,0.18295566747289738,314.0,16.0,385.0,-5.0,252.5,-33.0,426.5,0.0001369043648337254,500.0,393.25,75.0
TF:glcm_12_homogeneity_d1_a2,6,0.0003697829379234463,753.0,0.19863022607153444,454.0,0.44615970300912666,143.0,0.2637829390119897,92.0,65.0,336.0,-11.0,852.5,-1.0,161.5,0.00021691359519150492,354.0,393.25,75.0
TF:WPT_ddad_energy,6,253.4917449951172,77.0,0.2437831123216622,232.0,0.27038405272055055,506.0,0.16080233666631344,398.0,31.0,370.0,-6.0,352.5,-27.0,420.5,4.525600281666123e-05,821.0,397.125,75.0
TF:hog_b7,6,0.00011715490109054372,810.0,0.20090616115910043,447.0,0.38856451490998634,239.0,0.2603753029764267,103.0,84.0,317.0,-11.0,852.5,-1.0,161.5,0.0003135437475996806,279.0,401.125,75.0
TIME:std_peak_interval,6,3217.26025390625,58.0,0.22070535442555414,360.0,0.4323075730072352,166.0,0.0972216636769269,716.0,39.0,362.0,-10.0,752.5,-27.0,420.5,0.00019812839187990924,377.0,401.5,75.0
TF:WPT_dddd_mad,6,0.004685636609792709,618.0,0.24455358843032893,228.0,0.3992685878662843,229.0,0.25939505769588583,107.0,153.0,248.0,-12.0,952.5,-2.0,359.0,0.0001428611859009843,480.0,402.6875,75.0
TIME:above_2std_frac,6,0.00010765142360469326,811.0,0.24960574041919534,201.0,0.4106231185004132,208.0,0.19624216831236518,281.0,150.0,251.0,-10.0,752.5,-2.0,359.0,0.0002097615341679822,362.0,403.1875,75.0
TF:WPT_addd_mad,6,0.05128587782382965,467.0,0.2725539440782823,108.0,0.4421985402593811,148.0,0.2575324445894287,113.0,220.0,181.0,-12.0,952.5,-31.0,424.0,4.1573786977573e-05,838.0,403.9375,75.0
TF:DWT_L3_tk_max,6,2115.431884765625,60.5,0.20850003107661572,417.5,0.3400785773284545,320.5,0.15372893261594095,449.5,53.0,348.0,-8.0,552.5,-104.0,497.0,0.00010726326294782709,598.0,405.4375,75.0
TF:DWT_L6_energy,6,2425.0625,59.0,0.2501269977043386,195.0,0.30867425609410404,387.5,0.16309146981598832,387.0,22.0,379.0,-8.0,552.5,-83.0,476.0,4.5779417110896166e-05,817.0,406.625,75.0
TF:WPT_addd_abs_mean,6,0.05509927496314049,462.0,0.26204393492221045,138.0,0.3831357275349201,252.0,0.21185507205634818,236.0,128.0,273.0,-12.0,952.5,-188.0,581.5,0.0001544123885143131,441.0,417.0,75.0
TF:WPT_ddad_abs_mean,6,0.004469476640224457,620.0,0.24104799886152276,264.0,0.4065014168371488,212.0,0.22523309420326926,198.0,74.0,327.0,-12.0,952.5,-59.0,452.5,0.00024201663695264537,334.0,420.0,75.0
TF:DWT_L5_max,6,1.3042436838150024,236.0,0.1978834127049681,458.0,0.22142609938085345,614.0,0.14990409591488948,471.0,160.0,241.0,-7.0,452.5,-176.0,569.0,0.00022759630249629252,344.0,423.1875,75.0
TF:stft_p50,6,3.3024923073998735e-11,943.0,0.23960751198253757,275.0,0.3997518282307979,226.0,0.21082312326324074,242.0,182.0,219.0,-4.0,152.5,-59.0,452.5,2.887858728011232e-05,880.0,423.75,75.0
TF:tf_elongation,6,1.133829951286316,245.0,0.1615440579409382,643.0,0.3039252005436732,400.0,0.08220750930259464,746.0,6.0,395.0,-4.0,152.5,-9.0,402.5,0.00015349291666454231,444.0,428.5,75.0
TF:WPT_ddaa_var,6,7.243876461870968e-05,817.0,0.2391522531465188,280.0,0.30728241280557445,392.0,0.1798303801602011,322.0,115.0,286.0,-4.0,152.5,-22.0,415.0,6.215656148797377e-05,764.0,428.5625,75.0
TF:glcm_11_energy_d1_a2,6,0.0003516723809298128,761.0,0.19240314624638358,488.0,0.34664812931502276,309.0,0.24608406930510174,155.0,0.0,701.5,-7.0,452.5,-2.0,359.0,0.0003969930845585854,233.0,432.375,75.0
TF:glcm_26_energy_d2_a1,6,0.00033764142426662147,765.5,0.1906392744939435,499.5,0.3665343448204763,274.5,0.2478719014228356,145.5,0.0,701.5,-7.0,452.5,-2.0,359.0,0.00028023346506008545,303.0,437.625,75.0
TF:WPT_ddaa_tk_mean,6,5.7358214689884335e-05,825.0,0.23612616386230587,295.0,0.2861161743561964,446.0,0.18206057581267554,316.0,112.0,289.0,-4.0,152.5,-2.0,359.0,4.085658769018686e-05,841.0,440.4375,75.0
FREQ:ratio_high_tail,6,0.0013431336265057325,691.5,0.2493959774261859,204.5,0.33366339832219927,336.0,0.16326235393394112,384.5,36.0,365.0,-6.0,352.5,-63.0,456.5,6.802806653038471e-05,735.0,440.6875,75.0
TF:glcm_37_homogeneity_d2_a3,6,0.00019456959853414446,796.5,0.21571359161712436,377.5,0.3038741517984991,401.5,0.179239146901932,326.5,0.0,701.5,-7.0,452.5,-1.0,161.5,0.0002012250384694184,369.0,448.3125,75.0
TF:stft_mean,6,1.1048035375438303e-08,935.0,0.19498453982066302,474.0,0.3349274755879943,331.0,0.1548592310867185,441.0,0.0,701.5,-7.0,452.5,-1.0,161.5,0.0006291622539217018,160.0,457.0625,75.0
TF:hog_b10,6,3.158514300594106e-05,845.0,0.1942678607014161,478.0,0.2858124769874477,447.0,0.15586759690936067,432.0,0.0,701.5,-3.0,52.5,-75.0,468.0,0.0003848990328227335,243.0,458.375,75.0
TF:WPT_dddd_rel_energy,6,4.667153916670941e-06,876.0,0.25210292712357507,177.0,0.3152176631307948,369.0,0.1554669685556986,437.0,48.0,353.0,-7.0,452.5,-33.0,426.5,0.00011219036268487633,585.0,459.5,75.0
TF:WPT_aadd_abs_mean,6,0.07720191776752472,444.0,0.2415061261458906,257.0,0.3355088822551999,328.0,0.21592175668808458,222.0,89.0,312.0,-11.0,852.5,-100.0,493.0,6.0903577626166234e-05,769.0,459.6875,75.0
TF:glcm_17_homogeneity_d1_a3,6,0.00019456959853414446,796.5,0.21571359161712436,377.5,0.3038741517984991,401.5,0.179239146901932,326.5,0.0,701.5,-7.0,452.5,-1.0,161.5,0.00014487731921292537,468.0,460.6875,75.0
TF:hog_b14,6,5.7301574997836724e-05,826.0,0.1910376172495539,498.0,0.38461558773391546,248.0,0.2376662414606195,179.0,34.0,367.0,-10.0,752.5,-67.0,460.5,0.00015827459900835366,435.0,470.75,75.0
TF:Et_mean,6,0.0007297116098925471,726.0,0.19498460705872347,472.0,0.3349274755879943,331.0,0.15492064106555534,439.0,0.0,701.5,-7.0,452.5,-2.0,359.0,0.00015021493969624966,451.0,491.5,75.0
TF:WPT_dada_p2p,6,0.06772783398628235,452.5,0.16613203875187438,621.5,0.2093152392579194,632.5,0.14945540532886542,475.5,0.0,701.5,-7.0,452.5,-37.0,430.0,0.0001830576379695687,400.0,520.75,75.0
TF:mod9_entropy,5,0.024572694674134254,520.0,0.25913645654123824,146.0,0.2663418572861769,518.0,0.1391640488221863,563.0,309.0,92.0,-3.0,52.5,-1.0,161.5,0.0003859144314065833,242.0,286.875,62.5
TF:WPT_dadd_kurt,5,91.10260772705078,94.0,0.22198358230861506,355.0,0.6400866442689979,42.0,0.12786734937562808,622.0,0.0,701.5,-8.0,552.5,-1.0,161.5,0.0012601099774268137,87.0,326.9375,62.5
TIME:hist_b2,5,0.00587870366871357,605.0,0.23348768690773927,308.0,0.23766202180477158,582.0,0.12088907388043969,647.0,357.0,44.0,-3.0,52.5,-1.0,161.5,0.00040105546770123076,232.0,329.0,62.5
TIME:katz_fd,5,0.30731117725372314,340.0,0.25405662263294615,161.0,0.46950388601736437,123.0,0.26603872697809483,84.0,230.0,171.0,-9.0,652.5,-132.0,525.5,0.00010629256908796865,604.0,332.625,62.5
TF:glcm_64_entropy_d4_a0,5,0.019466450437903404,536.0,0.176650335590811,565.0,0.3663932081223087,276.0,0.22983298973526944,193.0,0.0,701.5,-3.0,52.5,-1.0,161.5,0.0004934589545311608,195.0,335.0625,62.5
TF:stft_kurt,5,195364.71875,25.0,0.17076015772266961,589.0,0.3216436366059132,357.0,0.09059910595416555,734.0,0.0,701.5,-4.0,152.5,-1.0,161.5,0.0015999080568768194,67.0,348.4375,62.5
TF:glcm_55_contrast_d3_a3,5,0.6053488254547119,288.0,0.20951419081847425,411.0,0.23694370315420699,586.0,0.14386793451778476,539.0,234.0,167.0,-8.0,552.5,-1.0,161.5,0.0008271358618120888,126.0,353.875,62.5
TF:DWT_L5_kurt,5,276.06915283203125,75.0,0.20168789087186403,445.0,0.7086326170071611,26.0,0.07483267737913456,757.0,0.0,701.5,-9.0,652.5,-1.0,161.5,0.002145366331734025,44.0,357.8125,62.5
TF:tf_freq_time_var_ratio,5,74.96472930908203,101.0,0.15346958684119527,687.0,0.64865130816982,38.0,0.08673731120036426,740.0,0.0,701.5,-6.0,352.5,-1.0,161.5,0.0010343422640042299,106.0,360.9375,62.5
TF:stft_std,5,6.550931720994413e-05,818.0,0.2527668637867803,171.0,0.43752470061909055,156.0,0.19578684239218125,283.0,158.0,243.0,-8.0,552.5,-1.0,161.5,0.00012974318796412935,523.0,363.5,62.5
TF:lbp_b2,5,4.572941907099448e-05,832.0,0.19013451877267948,503.0,0.4154098563814532,196.0,0.2762904540764212,75.0,93.0,308.0,-8.0,552.5,-1.0,161.5,0.0002963613765408838,289.0,364.625,62.5
TF:WPT_dada_kurt,5,325.1526184082031,72.0,0.18473362910449861,533.0,0.7115269168972498,24.0,0.05884577658700037,788.0,0.0,701.5,-8.0,552.5,-1.0,161.5,0.0012328993542192346,92.0,365.5625,62.5
TF:DWT_L0_mad,5,0.4732353687286377,303.0,0.18427255882095084,537.0,0.21146823451453667,628.0,0.17655138601731754,345.0,147.0,254.0,-4.0,152.5,-1.0,161.5,0.00011198705293993784,587.0,371.0,62.5
TF:WPT_aadd_kurt,5,179.24412536621094,80.0,0.19853346242378891,455.0,0.6669308668695315,33.0,0.08020576791954014,749.0,0.0,701.5,-10.0,752.5,-1.0,161.5,0.0011589568727452034,97.0,378.6875,62.5
TF:WPT_dadd_iqr,5,0.0010660579428076744,701.0,0.27915302983474627,86.0,0.40263989732698846,221.0,0.261232998157435,99.0,233.0,168.0,-11.0,852.5,-140.0,533.5,0.00019469229595251447,383.0,380.5,62.5
TF:WPT_aaaa_tk_std,5,69.97943115234375,102.0,0.2733086537232799,102.0,0.39152328128435654,237.0,0.1675153320529028,371.0,185.0,216.0,-10.0,752.5,-226.0,619.0,9.085239319733041e-05,655.0,381.8125,62.5
TF:mod10_entropy,5,0.009357195347547531,576.0,0.23656925548266636,290.0,0.1711073785197943,737.0,0.11325644432623698,665.0,161.0,240.0,-4.0,152.5,-1.0,161.5,0.0003656996983223234,248.0,383.75,62.5
TF:glcm_45_contrast_d3_a1,5,0.6153873205184937,281.0,0.2035250242960485,436.0,0.20052362922918254,660.0,0.1386914491532461,567.0,181.0,220.0,-8.0,552.5,-1.0,161.5,0.00041866749590206156,225.0,387.875,62.5
TF:WPT_daad_iqr,5,0.0001452628494007513,805.0,0.2742152359071998,98.0,0.3740980706336674,263.0,0.2514149177793092,130.0,237.0,164.0,-11.0,852.5,-109.0,502.5,0.00028373515002024164,298.0,389.125,62.5
TIME:waveform_length,5,807111.75,15.0,0.2663255597048462,125.0,0.46326602140838746,128.5,0.21348639514040924,231.0,136.0,265.0,-12.0,952.5,-202.0,595.0,4.4708947035377303e-05,823.0,391.875,62.5
TF:tf_fill_ratio,5,0.005105567164719105,612.0,0.21413169969886492,388.0,0.2700487398102247,510.0,0.1961576910951436,282.0,0.0,701.5,-4.0,152.5,-1.0,161.5,0.0002464167583526948,331.0,392.3125,62.5
TF:WPT_daaa_mad,5,1.9201331724616466e-06,895.0,0.2830226740074481,75.0,0.4539882809123372,137.0,0.24475949507724307,158.0,193.0,208.0,-10.0,752.5,-210.0,603.5,0.00027006291965854154,312.0,392.625,62.5
TF:DWT_L1_mad,5,0.607100248336792,285.0,0.17244914701932934,585.0,0.34864479259525805,304.0,0.21987639335524703,216.0,0.0,701.5,-9.0,652.5,-1.0,161.5,0.00036514099237546443,249.0,394.3125,62.5
TF:WPT_addd_energy,5,45516.20703125,34.0,0.2553494798487774,156.0,0.23595510012865617,588.0,0.1476407221596761,495.0,12.0,389.0,-8.0,552.5,-219.0,612.0,0.00020296110072734843,366.0,399.0625,62.5
SPAT:sp_grad_energy,5,7.327565897249342e-37,961.0,2.4675735287780523e-07,954.0,0.0,979.0,0.3189826747778848,22.0,385.0,16.0,-3.0,52.5,-1.0,161.5,0.001973522828234804,51.0,399.625,62.5
TF:glcm_44_entropy_d3_a0,5,0.016105493530631065,545.0,0.146035997758744,711.0,0.32538479330645886,345.0,0.1999752758847095,276.0,0.0,701.5,-5.0,252.5,-1.0,161.5,0.00035934514745072834,251.0,405.4375,62.5
TF:WPT_adda_abs_mean,5,0.08329993486404419,434.0,0.26155990377714305,142.0,0.373790612804624,264.0,0.21092081504199328,241.0,108.0,293.0,-11.0,852.5,-122.0,515.0,0.0001350608698029159,507.0,406.0625,62.5
TF:WPT_dddd_kurt,5,166.72068786621094,81.0,0.19256775991567257,485.0,0.5733568116986865,57.0,0.06251670353350777,779.0,0.0,701.5,-11.0,852.5,-1.0,161.5,0.0007058625940056307,146.0,407.9375,62.5
TF:DWT_L4_max,5,2.962790012359619,199.0,0.21289040990949717,394.0,0.2306905411296949,595.0,0.17093183453965685,364.0,109.0,292.0,-6.0,352.5,-151.0,544.5,0.0001269800269710334,530.0,408.875,62.5
FREQ:spec_spread,5,1743.0714111328125,62.0,0.18536653216069718,530.0,0.2762039880211824,473.0,0.16562648434444183,378.0,0.0,701.5,-3.0,52.5,-205.0,598.0,0.00013892585187525518,493.0,411.0,62.5
TF:DWT_L1_iqr,5,2.377528190612793,216.0,0.1726901516293815,581.0,0.3472335692313422,307.0,0.22151268543104868,213.0,0.0,701.5,-9.0,652.5,-1.0,161.5,0.0001433671553960101,478.0,413.8125,62.5
TF:WPT_aaaa_kurt,5,16.056716918945312,135.0,0.15833847025485204,674.0,0.3609482788569136,281.0,0.10582685096917759,683.0,0.0,701.5,-5.0,252.5,-1.0,161.5,0.0001664211986239785,427.0,414.4375,62.5
SPAT:st_vel_std,5,0.006185429636389017,602.0,0.21977066317132102,363.0,0.22481450124238078,611.0,0.14498268415108861,524.0,83.0,318.0,-3.0,52.5,-2.0,359.0,0.00014009083773085606,488.0,414.6875,62.5
TF:DWT_L3_energy,5,200117.09375,23.5,0.1672147399927075,612.5,0.2057041428260611,644.5,0.2021398504009891,271.5,0.0,701.5,-6.0,352.5,-86.0,479.5,0.0003867944035300174,241.0,415.8125,62.5
SPAT:sp_argmax,5,2.539458990097046,210.0,0.12849709735647824,764.0,0.32600616526988624,344.0,0.1512390812034941,465.0,170.0,231.0,-3.0,52.5,-278.0,671.0,0.00010301332470865333,614.0,418.9375,62.5
TF:Ef_peak_amp,5,11.32401180267334,143.0,0.15655028929280168,681.0,0.28432731799983246,456.0,0.16735862723141473,373.0,0.0,701.5,-9.0,652.5,-1.0,161.5,0.0005374656318296508,184.0,419.0625,62.5
TF:DWT_L6_mad,5,0.001527407905086875,685.0,0.2537696290868422,168.0,0.41675020683972575,192.0,0.2614107946458076,98.0,198.0,203.0,-12.0,952.5,-2.0,359.0,7.742524596878482e-05,695.0,419.0625,62.5
TF:glcm_46_energy_d3_a1,5,0.00033087670453824103,768.0,0.18783162801491415,518.0,0.3398398054219931,322.0,0.24158851610276671,165.0,0.0,701.5,-5.0,252.5,-2.0,359.0,0.0002982435848327554,288.0,421.75,62.5
TIME:hist_b12,5,0.0002006300346693024,792.0,0.21484308957758325,381.0,0.3182685797899043,361.0,0.14267187035225232,548.0,88.0,313.0,-5.0,252.5,-1.0,161.5,0.00011712004130455474,566.0,421.875,62.5
TIME:seg_energy_1,5,0.002688267733901739,649.0,0.16335192347525676,637.0,0.40547961658450093,214.0,0.19211324446053685,291.0,0.0,701.5,-4.0,152.5,-13.0,406.0,0.00023282581971873005,339.0,423.75,62.5
TF:Ef_max,5,11.32401180267334,143.0,0.15655028929280168,681.0,0.28432731799983246,456.0,0.16735862723141473,373.0,0.0,701.5,-9.0,652.5,-1.0,161.5,0.00039051239227372493,237.0,425.6875,62.5
TF:glcm_66_energy_d4_a1,5,0.0003265165723860264,770.0,0.18562395911306986,529.0,0.3159131689517598,366.0,0.24033518754675692,172.0,0.0,701.5,-5.0,252.5,-3.0,396.0,0.0003320145200640127,268.0,431.875,62.5
TF:DWT_L1_range,5,46.00421142578125,109.5,0.2510446621985449,182.5,0.3022687431912998,408.5,0.14424697508454068,531.5,62.0,339.0,-10.0,752.5,-325.0,718.0,0.00017253899575388695,417.0,432.3125,62.5
TF:glcm_67_homogeneity_d4_a1,5,0.00039893854409456253,751.0,0.16723887671131965,611.0,0.28541261716355404,452.0,0.1514636567656806,464.0,0.0,701.5,-3.0,52.5,-1.0,161.5,0.0003211021306283439,274.0,433.4375,62.5
TF:DWT_L1_p2p,5,46.00421142578125,109.5,0.2510446621985449,182.5,0.3022687431912998,408.5,0.14424697508454068,531.5,60.0,341.0,-10.0,752.5,-264.0,657.0,0.00013784342758615454,497.0,434.9375,62.5
TF:glcm_36_energy_d2_a3,5,0.00033782931859605014,763.5,0.19004838382360953,504.5,0.3541676860959848,290.5,0.24421693170125458,160.5,0.0,701.5,-7.0,452.5,-2.0,359.0,0.0003498806785945338,257.0,436.125,62.5
TF:tf_aspect_ratio,5,1.0707658529281616,248.0,0.10462672248768373,812.0,0.38760837845791496,241.0,0.04927092913167078,799.0,0.0,701.5,-6.0,352.5,-1.0,161.5,0.0005574908858914078,177.0,436.5625,62.5
TF:lbp_b24,5,5.531348142540082e-05,827.0,0.19917888494787364,452.0,0.26115935544603897,532.0,0.18721885139477443,305.0,0.0,701.5,-5.0,252.5,-1.0,161.5,0.0003362303654522591,263.0,436.8125,62.5
TF:WPT_ddad_var,5,0.0009403941221535206,713.0,0.24395337165217876,230.0,0.2659145523431814,519.0,0.16057000977100536,403.0,32.0,369.0,-6.0,352.5,-9.0,402.5,0.00013461615060005925,509.0,437.25,62.5
TF:WPT_dadd_abs_mean,5,0.0002902719716075808,783.0,0.26391789000278304,129.0,0.3688821822535622,271.0,0.2193432860166456,218.0,148.0,253.0,-12.0,952.5,-164.0,557.5,0.00023588668641923104,337.0,437.625,62.5
TF:glcm_57_homogeneity_d3_a3,5,0.0003074456471949816,777.0,0.19442471629502048,476.0,0.31094437451997514,380.0,0.14648848045060583,506.0,0.0,701.5,-5.0,252.5,-1.0,161.5,0.0003236890083888028,273.0,440.9375,62.5
TF:WPT_ddaa_abs_mean,5,0.001285909442231059,693.0,0.23214650989688512,314.0,0.38737410929848126,242.0,0.23656986033695412,183.0,117.0,284.0,-10.0,752.5,-109.0,502.5,0.00012038750660226399,559.0,441.25,62.5
TF:glcm_79_entropy_d4_a3,5,0.014763629995286465,550.0,0.11764972616176649,783.0,0.28692369670937,443.0,0.17346680959489602,355.0,0.0,701.5,-5.0,252.5,-1.0,161.5,0.00029352749694648925,292.0,442.3125,62.5
TF:WPT_adad_iqr,5,0.07697499543428421,445.0,0.24831449911681946,208.0,0.36881381275532954,273.0,0.248813313814978,139.0,175.0,226.0,-11.0,852.5,-258.0,651.0,5.970990089534985e-05,773.0,445.9375,62.5
TF:WPT_ddaa_rel_energy,5,2.7297562610328896e-07,920.0,0.2396000775587496,277.0,0.31070984167811,381.0,0.18050364894931642,320.0,127.0,274.0,-4.0,152.5,-145.0,538.0,7.113047659020857e-05,722.0,448.0625,62.5
FREQ:pow_std,5,1592217600.0,10.0,0.13861714471190048,735.0,0.3253791488473414,346.0,0.12795009947451247,621.0,0.0,701.5,-7.0,452.5,-2.0,359.0,0.00019998155814840944,374.0,449.875,62.5
TF:WPT_aada_abs_mean,5,0.08176103979349136,441.0,0.2666626699570703,124.0,0.44429558223844756,146.0,0.22354698383610522,208.0,113.0,288.0,-11.0,852.5,-193.0,586.5,0.0,971.0,452.125,62.5
TF:glcm_61_energy_d4_a0,5,0.00030767134740017354,776.0,0.18297262640584958,539.0,0.32242344122094346,355.0,0.23884260282595274,177.0,0.0,701.5,-5.0,252.5,-2.0,359.0,0.00014684536818892937,460.0,452.5,62.5
FREQ:hist_b28,5,0.0017826611874625087,676.0,0.1722834852017441,588.0,0.3199513468056412,360.0,0.18707916319750487,306.0,19.0,382.0,-6.0,352.5,-2.0,359.0,0.00010261200566132395,616.0,454.9375,62.5
TF:WPT_ddda_abs_mean,5,0.001917322282679379,671.0,0.2569591409744553,152.0,0.39405302605452697,235.0,0.2114064775721236,239.0,91.0,310.0,-11.0,852.5,-79.0,472.5,7.460622135403338e-05,708.0,455.0,62.5
TF:WPT_adaa_iqr,5,0.008745678700506687,586.0,0.24334649465709968,241.0,0.3597951130062995,284.0,0.2519159101553982,125.0,180.0,221.0,-11.0,852.5,-67.0,460.5,3.2164677382443295e-05,873.0,455.375,62.5
TIME:tkeo_std,5,0.06003858894109726,459.0,0.22150460507192907,356.0,0.2516856872464608,557.0,0.1922488945824003,290.0,187.0,214.0,-9.0,652.5,-1.0,161.5,0.0,971.0,457.625,62.5
FREQ:bandP_rel_6,5,0.0013431336265057325,691.5,0.2493959774261859,204.5,0.33366339832219927,336.0,0.16326235393394112,384.5,38.0,363.0,-6.0,352.5,-117.0,510.5,4.275795602658458e-05,831.0,459.1875,62.5
TF:WPT_aaad_var,5,0.7433165907859802,261.5,0.1671121386567779,617.5,0.20640913199943745,639.5,0.20340274076602188,267.5,0.0,701.5,-6.0,352.5,-63.0,456.5,0.0001878996708223308,396.0,461.5625,62.5
TF:glcm_51_energy_d3_a2,5,0.000362742313882336,756.0,0.19178939354795044,493.0,0.3842907515445546,249.0,0.2484136600222424,143.0,0.0,701.5,-7.0,452.5,-2.0,359.0,0.0001226518463352129,546.0,462.5,62.5
TF:DWT_L3_var,5,0.7433165907859802,261.5,0.1671121386567779,617.5,0.20640913199943745,639.5,0.20340274076602188,267.5,0.0,701.5,-6.0,352.5,-51.0,444.0,0.00014930564415303925,453.0,467.125,62.5
TF:WPT_dada_abs_mean,5,0.0008338465122506022,717.0,0.2641843963398646,128.0,0.4179710588725616,187.0,0.21595017446796066,221.0,124.0,277.0,-11.0,852.5,-48.0,441.0,1.5308685278749626e-05,914.0,467.1875,62.5
TF:glcm_1_energy_d1_a0,5,0.0003260157536715269,771.0,0.18889253496795774,511.0,0.42614359979892713,175.0,0.23832760978685452,178.0,0.0,701.5,-7.0,452.5,-100.0,493.0,0.00013996781672547882,489.0,471.375,62.5
TF:glcm_31_energy_d2_a2,5,0.00036072006332688034,757.0,0.1920572128207816,490.0,0.35937883525207814,285.0,0.24851703051313376,142.0,0.0,701.5,-7.0,452.5,-2.0,359.0,0.00011289018360019306,584.0,471.375,62.5
TF:WPT_low_high_ratio,5,330337.375,22.0,0.10977646744101917,800.0,0.29004782436195287,427.0,0.011809364053954101,900.0,0.0,701.5,-3.0,52.5,-24.0,417.5,0.0001464047889326742,462.0,472.8125,62.5
TF:glcm_16_energy_d1_a3,5,0.00033782931859605014,763.5,0.19004838382360953,504.5,0.3541676860959848,290.5,0.24421693170125458,160.5,0.0,701.5,-7.0,452.5,-24.0,417.5,0.00013679378145333617,501.0,473.9375,62.5
TF:WPT_ddad_tk_mean,5,0.0009869447676464915,709.0,0.24250396656684936,247.0,0.31115588503776825,379.0,0.15762605302885935,419.0,29.0,372.0,-6.0,352.5,-170.0,563.0,6.003183163264097e-05,772.0,476.6875,62.5
TF:Ef_std,5,0.05142068862915039,466.0,0.14650167933574673,710.0,0.302398918886031,407.0,0.17069358605889612,365.0,0.0,701.5,-10.0,752.5,-1.0,161.5,0.0003266811143053384,271.0,479.3125,62.5
TF:WPT_ddad_log_energy,5,0.18192781507968903,369.0,0.18191985360582033,541.0,0.2738157103248673,481.0,0.13984985419037788,562.0,0.0,701.5,-7.0,452.5,-46.0,439.5,0.00022724191190697098,345.0,486.4375,62.5
TF:glcm_27_homogeneity_d2_a1,5,0.0001976134517462924,793.5,0.21449669317927703,382.5,0.27817082907228796,468.5,0.17393464744712478,351.5,0.0,701.5,-8.0,552.5,-2.0,359.0,0.00030249589875806034,285.0,486.75,62.5
TF:glcm_6_energy_d1_a1,5,0.00033764142426662147,765.5,0.1906392744939435,499.5,0.3665343448204763,274.5,0.2478719014228356,145.5,0.0,701.5,-7.0,452.5,-2.0,359.0,7.476221151995562e-05,707.0,488.125,62.5
TF:WPT_aadd_min,5,3.387708902359009,191.0,0.2069313847474884,424.0,0.31793388522459987,362.0,0.14324937079712202,544.0,11.0,390.0,-7.0,452.5,-276.0,669.0,2.505610266395126e-05,894.0,490.8125,62.5
TF:WPT_ddad_rel_energy,5,3.5606078654382145e-06,879.0,0.24384970647994186,231.0,0.25778508358743046,541.0,0.15936994179983807,409.0,41.0,360.0,-6.0,352.5,-90.0,483.0,8.140551266484669e-05,686.0,492.6875,62.5
TF:Ef_mean,5,4.1109738958766684e-05,835.0,0.19498456996521488,473.0,0.3349274755879943,331.0,0.15485922643058533,442.0,0.0,701.5,-7.0,452.5,-1.0,161.5,0.00012149705525122998,552.0,493.5625,62.5
TF:WPT_dddd_var,5,0.0012342098634690046,697.0,0.25202650149383476,179.0,0.30933768844783005,384.0,0.15896467727139887,412.0,47.0,354.0,-6.0,352.5,-240.0,633.0,3.9136338428890865e-22,939.0,493.8125,62.5
TF:glcm_7_homogeneity_d1_a1,5,0.0001976134517462924,793.5,0.21449669317927703,382.5,0.27817082907228796,468.5,0.17393464744712478,351.5,0.0,701.5,-8.0,552.5,-2.0,359.0,0.0002284152845775065,343.0,494.0,62.5
FREQ:frac_low,5,0.02424781024456024,521.0,0.19749026827195434,464.0,0.33407321235435017,333.0,0.16037940237126336,405.0,0.0,701.5,-9.0,652.5,-97.0,490.0,0.0001936314712688926,387.0,494.25,62.5
TF:WPT_dddd_rms,5,0.006307669449597597,600.0,0.2356642342249218,297.0,0.3138060772691671,372.0,0.17877607137805437,333.0,0.0,701.5,-12.0,952.5,-41.0,434.0,0.00033409557231823053,265.0,494.375,62.5
TF:WPT_ddad_tk_max,5,0.41075587272644043,315.0,0.1272364615039762,771.0,0.19710902522878992,670.0,0.10399897534456266,686.0,0.0,701.5,-7.0,452.5,-1.0,161.5,0.0004362694718657547,215.0,496.5625,62.5
TF:WPT_ddaa_rms,5,0.0017286974471062422,677.0,0.2237416867924328,349.0,0.30309851963093104,406.0,0.20932527365006648,254.0,0.0,701.5,-9.0,652.5,-104.0,497.0,0.00015582609740118846,438.0,496.875,62.5
TF:glcm_71_energy_d4_a2,5,0.0003652342420537025,755.0,0.19132955128875506,496.0,0.37278425513228264,266.0,0.24764254721749607,147.0,0.0,701.5,-7.0,452.5,-2.0,359.0,4.9551361617893135e-05,806.0,497.875,62.5
TF:WPT_aaaa_energy,5,2143844.25,13.0,0.20578926979386056,429.0,0.2298088402673586,598.0,0.1602418285918467,407.0,0.0,701.5,-12.0,952.5,-27.0,420.5,0.0001459129586164325,463.0,498.0625,62.5
TIME:hist_b13,5,3.3525851904414594e-05,840.0,0.19438913278682282,477.0,0.21516829669178028,625.0,0.11726654353799722,653.0,37.0,364.0,-7.0,452.5,-1.0,161.5,0.00016979794667367355,419.0,499.0,62.5
TIME:zcr_rate,5,41758.51171875,36.0,0.20876896741901488,416.0,0.27215400239516985,489.0,0.15552549464222976,435.0,0.0,701.5,-11.0,852.5,-271.0,664.0,0.00017867315405574284,408.0,500.25,62.5
TF:WPT_aaaa_var,5,7.991344928741455,163.0,0.20583205509364658,428.0,0.22387209992154222,612.0,0.16032112553622208,406.0,0.0,701.5,-12.0,952.5,-6.0,399.5,0.00017786227338089598,409.0,508.9375,62.5
FREQ:spec_entropy_shannon,5,0.975522518157959,250.0,0.1378204638821229,738.0,0.3021236690830378,411.0,0.15901188374418856,411.0,0.0,701.5,-10.0,752.5,-2.0,359.0,0.000148149238960638,456.0,509.875,62.5
TF:hog_b5,5,2.9438522687996738e-05,846.0,0.19251718966462106,486.0,0.2500638853011461,559.0,0.16040268707182442,404.0,0.0,701.5,-5.0,252.5,-55.0,448.5,0.00018915734092237482,392.0,511.1875,62.5
TF:DWT_L5_std,5,0.048356954008340836,472.0,0.2331687012285425,311.0,0.3497643172784417,301.0,0.15589916472382542,431.0,0.0,701.5,-12.0,952.5,-162.0,555.5,0.0001820043520386829,401.0,515.6875,62.5
TF:Ef_flatness,5,1.821098272181132e-09,937.0,0.21044829804080004,406.0,0.26554147247268167,521.0,0.18955438693172763,297.0,0.0,701.5,-7.0,452.5,-86.0,479.5,0.00022910862339611403,341.0,516.9375,62.5
TF:WPT_aadd_max,5,3.5889813899993896,189.0,0.19347989564162293,481.0,0.18821184205207775,695.0,0.15919528108955083,410.0,59.0,342.0,-6.0,352.5,-455.0,848.0,3.6749283560635655e-05,858.0,521.9375,62.5
TF:lbp_b0,5,3.64882689609658e-05,839.0,0.20947099414588463,412.0,0.3876922759519825,240.0,0.20285186511333447,270.0,0.0,701.5,-11.0,852.5,-55.0,448.5,0.00017291134509350153,416.0,522.4375,62.5
TF:WPT_ddad_rms,5,0.005826928187161684,606.0,0.22908800028350815,329.0,0.27151170804024183,497.0,0.1842682791462063,312.0,0.0,701.5,-12.0,952.5,-31.0,424.0,0.000212632876400659,358.0,522.5,62.5
TF:WPT_aaaa_std,5,0.25795212388038635,351.0,0.21425509185453515,386.0,0.2254504823298249,606.0,0.15491212476749366,440.0,0.0,701.5,-12.0,952.5,-17.0,410.5,0.00021867337440394715,352.0,524.9375,62.5
TF:hog_b9,5,6.249613943509758e-05,821.0,0.19193181494479697,491.0,0.30950160622329337,382.0,0.22432300674189626,202.0,0.0,701.5,-11.0,852.5,-2.0,359.0,0.00014879635567189905,455.0,533.0,62.5
TF:WPT_addd_rms,5,0.06824217736721039,450.0,0.23960132135295373,276.0,0.23566709190264534,589.0,0.1652714418588743,379.0,0.0,701.5,-12.0,952.5,-193.0,586.5,0.00016848119139931347,423.0,544.6875,62.5
TF:WPT_addd_tk_std,5,0.5674673318862915,293.0,0.1969607425841733,465.0,0.19018008020350585,690.0,0.12152884540304582,643.0,0.0,701.5,-10.0,752.5,-55.0,448.5,0.0001996214939006207,375.0,546.0625,62.5
TF:lbp_b15,5,4.499216447584331e-05,833.0,0.194148147532505,479.0,0.2878356650530267,440.0,0.15749198221901306,422.0,0.0,701.5,-11.0,852.5,-2.0,359.0,0.00026449002248797777,317.0,550.5,62.5
TF:WPT_dada_tk_std,5,0.00018125923816114664,800.0,0.14892152509088055,705.0,0.1664677878339842,743.0,0.16093809665109504,397.0,0.0,701.5,-7.0,452.5,-51.0,444.0,0.0006233676794876257,164.0,550.875,62.5
TF:WPT_adda_rms,5,0.10176918655633926,407.0,0.22459598736320296,345.0,0.30226142033428127,410.0,0.14321582695712246,545.0,0.0,701.5,-12.0,952.5,-290.0,683.0,0.0002010976913622374,370.0,551.75,62.5
TF:WPT_aaaa_median,4,0.020630013197660446,528.0,0.17250733157147666,584.0,0.2135210689861724,627.0,0.21228937331091194,234.0,265.0,136.0,-4.0,152.5,-129.0,522.0,0.00023498720694009156,338.0,390.1875,50.0
TF:glcm_62_homogeneity_d4_a0,4,0.0006128480308689177,734.0,0.17885304944201993,553.0,0.2695052435039291,511.0,0.21171674713754324,237.0,0.0,701.5,-3.0,52.5,-1.0,161.5,0.00041636752612720507,226.0,397.0625,50.0
TF:glcm_77_homogeneity_d4_a3,4,0.0004003698704764247,750.0,0.16050514598906077,652.0,0.31655694873500373,365.0,0.14419437318005465,534.0,0.0,701.5,-3.0,52.5,-1.0,161.5,0.0014557310922308137,80.0,412.0625,50.0
TF:WPT_aada_kurt,4,276.5438232421875,74.0,0.1789435256327405,552.0,0.6313737736398108,44.0,0.052842728658920916,795.0,0.0,701.5,-10.0,752.5,-1.0,161.5,0.0004143301083010599,228.0,413.5625,50.0
TF:WPT_aadd_p2p,4,11.288744926452637,145.5,0.21770892196068128,368.5,0.2547373396623138,549.5,0.2107473904842212,243.5,119.0,282.0,-9.0,652.5,-126.0,519.0,0.00012134958491795823,555.0,414.4375,50.0
TF:WPT_adaa_mad,4,0.002190427854657173,662.0,0.243670681156524,233.0,0.3794734769461061,257.0,0.2519432077200515,124.0,184.0,217.0,-11.0,852.5,-126.0,519.0,0.000136427767716395,504.0,421.0625,50.0
TF:Ef_harmonic_ratio,4,0.0029179975390434265,647.0,0.18831432069856113,515.0,0.21517195174009585,624.0,0.13748490958758738,576.0,287.0,114.0,-4.0,152.5,-63.0,456.5,0.00028630405743569284,295.0,422.5,50.0
TF:WPT_aadd_range,4,11.288744926452637,145.5,0.21770892196068128,368.5,0.2547373396623138,549.5,0.2107473904842212,243.5,122.0,279.0,-9.0,652.5,-139.0,532.0,8.481989897270254e-05,676.0,430.8125,50.0
TF:WPT_aaaa_range,4,39.14130401611328,113.5,0.2503551443443704,189.5,0.3238979926802479,351.5,0.14024782276313955,560.5,121.0,280.0,-10.0,752.5,-279.0,672.5,0.00012166178911545225,551.0,433.875,50.0
TF:WPT_dadd_mad,4,0.0002661171311046928,786.0,0.2792642310594081,85.0,0.38910110795107844,238.0,0.2596904452686006,105.0,231.0,170.0,-11.0,852.5,-109.0,502.5,5.8388618048563504e-05,778.0,439.625,50.0
TF:glcm_47_homogeneity_d3_a1,4,0.0003158713807351887,774.0,0.18184398875584296,543.0,0.30477051530036325,397.0,0.14137048606691274,556.0,0.0,701.5,-5.0,252.5,-1.0,161.5,0.0007567112810583669,135.0,440.0625,50.0
TF:WPT_daad_mad,4,3.673649553093128e-05,838.0,0.27361219234641815,100.0,0.38510171416663663,245.0,0.24805288215650262,144.0,235.0,166.0,-11.0,852.5,-178.0,571.5,9.13487440550237e-05,653.0,446.25,50.0
TIME:hist_b6,4,0.01094443816691637,572.0,0.16912486103012825,597.0,0.23800737985465847,579.0,0.16225573592979328,391.0,0.0,701.5,-6.0,352.5,-1.0,161.5,0.000388357735321455,239.0,449.1875,50.0
TF:WPT_aaad_energy,4,200117.09375,23.5,0.1672147399927075,612.5,0.2057041428260611,644.5,0.2021398504009891,271.5,0.0,701.5,-6.0,352.5,-2.0,359.0,8.633710325966771e-05,673.0,454.75,50.0
TF:WPT_daaa_iqr,4,7.655191438971087e-06,872.0,0.2828447212240169,77.0,0.4481851325515023,141.0,0.24633271011509106,154.0,195.0,206.0,-10.0,752.5,-137.0,530.5,2.0530031595120026e-05,907.0,455.0,50.0
TF:WPT_aaaa_tk_max,4,12744.775390625,48.0,0.20176161167026,444.0,0.3477796771360282,306.0,0.1079783915003636,677.0,7.0,394.0,-9.0,652.5,-202.0,595.0,0.0001283074179376043,526.0,455.3125,50.0
TF:WPT_adad_mad,4,0.019390776753425598,537.0,0.2480712511957122,209.0,0.38031611418257505,256.0,0.2470372495956726,151.0,174.0,227.0,-11.0,852.5,-196.0,589.0,4.2222199161205075e-05,835.0,457.0625,50.0
TF:Ef_rolloff99,4,40772.82421875,37.0,0.15375540744839514,685.0,0.4044838443207155,216.0,0.09508471875497947,723.0,0.0,701.5,-5.0,252.5,-100.0,493.0,0.000109356357201759,591.0,462.375,50.0
TF:WPT_adaa_abs_mean,4,0.002655792748555541,650.0,0.24366968707997186,234.0,0.43523156299897714,159.0,0.22555072354981928,197.0,96.0,305.0,-11.0,852.5,-232.0,625.5,8.418109585273359e-05,679.0,462.75,50.0
FREQ:spec_skew,4,19.68306541442871,126.0,0.13041643369668862,758.0,0.32688673471407803,342.0,0.122475016268516,636.0,0.0,701.5,-8.0,552.5,-1.0,161.5,0.00016696134302757694,425.0,462.8125,50.0
TF:DWT_L1_tk_std,4,182.26234436035156,79.0,0.23720226677858658,287.0,0.29804278755730085,419.0,0.11692328465197015,654.0,0.0,701.5,-9.0,652.5,-243.0,636.0,0.00031000370747931606,283.0,464.0,50.0
TF:hog_b1,4,6.490435771411285e-05,819.0,0.18745034385943415,520.0,0.2832854018504243,462.0,0.2237819690435733,206.0,0.0,701.5,-8.0,552.5,-1.0,161.5,0.0002849529341068153,296.0,464.8125,50.0
TF:Ef_range,4,11.32401180267334,143.0,0.15655028929280168,681.0,0.28432731799983246,456.0,0.16735862723141473,373.0,0.0,701.5,-9.0,652.5,-1.0,161.5,0.00012094082339370656,557.0,465.6875,50.0
TF:WPT_adad_energy,4,6973.32958984375,55.0,0.241069469812585,263.0,0.27034971182864265,507.0,0.15803096584512039,416.0,0.0,701.5,-8.0,552.5,-286.0,679.0,0.00011859832358350415,562.0,467.0,50.0
TF:WPT_aadd_tk_max,4,984.0755004882812,64.0,0.19658637220850506,469.0,0.28766749225998467,442.0,0.14095100098518215,557.0,42.0,359.0,-10.0,752.5,-148.0,541.5,0.00011478471463894166,575.0,470.0,50.0
TF:glcm_21_energy_d2_a0,4,0.0003216590266674757,773.0,0.18661913138905864,521.0,0.3461861224419942,311.0,0.2375473353121417,180.0,0.0,701.5,-5.0,252.5,-75.0,468.0,0.00012145027819531356,554.0,470.125,50.0
TF:DWT_L5_energy,4,384349.28125,21.0,0.24978894114328068,200.0,0.353000585147897,295.0,0.14581461160456874,515.0,0.0,701.5,-10.0,752.5,-90.0,483.0,5.467539827784943e-05,796.0,470.5,50.0
TF:WPT_addd_var,4,0.1692434847354889,378.0,0.2554309681233824,154.0,0.2267157446386463,604.0,0.1485726079598524,486.0,15.0,386.0,-8.0,552.5,-268.0,661.0,0.00011829006936611362,564.0,473.1875,50.0
FREQ:spec_kurt,4,44665.203125,35.0,0.10835720900511903,803.0,0.2999891836320092,415.0,0.06421089221212681,774.0,0.0,701.5,-8.0,552.5,-1.0,161.5,0.00021030673820099794,361.0,475.4375,50.0
TF:tfband_4,4,4.622661113739014,182.0,0.16118588454433536,648.0,0.190924567319521,687.0,0.17690714096021115,340.0,0.0,701.5,-4.0,152.5,-2.0,359.0,6.843971409006414e-05,734.0,475.5,50.0
TF:divergence_mean,4,0.013083335943520069,557.0,0.16124801928474738,647.0,0.31217201403617345,376.0,0.1893381740254611,298.0,0.0,701.5,-10.0,752.5,-1.0,161.5,0.00026576918450519965,315.0,476.0625,50.0
TF:WPT_aaaa_p2p,4,39.14130401611328,113.5,0.2503551443443704,189.5,0.3238979926802479,351.5,0.14024782276313955,560.5,120.0,281.0,-10.0,752.5,-365.0,758.0,5.1005161460595535e-05,802.0,476.0625,50.0
TIME:hist_b4,4,0.00844714418053627,587.0,0.1682147875310844,603.0,0.21865202326115707,617.0,0.14143195388177063,555.0,14.0,387.0,-7.0,452.5,-1.0,161.5,0.00015094274932329926,449.0,476.5,50.0
FREQ:hist_b30,4,0.00507121067494154,613.0,0.17818961368690797,558.0,0.2685571582111619,514.0,0.22575986963749695,196.0,8.0,393.0,-7.0,452.5,-2.0,359.0,6.94522406856782e-05,729.0,476.8125,50.0
TIME:d1_mean_abs,4,0.01202983595430851,562.0,0.2663255265813189,126.0,0.46326602140838746,128.5,0.21348639519376225,230.0,134.0,267.0,-11.0,852.5,-400.0,793.0,3.636642258974518e-05,863.0,477.75,50.0
TF:DWT_L0_tk_std,4,744.4895629882812,66.0,0.2109403680277516,402.0,0.21949743871826,615.0,0.16447852236865732,382.0,0.0,701.5,-8.0,552.5,-221.0,614.5,0.00013982270559410658,490.0,477.9375,50.0
TF:WPT_dddd_abs_mean,4,0.005050760693848133,614.0,0.2473643923724035,214.0,0.38510021174957254,246.0,0.22368004024045587,207.0,85.0,316.0,-12.0,952.5,-216.0,609.0,8.806683812598625e-05,665.0,477.9375,50.0
TF:WPT_ddaa_tk_std,4,0.00019743246957659721,795.0,0.1949730841417627,475.0,0.22828480276673258,601.0,0.1478836215807827,492.0,0.0,701.5,-3.0,52.5,-1.0,161.5,0.00012200617728809767,549.0,478.4375,50.0
TIME:mean_peak_interval,4,103.5903091430664,91.0,0.2030496222404615,437.0,0.3301841500897704,339.0,0.12483832499090419,630.0,0.0,701.5,-8.0,552.5,-17.0,410.5,7.74421035879019e-05,694.0,481.9375,50.0
TF:glcm_76_energy_d4_a3,4,0.00032513646874576807,772.0,0.1862425192766151,525.0,0.3367596790579004,326.0,0.24281486741954522,162.0,0.0,701.5,-5.0,252.5,-4.0,397.5,7.154484421226752e-05,719.0,481.9375,50.0
TF:WPT_ddaa_std,4,0.001726221409626305,679.0,0.22369244241907782,350.0,0.3033823044080446,403.0,0.20939409594662967,253.0,0.0,701.5,-9.0,652.5,-114.0,507.0,0.00027171023386371045,310.0,482.0,50.0
TF:DWT_L0_kurt,4,17.200109481811523,134.0,0.09699210482483495,829.0,0.09764868146346872,847.0,0.07751475345117512,751.0,0.0,701.5,-3.0,52.5,-1.0,161.5,0.00019323169343479896,388.0,483.0625,50.0
FREQ:psd_range,4,0.0010154478950425982,703.5,0.14530610608618857,713.5,0.29003837229699814,429.0,0.10937606227347375,673.5,0.0,701.5,-6.0,352.5,-1.0,161.5,0.0006846560577778807,148.0,485.375,50.0
TIME:d2_mean_abs,4,0.01142944023013115,567.0,0.26163744200101735,141.0,0.41093725096909584,207.0,0.21390211831035233,227.0,137.0,264.0,-12.0,952.5,-274.0,667.5,3.5301847709732223e-05,869.0,486.875,50.0
TF:glcm_56_energy_d3_a3,4,0.00032953539630398154,769.0,0.18751293657023663,519.0,0.33553402478472716,327.0,0.2427314306878444,163.0,0.0,701.5,-5.0,252.5,-2.0,359.0,4.670239792872088e-05,813.0,488.0,50.0
TF:WPT_dddd_log_energy,4,0.15682393312454224,382.0,0.18644701641885356,523.0,0.3118725178116617,377.0,0.12987773044011086,611.0,0.0,701.5,-7.0,452.5,-2.0,359.0,0.00013302627799407528,514.0,490.0,50.0
FREQ:bandP_4,4,4521103720448.0,7.0,0.1596790020051654,664.0,0.1722705491914449,734.5,0.17920968593323178,328.0,0.0,701.5,-7.0,452.5,-184.0,577.0,0.0001441694484767031,472.0,492.0625,50.0
TF:WPT_aaaa_min,4,10.782281875610352,148.0,0.19342835548445128,482.0,0.29538822380966456,422.0,0.10328042903948495,690.0,0.0,701.5,-9.0,652.5,-135.0,528.0,0.00025735630529131597,322.0,493.25,50.0
TF:Ef_entropy,4,0.554879903793335,295.0,0.16198966935244136,642.0,0.2886455379834296,438.0,0.14538310004987828,520.0,0.0,701.5,-10.0,752.5,-1.0,161.5,0.00015806231811868476,436.0,493.3125,50.0
FREQ:bandP_0,4,10872258822144.0,3.0,0.15250156093885867,695.0,0.2089430471346554,634.5,0.14870443713494574,484.0,0.0,701.5,-7.0,452.5,-172.0,565.5,0.00017439703261355505,411.0,493.375,50.0
TF:glcm_42_homogeneity_d3_a0,4,0.0004826266667805612,747.0,0.16968785443391668,594.0,0.20403875893877954,653.0,0.16139736678396938,395.0,0.0,701.5,-7.0,452.5,-1.0,161.5,0.0003536687095446401,256.0,495.0625,50.0
TF:Ef_n_peaks,4,40.103694915771484,112.0,0.21562233511552845,380.0,0.272098139599418,491.0,0.13124555160142348,604.0,0.0,701.5,-6.0,352.5,-162.0,555.5,5.8144732468264635e-05,779.0,496.9375,50.0
TF:DWT_L3_rms,4,0.08615848422050476,426.5,0.16736222413485258,607.5,0.2055878039697876,646.5,0.18723895576315214,303.5,0.0,701.5,-9.0,652.5,-2.0,359.0,0.000279782395338626,304.0,500.125,50.0
TF:WPT_aaaa_tk_mean,4,10.03353500366211,153.0,0.14334847769611428,718.0,0.33389433739898244,334.0,0.14078339302282003,558.0,0.0,701.5,-11.0,852.5,-2.0,359.0,0.0002540882278694685,325.0,500.125,50.0
TF:WPT_adad_abs_mean,4,0.021798495203256607,525.0,0.24897093053922856,206.0,0.33762614409712643,324.0,0.21633531215709,220.0,94.0,307.0,-12.0,952.5,-175.0,568.0,9.614554902437879e-06,924.0,503.3125,50.0
TF:glcm_41_energy_d3_a0,4,0.000312903372105211,775.0,0.18439165162531948,536.0,0.3537769212426305,292.0,0.2371073025409236,182.0,0.0,701.5,-5.0,252.5,-2.0,359.0,7.500712872186657e-22,937.0,504.375,50.0
TF:WPT_aaad_tk_mean,4,0.7707539796829224,256.5,0.16241657631849102,640.5,0.20430394987130773,651.5,0.1723285169710599,357.5,0.0,701.5,-9.0,652.5,-95.0,488.0,0.00029623041536925367,290.0,504.75,50.0
TF:coherence_mean,4,0.00029388043913058937,782.0,0.15951050028910194,668.0,0.33779135743413713,323.0,0.18758267834328796,302.0,0.0,701.5,-10.0,752.5,-1.0,161.5,0.00022226098816109462,350.0,505.0625,50.0
TF:lbp_b31,4,0.0002421950630377978,789.0,0.19124681690909798,497.0,0.32380462847223823,353.0,0.23991039754151092,173.0,0.0,701.5,-8.0,552.5,-1.0,161.5,4.461809055716908e-05,824.0,506.4375,50.0
TF:WPT_dada_energy,4,11.043648719787598,147.0,0.2435079760294849,238.0,0.276842969653901,472.0,0.13781099258899884,573.0,0.0,701.5,-9.0,652.5,-253.0,646.5,9.773079287229901e-05,633.0,507.9375,50.0
TF:WPT_adaa_energy,4,132.14334106445312,87.0,0.22542020133579543,341.0,0.28885656792534187,436.0,0.13877529846395276,565.0,0.0,701.5,-6.0,352.5,-388.0,781.0,5.200951621269072e-05,801.0,508.125,50.0
FREQ:pow_max,4,6814546526208.0,6.0,0.14530620535408237,712.0,0.29003837229699814,429.0,0.10937606258714669,672.0,0.0,701.5,-6.0,352.5,-2.0,359.0,4.088732573605596e-05,840.0,509.0,50.0
TF:Ef_centroid,4,39510.6328125,39.0,0.23990826801564655,272.0,0.3071448065077491,393.0,0.15469496414553943,443.0,0.0,701.5,-10.0,752.5,-208.0,601.5,2.2858544561842885e-05,897.0,512.4375,50.0
TF:WPT_daaa_abs_mean,4,2.888361677833018e-06,886.0,0.26186859227179954,139.0,0.3531224883863895,294.0,0.190467550990957,296.0,106.0,295.0,-10.0,752.5,-315.0,708.0,6.878994642910732e-05,732.0,512.8125,50.0
FREQ:spec_slope,4,1.2482401871238835e-05,865.0,0.16902898549151232,599.0,0.31755774847782137,363.0,0.17875087479740187,334.0,0.0,701.5,-8.0,552.5,-2.0,359.0,0.0002453969120069876,332.0,513.25,50.0
TF:glcm_59_entropy_d3_a3,4,0.01157755684107542,566.0,0.08617174828780157,841.0,0.21634434279818526,621.0,0.15165369791582195,463.0,0.0,701.5,-7.0,452.5,-1.0,161.5,0.00028113227468801866,301.0,513.4375,50.0
TF:WPT_adda_var,4,0.41236943006515503,314.0,0.24175719727096665,256.0,0.3004402336428358,413.0,0.1376842470073526,575.0,0.0,701.5,-11.0,852.5,-164.0,557.5,0.0001537075669004018,443.0,514.0625,50.0
TF:WPT_band_centroid,4,0.5287618637084961,297.0,0.24140888243179046,259.0,0.25269588222752226,553.0,0.1475992472771669,496.0,0.0,701.5,-11.0,852.5,-190.0,583.5,0.00020036530028908194,373.0,514.4375,50.0
TF:WPT_dada_tk_mean,4,4.333634933573194e-05,834.0,0.24589978210296345,220.0,0.3519565990306246,297.0,0.13874357855485497,566.0,0.0,701.5,-8.0,552.5,-199.0,592.0,0.0002127143068434139,357.0,515.0,50.0
TF:glcm_49_entropy_d3_a1,4,0.011795365251600742,564.0,0.0796677807958348,857.0,0.18158672841570933,709.0,0.15517195994204527,438.0,0.0,701.5,-7.0,452.5,-1.0,161.5,0.00038855479916101226,238.0,515.1875,50.0
TF:lbp_b8,4,7.050630756566534e-06,873.0,0.20496269272192513,434.0,0.181282358342294,712.0,0.09809029797017761,712.0,98.0,303.0,-3.0,52.5,-2.0,359.0,7.781364014168801e-05,692.0,517.1875,50.0
TF:WPT_aaad_rel_energy,4,0.0029403662774711847,646.0,0.16854625507040003,602.0,0.1838855629721201,706.0,0.20588415323192777,264.0,0.0,701.5,-6.0,352.5,-17.0,410.5,0.00014469147833815317,470.0,519.0625,50.0
TF:WPT_ddaa_range,4,0.10257948189973831,405.5,0.18023222776600545,548.5,0.1391582035775838,784.5,0.1063265365616266,681.5,0.0,701.5,-6.0,352.5,-2.0,359.0,0.00025627092834704037,324.0,519.625,50.0
TIME:zcr,4,112067.28125,30.0,0.20876900069128154,415.0,0.2727412772904958,485.0,0.15552549452717643,436.0,0.0,701.5,-11.0,852.5,-217.0,610.5,9.56535335711752e-05,636.0,520.8125,50.0
TF:WPT_daad_abs_mean,4,4.080174403497949e-05,837.0,0.26231400598008264,137.0,0.3352421938869563,329.0,0.2077443368770793,257.0,131.0,270.0,-12.0,952.5,-190.0,583.5,4.7637995968776884e-05,810.0,522.0,50.0
TF:WPT_ddad_std,4,0.00581423519179225,607.0,0.2291978735969699,327.0,0.2675017527221457,517.0,0.1847342081532008,310.0,0.0,701.5,-12.0,952.5,-2.0,359.0,0.00017311358825708673,415.0,523.625,50.0
TF:DWT_L0_range,4,87.18355560302734,95.5,0.1967447449985613,467.5,0.1680190388403564,740.5,0.1487954603745931,481.5,0.0,701.5,-6.0,352.5,-249.0,642.0,7.273724607859755e-05,714.0,524.375,50.0
TF:DWT_L6_tk_max,4,0.11073312908411026,400.0,0.1923247946387243,489.0,0.3087905104064772,386.0,0.13204117097867593,601.0,166.0,235.0,-9.0,652.5,-137.0,530.5,9.329419828299144e-22,936.0,528.75,50.0
TF:WPT_aaad_std,4,0.08598741888999939,428.5,0.16726896502575883,609.5,0.20638047461451547,641.5,0.18801567782700676,300.5,0.0,701.5,-9.0,652.5,-41.0,434.0,0.0001434155728817075,477.0,530.625,50.0
TF:DWT_L4_min,4,2.6864631175994873,205.0,0.19826857099182282,456.0,0.16619179776372572,744.0,0.17411526312211217,350.0,27.0,374.0,-11.0,852.5,-307.0,700.0,0.0001172425362282045,565.0,530.8125,50.0
TF:DWT_L6_var,4,0.00014433354954235256,806.0,0.25012694378493816,196.0,0.30867425609410404,387.5,0.1630914692425926,388.0,24.0,377.0,-8.0,552.5,-215.0,608.0,1.028396466802819e-21,935.0,531.25,50.0
TF:WPT_adda_energy,4,111018.8359375,31.0,0.24178998790821635,254.0,0.3031568251958596,405.0,0.13664886924719027,586.0,0.0,701.5,-11.0,852.5,-150.0,543.0,2.7085186437340327e-05,883.0,532.0,50.0
TF:mod10_centroid,4,3.137782096862793,196.0,0.20496307175550563,433.0,0.17227611647796115,733.0,0.07538616206340341,756.0,0.0,701.5,-5.0,252.5,-412.0,805.5,0.0001954819723987112,382.0,532.4375,50.0
TF:WPT_adad_tk_mean,4,0.026127124205231667,510.0,0.23975896155679086,273.0,0.32174725226280687,356.0,0.15773264212338964,418.0,0.0,701.5,-10.0,752.5,-281.0,674.0,0.00011157295400282577,589.0,534.25,50.0
TF:DWT_L1_std,4,0.605412483215332,287.0,0.12494408275938723,774.0,0.2708898698787112,500.0,0.14908172944737214,479.0,0.0,701.5,-8.0,552.5,-114.0,507.0,0.00014371679981217204,476.0,534.625,50.0
TF:WPT_adda_tk_std,4,2.125913381576538,224.0,0.16126387002645315,646.0,0.1573918431394179,752.0,0.14386526557207915,540.0,0.0,701.5,-9.0,652.5,-71.0,464.0,0.00026526609276939953,316.0,537.0,50.0
TF:WPT_adad_var,4,0.025840185582637787,513.0,0.24111361069693024,262.0,0.2716906651423381,493.0,0.15719506211186962,423.0,0.0,701.5,-8.0,552.5,-274.0,667.5,7.380955234500484e-05,712.0,540.5625,50.0
TF:WPT_dada_range,4,0.06772783398628235,452.5,0.16613203875187438,621.5,0.2093152392579194,632.5,0.14945540532886542,475.5,0.0,701.5,-7.0,452.5,-22.0,415.0,0.00011463965243773285,577.0,541.0,50.0
TF:WPT_dddd_std,4,0.006295306142419577,601.0,0.23567477428038383,296.0,0.3122570318239659,375.0,0.17918313708397443,330.0,0.0,701.5,-12.0,952.5,-2.0,359.0,6.264863259181788e-05,759.0,546.75,50.0
TF:DWT_L5_tk_std,4,0.18941102921962738,367.0,0.19797262865732032,457.0,0.2105313339506334,631.0,0.16851225157332286,370.0,0.0,701.5,-11.0,852.5,-167.0,560.5,0.0001529087401295372,445.0,548.0625,50.0
TF:WPT_band_entropy,4,0.29492664337158203,344.0,0.2028506701034253,438.0,0.2790330056523791,467.0,0.13372303849609454,598.0,0.0,701.5,-11.0,852.5,-132.0,525.5,0.00013962153158810222,491.0,552.1875,50.0
TF:WPT_aaaa_zcr,4,0.0051426272839307785,611.0,0.17772199571407465,559.0,0.14521069508040307,777.0,0.15414519446774266,447.0,0.0,701.5,-7.0,452.5,-67.0,460.5,0.00017756683125728562,410.0,552.3125,50.0
TF:WPT_ddaa_log_energy,4,0.21195068955421448,361.0,0.1760347313398151,568.0,0.30781188194114595,391.0,0.180552133757934,319.0,0.0,701.5,-9.0,652.5,-104.0,497.0,5.603682742130608e-06,932.0,552.75,50.0
FREQ:frac_high,4,0.031814347952604294,497.0,0.22077949675343686,359.0,0.2837382212276687,460.0,0.1607647588409881,400.0,0.0,701.5,-12.0,952.5,-148.0,541.5,0.00012146878236929585,553.0,558.0625,50.0
TF:DWT_L5_tk_mean,4,0.08279447257518768,437.0,0.25094839822421405,186.0,0.31729667762321956,364.0,0.15566609140666687,434.0,0.0,701.5,-10.0,752.5,-284.0,677.0,1.3457593595364194e-05,919.0,558.875,50.0
TF:WPT_adda_tk_mean,4,0.429441899061203,309.0,0.2434713228029841,239.0,0.2736801571924068,483.0,0.1370502140909578,583.0,0.0,701.5,-10.0,752.5,-181.0,574.0,4.192164266948486e-05,836.0,559.75,50.0
TF:WPT_aaaa_rel_energy,4,0.0320066474378109,496.0,0.2081901505617175,419.0,0.19824625362639337,668.0,0.16134775341342025,396.0,0.0,701.5,-12.0,952.5,-143.0,536.0,0.00027148745708682867,311.0,560.0,50.0
TF:DWT_L0_p2p,4,87.18355560302734,95.5,0.1967447449985613,467.5,0.1680190388403564,740.5,0.1487954603745931,481.5,0.0,701.5,-6.0,352.5,-525.0,918.5,6.456558052504491e-05,750.0,563.4375,50.0
TF:WPT_adad_std,4,0.028655972331762314,507.0,0.2293158454566083,326.0,0.27166454099795345,494.0,0.17679279288253835,343.0,0.0,701.5,-12.0,952.5,-260.0,653.5,0.00012483613822369898,540.0,564.6875,50.0
TIME:autocorr_lag10,4,0.03581175208091736,486.0,0.17067425276787596,590.0,0.22540949539589805,607.0,0.17530074951887434,348.0,0.0,701.5,-12.0,952.5,-6.0,399.5,0.00015463965761707728,440.0,565.5625,50.0
TIME:tkeo_mean,4,0.026114512234926224,511.0,0.24544382342096296,221.0,0.2858092733048134,448.0,0.1476746429065671,494.0,0.0,701.5,-11.0,852.5,-9.0,402.5,1.815397499991028e-05,909.0,567.4375,50.0
TF:DWT_L5_rms,4,0.04835713654756546,471.0,0.2331687287870219,310.0,0.35065399699374433,299.0,0.15589941048133946,430.0,0.0,701.5,-12.0,952.5,-304.0,697.5,8.289359040438844e-05,683.0,568.0625,50.0
TF:WPT_ddaa_min,4,0.03146859630942345,499.0,0.1544993518256802,683.0,0.14138077392429604,781.0,0.09911457405774703,707.0,0.0,701.5,-6.0,352.5,-2.0,359.0,0.00014582139153389078,464.0,568.375,50.0
TF:DWT_L3_log_energy,4,0.03658890724182129,483.5,0.15835773190954294,672.5,0.20098342846954242,658.5,0.15202695516303474,458.5,0.0,701.5,-9.0,652.5,-37.0,430.0,0.00013874483925777224,495.0,569.0,50.0
TF:WPT_adad_rel_energy,4,9.786593000171706e-05,813.0,0.2411248121284657,261.0,0.2920357846788071,424.0,0.15624288079693563,429.0,1.0,400.0,-9.0,652.5,-355.0,748.0,3.731368389185189e-05,854.0,572.6875,50.0
TF:WPT_ddaa_max,4,0.035242196172475815,490.0,0.16149651428265824,644.0,0.13293893200384543,796.0,0.09018154032983325,735.0,0.0,701.5,-6.0,352.5,-46.0,439.5,0.00016493523438517656,429.0,573.4375,50.0
TF:WPT_dada_log_energy,4,0.10900542140007019,401.0,0.1861325456518983,526.0,0.27796126736899485,471.0,0.09560646367053013,722.0,0.0,701.5,-9.0,652.5,-324.0,717.0,0.00018594401732732779,398.0,573.625,50.0
TF:WPT_dada_var,4,4.105651896679774e-05,836.0,0.24356326966012629,237.0,0.2726542311832114,487.0,0.13803242201301255,571.0,0.0,701.5,-9.0,652.5,-247.0,640.0,0.00013949229972335056,492.0,577.125,50.0
TF:WPT_adad_tk_max,4,10.514152526855469,150.0,0.12888792864631674,761.0,0.2114626000341393,629.0,0.08157593452128388,747.0,0.0,701.5,-7.0,452.5,-355.0,748.0,0.00014541270072646056,466.0,581.875,50.0
TF:WPT_aaaa_rms,4,0.2578602433204651,352.0,0.21420738449615964,387.0,0.22982129529632234,597.0,0.154504097878097,446.0,0.0,701.5,-12.0,952.5,-37.0,430.0,5.545775449637021e-05,792.0,582.25,50.0
TF:WPT_dadd_tk_mean,4,4.3818522499350365e-06,877.0,0.2494492680588426,202.0,0.2813950316524729,464.0,0.13005502468036975,609.0,0.0,701.5,-6.0,352.5,-269.0,662.0,4.607136499500661e-05,815.0,585.375,50.0
TF:WPT_adaa_rel_energy,4,1.7611667999517522e-06,899.0,0.23037882744712426,322.0,0.28370784632604096,461.0,0.14597915664214672,511.0,0.0,701.5,-6.0,352.5,-206.0,599.5,3.103132979877929e-05,875.0,590.1875,50.0
TF:WPT_adda_skew,4,1.3908425569534302,234.0,0.06459338505340834,877.0,0.3247725113967159,348.0,0.0038965270616675117,922.0,0.0,701.5,-5.0,252.5,-403.0,796.0,9.264167110831087e-05,647.0,597.25,50.0
TF:WPT_adad_log_energy,4,0.14701291918754578,387.0,0.19297160436385283,483.0,0.27442259752349907,479.0,0.13469909895840942,594.0,0.0,701.5,-9.0,652.5,-282.0,675.0,4.7112914042394134e-05,811.0,597.875,50.0
TF:WPT_addd_std,4,0.06816548854112625,451.0,0.23968013334538293,274.0,0.22706128264036396,602.0,0.1651280877596825,380.0,0.0,701.5,-12.0,952.5,-240.0,633.0,2.2443159934061425e-05,901.0,611.875,50.0
TF:WPT_adad_rms,4,0.028732672333717346,506.0,0.2293352065798068,325.0,0.2713119621152309,498.0,0.1765224965800465,346.0,0.0,701.5,-12.0,952.5,-256.0,649.0,0.0,971.0,618.625,50.0
TF:WPT_daaa_skew,4,99.80909729003906,92.0,0.04858433833270439,902.0,0.06416027287353021,893.0,0.02967949455640938,841.0,0.0,701.5,-5.0,252.5,-519.0,912.5,0.000160857115706833,432.0,628.3125,50.0
TF:WPT_daad_std,4,5.4715572332497686e-05,829.0,0.23872502369380896,283.0,0.24883352330956354,563.0,0.1511395241758626,467.0,0.0,701.5,-12.0,952.5,-383.0,776.0,0.0001408876258439733,487.0,632.375,50.0
TF:WPT_dadd_rms,4,0.00035980797838419676,758.0,0.23816482812078174,285.0,0.2719501143536469,492.0,0.1616506509329761,394.0,0.0,701.5,-12.0,952.5,-490.0,883.0,2.6080880690915832e-05,887.0,669.125,50.0
TF:glcm_69_entropy_d4_a1,3,0.014957665465772152,549.0,0.12324160548320741,777.0,0.2512618847039838,558.0,0.18696041302565083,307.0,0.0,701.5,-3.0,52.5,-1.0,161.5,0.00012640772691610187,534.0,455.0625,37.5
TIME:hist_b1,3,0.0017277173465117812,678.0,0.18591069265965252,527.0,0.24035134092355914,573.0,0.0658835430690734,771.0,284.0,117.0,-5.0,252.5,-180.0,573.0,0.00031888817919718007,277.0,471.0625,37.5
SPAT:st_anisotropy,3,0.0010510713327676058,702.0,0.16322538679085283,638.0,0.27589237506921194,474.0,0.14252641108900377,549.0,0.0,701.5,-3.0,52.5,-1.0,161.5,0.0001345995371875921,511.0,473.6875,37.5
TF:tfband_2,3,32.447021484375,116.0,0.1495389718207898,702.0,0.19980961690616317,662.0,0.13493954881628784,593.0,0.0,701.5,-8.0,552.5,-1.0,161.5,0.00028108236457031316,302.0,473.8125,37.5
TF:WPT_aadd_energy,3,131892.90625,27.0,0.16126557237289205,645.0,0.18477186213243746,705.0,0.14835808834200628,490.0,0.0,701.5,-9.0,652.5,-117.0,510.5,0.00044524212650561115,210.0,492.6875,37.5
FREQ:bandP_1,3,7840557170688.0,5.0,0.19153449851526147,494.0,0.26933761186585015,512.5,0.09953479608326696,704.0,0.0,701.5,-8.0,552.5,-2.0,359.0,9.276476073253443e-05,646.0,496.8125,37.5
TF:DWT_L1_energy,3,504396.6875,16.0,0.09471420624620618,832.0,0.2656459566546192,520.0,0.12230612221459132,637.0,0.0,701.5,-5.0,252.5,-55.0,448.5,0.000103084940845836,613.0,502.5625,37.5
TF:Ef_rolloff95,3,98363.9375,32.0,0.16789606694571282,605.0,0.29188138686522747,425.0,0.1023389679715303,692.0,0.0,701.5,-7.0,452.5,-212.0,605.0,0.00013277641441448908,515.0,503.5,37.5
TF:Et_p75,3,0.04837751388549805,470.0,0.17613573719095962,567.0,0.4279301659703343,174.0,0.17962378741063412,324.0,0.0,701.5,-10.0,752.5,-130.0,523.0,0.00012721968882618202,529.0,505.125,37.5
TF:glcm_2_homogeneity_d1_a0,3,0.00021572739933617413,790.0,0.19388885286724514,480.0,0.2399430848888664,575.0,0.14365986408827092,542.0,0.0,701.5,-9.0,652.5,-1.0,161.5,0.0005626389793960688,175.0,509.6875,37.5
FREQ:bandP_5,3,12054756851712.0,2.0,0.23654775591655344,291.0,0.29903463725243684,417.5,0.14709780866880554,503.0,0.0,701.5,-11.0,852.5,-329.0,722.0,0.00010695122739385852,600.0,511.1875,37.5
TF:Ef_rolloff85,3,126530.9453125,28.0,0.22228745424082974,353.0,0.29917104543832673,416.0,0.14516441281138795,522.0,0.0,701.5,-11.0,852.5,-321.0,714.5,0.00013654151942849087,503.0,511.3125,37.5
TIME:higuchi_fd,3,0.012623567134141922,558.0,0.19905494949032995,453.0,0.4239082495544224,178.0,0.2222049895935791,212.0,0.0,701.5,-9.0,652.5,-372.0,765.0,0.00010882111633499495,592.0,514.0,37.5
TIME:autocorr_first_zero,3,312.3163757324219,73.0,0.1656119567437355,625.0,0.17499889460601192,727.0,0.13037222275656438,606.0,0.0,701.5,-4.0,152.5,-420.0,813.0,0.00016862370459928944,421.0,514.875,37.5
TF:DWT_L5_min,3,1.5634669065475464,233.0,0.18626452084358627,524.0,0.12344122176404282,815.0,0.13776379366896513,574.0,30.0,371.0,-5.0,252.5,-185.0,578.5,5.943440732906152e-05,774.0,515.25,37.5
TF:tfband_1,3,7.053509712219238,167.0,0.16019816709191062,653.0,0.19818008726038228,669.0,0.1355106039089753,590.0,0.0,701.5,-5.0,252.5,-2.0,359.0,6.844037752074218e-05,733.0,515.625,37.5
TIME:autocorr_lag1,3,0.0026092822663486004,652.5,0.2472886222668246,215.5,0.2705161271430585,504.5,0.14586508387355654,513.5,0.0,701.5,-10.0,752.5,-59.0,452.5,0.00020583810812597347,364.0,519.5625,37.5
TF:WPT_addd_zcr,3,0.0008331590215675533,718.0,0.18061789392435532,545.0,0.10357208443625643,842.0,0.0825142728995476,745.0,103.0,298.0,-3.0,52.5,-172.0,565.5,0.00017340199623881093,413.0,522.375,37.5
FREQ:bandP_rel_1,3,0.00696381414309144,592.0,0.19153449786251855,495.0,0.26933761186585015,512.5,0.09953479616531583,703.0,0.0,701.5,-8.0,552.5,-2.0,359.0,0.00032929959843654334,270.0,523.1875,37.5
TF:DWT_L1_var,3,28.052749633789062,121.0,0.09471890402893783,831.0,0.27464431539677037,478.0,0.12283342607025846,635.0,0.0,701.5,-5.0,252.5,-153.0,546.5,0.00010110359955798544,621.0,523.3125,37.5
TF:tfband_0,3,4.00709342956543,187.0,0.15978486073673262,660.0,0.21851225410394015,619.0,0.15276547839045349,453.0,0.0,701.5,-4.0,152.5,-159.0,552.5,3.614630644091379e-05,865.0,523.8125,37.5
TF:WPT_aaaa_max,3,17.371341705322266,133.0,0.22340976691721584,351.0,0.2611959204981815,531.0,0.11752073638335206,650.0,35.0,366.0,-8.0,552.5,-421.0,814.5,5.491830271695991e-05,794.0,524.0,37.5
TF:DWT_L0_tk_max,3,39853.3046875,38.0,0.18367117008814393,538.0,0.15714253614194584,753.0,0.1035929925120368,687.0,0.0,701.5,-7.0,452.5,-334.0,727.0,0.0002567273634973338,323.0,527.5,37.5
TIME:seg_energy_3,3,0.006469070911407471,598.0,0.1341123498213542,746.0,0.35332058548282763,293.0,0.10351779316126716,688.0,0.0,701.5,-3.0,52.5,-71.0,464.0,7.517705938366227e-05,705.0,531.0,37.5
TF:tfband_3,3,7.656859874725342,164.0,0.13863985185736247,734.0,0.19913901411131674,666.0,0.1326878466152817,599.0,0.0,701.5,-7.0,452.5,-270.0,663.0,0.00031216397736893406,281.0,532.625,37.5
TF:WPT_dada_max,3,0.019523801282048225,535.0,0.15272696379544218,693.0,0.18727442309383457,701.0,0.12770957991403623,623.0,0.0,701.5,-3.0,52.5,-93.0,486.0,0.00014313935101139971,479.0,533.875,37.5
TF:Ef_iqr,3,0.011304311454296112,570.0,0.2418941860122952,253.0,0.28535396494773835,453.5,0.14840310180954916,488.0,0.0,701.5,-9.0,652.5,-131.0,524.0,9.943938016562035e-05,629.0,533.9375,37.5
TIME:autocorr_peak,3,0.0026092822663486004,652.5,0.2472886222668246,215.5,0.2705161271430585,504.5,0.14586508387355654,513.5,0.0,701.5,-10.0,752.5,-83.0,476.0,0.0001474767688921493,458.0,534.25,37.5
TF:WPT_ddad_min,3,0.08811560273170471,423.0,0.1273964351031273,770.0,0.2319979557369738,592.0,0.13599983360013607,588.0,0.0,701.5,-9.0,652.5,-1.0,161.5,0.00019200189351427954,390.0,534.8125,37.5
TF:WPT_aada_energy,3,115291.859375,29.0,0.23324474416357946,309.0,0.2400205336447363,574.0,0.1478237156777985,493.0,0.0,701.5,-12.0,952.5,-159.0,552.5,8.539030936216927e-05,674.0,535.6875,37.5
TF:glcm_22_homogeneity_d2_a0,3,0.00034128979314118624,762.0,0.17264911362248778,583.0,0.2736000574731703,484.0,0.13806076234547848,570.0,0.0,701.5,-9.0,652.5,-1.0,161.5,0.000194054316902234,385.0,537.4375,37.5
TF:DWT_L5_var,3,0.09118945896625519,418.0,0.24978896780075574,199.0,0.35277816521907157,296.0,0.14581425934046083,516.0,0.0,701.5,-10.0,752.5,-242.0,635.0,5.705258080761571e-05,785.0,537.875,37.5
TF:DWT_L6_range,3,0.1794666349887848,370.5,0.17971329490561194,550.5,0.22491172294601114,609.5,0.15658722980097867,427.5,63.0,338.0,-11.0,852.5,-224.0,617.5,0.00012353311861328008,542.0,538.5,37.5
TF:WPT_dddd_max,3,0.10744523257017136,404.0,0.15734537529900802,675.0,0.17937436990133815,719.0,0.08542709864645942,741.0,0.0,701.5,-10.0,752.5,-1.0,161.5,0.0005842560125704034,167.0,540.1875,37.5
TF:WPT_aaaa_abs_mean,3,0.1563589721918106,384.0,0.1730277786924553,579.0,0.21781933811703214,620.0,0.20738583875978095,258.0,0.0,701.5,-10.0,752.5,-2.0,359.0,8.424794590025943e-05,678.0,541.5,37.5
TIME:hjorth_complexity,3,0.3698629140853882,319.0,0.16253327428099903,639.0,0.43453334183856773,164.0,0.08410122496939856,743.0,0.0,701.5,-11.0,852.5,-17.0,410.5,0.00013518472711297324,506.0,541.9375,37.5
FREQ:psd_max,3,0.0010154478950425982,703.5,0.14530610608618857,713.5,0.29003837229699814,429.0,0.10937606227347375,673.5,0.0,701.5,-6.0,352.5,-1.0,161.5,0.00010326462399418356,612.0,543.375,37.5
TIME:d1_std,3,0.01419063750654459,551.5,0.23190942652872767,316.5,0.270218773299328,508.5,0.15010729757932062,469.5,0.0,701.5,-12.0,952.5,-156.0,549.5,0.0002836473403356239,299.0,543.5625,37.5
TF:WPT_dddd_tk_max,3,0.7246084809303284,265.0,0.14671863094398305,709.0,0.21428065299204047,626.0,0.06712056378595528,766.0,0.0,701.5,-9.0,652.5,-2.0,359.0,0.0003204445301017891,275.0,544.25,37.5
TF:Ef_spread,3,8354.51171875,53.0,0.18186352619880666,542.0,0.2866630059482178,445.0,0.14188644505261755,552.0,0.0,701.5,-7.0,452.5,-245.0,638.5,0.0,971.0,544.4375,37.5
FREQ:ratio_low_mid,3,2.4729466438293457,212.0,0.08486402427113053,844.0,0.18796560602332413,698.0,0.05154865008477671,797.0,0.0,701.5,-4.0,152.5,-227.0,620.5,0.00022698911261102853,346.0,546.4375,37.5
TF:WPT_aaad_rms,3,0.08615848422050476,426.5,0.16736222413485258,607.5,0.2055878039697876,646.5,0.18723895576315214,303.5,0.0,701.5,-9.0,652.5,-13.0,406.0,9.793258813867014e-05,632.0,547.0,37.5
TF:WPT_aaaa_skew,3,0.3730342388153076,318.0,0.15053706052421972,700.0,0.23689003320291224,587.0,0.15759674420153455,420.0,0.0,701.5,-9.0,652.5,-2.0,359.0,9.328901857283205e-05,643.0,547.625,37.5
TF:WPT_adaa_var,3,0.000491324404720217,743.0,0.225550249359755,339.0,0.28915325923208135,435.0,0.13860205944121357,568.0,0.0,701.5,-6.0,352.5,-301.0,694.5,0.00012175559215638018,550.0,547.9375,37.5
TF:lbp_b27,3,2.5535548502375605e-06,889.0,0.15993510848302514,656.0,0.32625965573375204,343.0,0.14444404872156322,529.0,0.0,701.5,-5.0,252.5,-128.0,521.0,0.00013708971007736823,499.0,548.875,37.5
FREQ:bandP_2,3,9889758838784.0,4.0,0.07133425785918122,868.0,0.18071754416627428,714.5,0.0989214049705336,708.0,0.0,701.5,-7.0,452.5,-51.0,444.0,0.0001348829886094075,508.0,550.0625,37.5
FREQ:mag_std,3,10.438249588012695,151.0,0.176259031257936,566.0,0.2558932154651301,545.0,0.16076007320798177,401.0,0.0,701.5,-11.0,852.5,-31.0,424.0,6.13742254465646e-05,767.0,551.0,37.5
TF:DWT_L1_rms,3,0.6054645776748657,286.0,0.12535810784001164,773.0,0.2651045206601146,522.0,0.14932927878343635,477.0,0.0,701.5,-8.0,552.5,-221.0,614.5,0.00014203729160290005,484.0,551.3125,37.5
TF:DWT_L1_tk_max,3,12337.6806640625,50.0,0.22683558422240857,335.0,0.2902201054331077,426.0,0.10160933438293872,695.0,0.0,701.5,-10.0,752.5,-410.0,803.5,9.191799345780148e-05,651.0,551.8125,37.5
FREQ:bandP_3,3,3541127135232.0,8.0,0.11504893774174485,792.0,0.1065447619060147,836.5,0.14157801428498837,554.0,0.0,701.5,-9.0,652.5,-79.0,472.5,0.0001857605600575655,399.0,552.0,37.5
TF:Ef_p75,3,0.011304313316941261,569.0,0.2418941861822683,252.0,0.28535396494773835,453.5,0.1484031008440373,489.0,0.0,701.5,-9.0,652.5,-117.0,510.5,5.574084059443529e-05,791.0,552.375,37.5
TF:WPT_ddad_tk_std,3,0.003263512160629034,640.0,0.17535867075929365,572.0,0.2253866879161741,608.0,0.15394917556145749,448.0,0.0,701.5,-10.0,752.5,-2.0,359.0,0.00022554667978830686,348.0,553.625,37.5
TIME:seg_energy_9,3,0.004820250440388918,617.0,0.1449602116540503,715.0,0.27392755239289857,480.0,0.12402321736560477,632.0,17.0,384.0,-7.0,452.5,-197.0,590.0,0.00011666829530915133,568.0,554.8125,37.5
TF:DWT_L4_energy,3,439002.75,17.0,0.20658143647798713,425.0,0.1883688634218723,694.0,0.15274112070480023,454.0,0.0,701.5,-11.0,852.5,-321.0,714.5,0.0001096993218828439,590.0,556.0625,37.5
TF:DWT_L1_min,3,13.557110786437988,137.0,0.2162131590500188,376.0,0.23707170905781227,584.0,0.09100657884583996,732.0,0.0,701.5,-6.0,352.5,-423.0,816.0,6.455768645940645e-05,751.0,556.25,37.5
TF:WPT_ddda_log_energy,3,0.12790021300315857,393.0,0.18047530217430993,546.0,0.2548798684830502,547.0,0.09400309406767,725.0,0.0,701.5,-7.0,452.5,-318.0,711.0,0.00019412003230716282,384.0,557.5,37.5
TF:glcm_24_entropy_d2_a0,3,0.012239914387464523,560.0,0.10559275487465154,811.0,0.21066028245116097,630.0,0.15576541294311308,433.0,0.0,701.5,-8.0,552.5,-2.0,359.0,0.00016785846010649523,424.0,558.875,37.5
TF:WPT_aada_rms,3,0.09625492990016937,409.0,0.21386584647746765,389.0,0.2379330936675288,580.0,0.14530806212155284,521.0,0.0,701.5,-12.0,952.5,-272.0,665.5,0.00035372053414240627,255.0,559.1875,37.5
TF:DWT_L3_std,3,0.08598741888999939,428.5,0.16726896502575883,609.5,0.20638047461451547,641.5,0.18801567782700676,300.5,0.0,701.5,-9.0,652.5,-63.0,456.5,7.595179366138743e-05,699.0,561.1875,37.5
TIME:hjorth_mobility,3,0.01419063750654459,551.5,0.23190942652872767,316.5,0.270218773299328,508.5,0.15010729757932062,469.5,0.0,701.5,-12.0,952.5,-79.0,472.5,0.00012937616792991222,524.0,562.0625,37.5
TF:DWT_L6_rms,3,0.0021003533620387316,665.5,0.2348708259145821,300.0,0.30412523079523623,398.5,0.17715960959710844,338.0,0.0,701.5,-12.0,952.5,-146.0,539.5,0.00010497775762997646,607.0,562.8125,37.5
TF:WPT_adda_tk_max,3,482.12994384765625,68.0,0.16526895409816378,629.0,0.207746085379112,636.0,0.10226960796412432,693.0,0.0,701.5,-7.0,452.5,-351.0,744.0,0.00011294156751439426,583.0,563.375,37.5
TF:WPT_ddaa_p2p,3,0.10257948189973831,405.5,0.18023222776600545,548.5,0.1391582035775838,784.5,0.1063265365616266,681.5,0.0,701.5,-6.0,352.5,-2.0,359.0,8.447937427230408e-05,677.0,563.75,37.5
TF:DWT_L4_tk_mean,3,0.42029547691345215,312.0,0.2115402376626451,398.0,0.26389557937943664,525.0,0.15118012574584033,466.0,0.0,701.5,-9.0,652.5,-156.0,549.5,9.504212753708859e-06,925.0,566.1875,37.5
TF:WPT_adaa_tk_mean,3,0.0003017806157004088,779.0,0.22124747995367833,358.0,0.28310990027526106,463.0,0.1451107349791527,523.0,0.0,701.5,-6.0,352.5,-330.0,723.0,9.715391579080735e-05,634.0,566.75,37.5
TF:WPT_adaa_std,3,0.004280043300241232,624.0,0.22230116829087376,352.0,0.2887137928036405,437.0,0.17361875193274062,354.0,0.0,701.5,-9.0,652.5,-293.0,686.0,6.998960872033169e-05,728.0,566.875,37.5
TF:hog_b11,3,1.3482611393555999e-05,862.0,0.17264930692304625,582.0,0.13015673040884845,801.0,0.08444127063679736,742.0,0.0,701.5,-5.0,252.5,-2.0,359.0,0.0003368968259120739,261.0,570.125,37.5
FREQ:cepstral_3,3,0.006003271322697401,604.0,0.1278727288544945,765.0,0.15895607301137415,750.0,0.05244668087488061,796.0,0.0,701.5,-4.0,152.5,-107.0,500.0,0.00028486655087416306,297.0,570.75,37.5
TF:WPT_ddad_p2p,3,0.3113897740840912,336.5,0.1406719614098835,730.5,0.1799266444065899,716.5,0.13730288088015846,579.5,0.0,701.5,-10.0,752.5,-4.0,397.5,0.0002170014007048739,353.0,570.9375,37.5
TF:DWT_L0_min,3,32.023193359375,117.0,0.1405124392047138,732.0,0.14522898077083424,776.0,0.11355894772717723,662.0,0.0,701.5,-7.0,452.5,-377.0,770.0,0.00020536365200173143,365.0,572.0,37.5
TIME:d2_std,3,0.014124732464551926,553.0,0.23530118430590644,299.0,0.2868974385832965,444.0,0.1660715855310886,376.0,0.0,701.5,-12.0,952.5,-126.0,519.0,6.712182745554974e-05,740.0,573.125,37.5
TF:WPT_adda_rel_energy,3,0.0015629606787115335,683.0,0.24075304595842298,265.0,0.2566292698497201,543.0,0.1369442642885934,584.0,0.0,701.5,-11.0,852.5,-240.0,633.0,0.00024143414445917984,335.0,574.625,37.5
TF:DWT_L1_max,3,15.542157173156738,136.0,0.22997656568013766,324.0,0.23704679971413345,585.0,0.1086923254276397,676.0,0.0,701.5,-11.0,852.5,-441.0,834.0,0.0001374729582168348,498.0,575.875,37.5
TF:WPT_dadd_rel_energy,3,1.8710045068814907e-08,933.0,0.25377688155408484,167.0,0.29279914507994453,423.0,0.14418460623351573,535.0,5.0,396.0,-8.0,552.5,-338.0,731.5,3.5011212625502065e-05,870.0,576.0,37.5
TF:mod0_spread,3,0.2612878680229187,350.0,0.14469799290987045,716.0,0.06678746031639582,891.0,0.059120612282726415,787.0,0.0,701.5,-3.0,52.5,-351.0,744.0,0.00020098815452985775,372.0,576.75,37.5
TF:WPT_ddad_max,3,0.09535486996173859,412.0,0.1317423807914046,753.0,0.1984938900003499,667.0,0.13584203214071075,589.0,0.0,701.5,-9.0,652.5,-27.0,420.5,0.00016862200265578057,422.0,577.1875,37.5
TF:mod6_spread,3,0.3871464729309082,317.0,0.12239353244664188,778.0,0.1634329049550738,748.0,0.05881350199664302,789.0,0.0,701.5,-4.0,152.5,-283.0,676.0,0.00014749000431819637,457.0,577.375,37.5
TF:WPT_dadd_p2p,3,0.02302374318242073,522.5,0.1669315091839387,619.5,0.17436642179086315,729.5,0.12114749606063203,644.5,0.0,701.5,-6.0,352.5,-171.0,564.0,0.00014162330651552884,485.0,577.375,37.5
TF:WPT_ddda_tk_mean,3,0.0001770245289662853,801.0,0.2413299171133406,260.0,0.3124654551309831,373.0,0.1288974474378757,618.0,0.0,701.5,-9.0,652.5,-86.0,479.5,6.78853340035714e-05,736.0,577.6875,37.5
TF:WPT_daad_kurt,3,85.10957336425781,97.0,0.18476122908744141,532.0,0.3950604617214588,233.0,0.06509791581450834,772.0,0.0,701.5,-12.0,952.5,-122.0,515.0,4.320863209650096e-05,829.0,579.0,37.5
TF:mod1_spread,3,0.26887813210487366,348.0,0.11552277180033814,789.0,0.11479196002290637,823.0,0.04558986593362992,807.0,0.0,701.5,-3.0,52.5,-312.0,705.5,0.00017876870073077795,407.0,579.1875,37.5
TF:WPT_adda_log_energy,3,0.10864119231700897,402.0,0.18567289295878,528.0,0.30320639903730484,404.0,0.09799131094395407,714.0,0.0,701.5,-9.0,652.5,-316.0,709.0,0.00012866523834682568,525.0,579.5,37.5
TF:WPT_adda_min,3,2.271949529647827,220.0,0.1571399019291048,677.0,0.15649566261780334,755.0,0.12683186404758215,624.0,0.0,701.5,-8.0,552.5,-287.0,680.5,0.00016230984863489388,431.0,580.1875,37.5
TF:das_low_high_ratio,3,2.55350399017334,209.0,0.13956094202310448,733.0,0.2318237576786264,593.0,0.040640934285383595,816.0,0.0,701.5,-11.0,852.5,-2.0,359.0,0.000193868619902032,386.0,581.25,37.5
TF:DWT_L6_tk_mean,3,0.00019364619220141321,798.0,0.25088021146831135,187.0,0.28381336091690956,459.0,0.15829156551591536,414.0,0.0,701.5,-8.0,552.5,-349.0,742.0,5.2976670123143786e-05,800.0,581.75,37.5
TF:Et_centroid,3,24.249202728271484,124.0,0.05856306800438716,881.0,0.16926748251027224,739.0,0.11132722079535397,669.0,0.0,701.5,-6.0,352.5,-430.0,823.0,0.00019696286380640956,380.0,583.75,37.5
TF:WPT_aada_std,3,0.096150703728199,410.0,0.21380097587145785,390.0,0.23476061681840932,591.0,0.1448897554867282,525.0,0.0,701.5,-12.0,952.5,-292.0,685.0,0.00015837010494540755,434.0,586.125,37.5
TF:WPT_adad_p2p,3,1.588106632232666,231.5,0.13274018278756478,749.5,0.11769517231140814,818.5,0.12484066501962619,628.5,0.0,701.5,-8.0,552.5,-220.0,613.0,0.0001869182083522592,397.0,586.5,37.5
TF:WPT_band_spread,3,0.2433844953775406,358.0,0.21305903897567505,393.0,0.31550620390052675,367.0,0.14452216995229994,528.0,0.0,701.5,-11.0,852.5,-373.0,766.0,6.56977316028446e-05,745.0,588.875,37.5
TF:WPT_adaa_log_energy,3,0.18682332336902618,368.0,0.188665254038998,512.0,0.28776258068790384,441.0,0.15170970092898833,460.0,0.0,701.5,-9.0,652.5,-371.0,764.0,4.179269944029469e-05,837.0,592.0,37.5
FREQ:bandP_rel_0,3,0.009656505659222603,575.0,0.1525015612699204,694.0,0.2089430471346554,634.5,0.14870443710794,485.0,0.0,701.5,-7.0,452.5,-353.0,746.0,0.0001505980014145399,450.0,592.3125,37.5
TF:DWT_L5_log_energy,3,0.1127743199467659,399.0,0.19282772703447712,484.0,0.34856970858742153,305.0,0.10692187856680598,679.0,0.0,701.5,-9.0,652.5,-238.0,631.0,2.273617394980814e-05,899.0,593.875,37.5
TF:WPT_addd_range,3,4.01019287109375,185.5,0.16978764404558647,592.5,0.1549111405671657,760.5,0.11565089065377998,657.5,0.0,701.5,-11.0,852.5,-206.0,599.5,0.00017960838934086114,405.0,594.3125,37.5
FREQ:ratio_low_high,3,4.569424152374268,184.0,0.13269682817564982,751.0,0.21573521715141597,623.0,0.03132071149778285,835.0,0.0,701.5,-11.0,852.5,-41.0,434.0,0.0001920734583008151,389.0,596.25,37.5
TF:WPT_adaa_rms,3,0.0042847939766943455,623.0,0.2222325835756039,354.0,0.2879803515874486,439.0,0.1730913790480553,356.0,0.0,701.5,-9.0,652.5,-366.0,759.5,2.5579351716157104e-05,892.0,597.1875,37.5
TF:WPT_adda_max,3,2.8024890422821045,202.0,0.17278930288934316,580.0,0.17372953158936388,732.0,0.09303715750011757,729.0,0.0,701.5,-4.0,152.5,-421.0,814.5,3.542476156450676e-05,868.0,597.4375,37.5
TF:WPT_adda_std,3,0.10162241756916046,408.0,0.22459025121584575,346.0,0.30030912770801343,414.0,0.1431748832334749,546.0,0.0,701.5,-12.0,952.5,-361.0,754.5,8.96230432090227e-05,659.0,597.6875,37.5
TF:DWT_L6_p2p,3,0.1794666349887848,370.5,0.17971329490561194,550.5,0.22491172294601114,609.5,0.15658722980097867,427.5,58.0,343.0,-11.0,852.5,-317.0,710.0,1.3437043894379083e-05,920.0,597.9375,37.5
TF:WPT_adad_max,3,0.4724259078502655,304.0,0.11955808662485767,780.0,0.10375555690312677,841.0,0.08093477079241918,748.0,0.0,701.5,-5.0,252.5,-169.0,562.0,0.0001065703944249151,601.0,598.75,37.5
TF:WPT_dada_rms,3,0.0010125685948878527,705.0,0.2257371620764539,338.0,0.27805333504218055,470.0,0.14375117145112787,541.0,0.0,701.5,-12.0,952.5,-187.0,580.0,0.00013664401380699917,502.0,598.75,37.5
FREQ:spec_decrease,3,3.2395425932918442e-06,883.0,0.1770376823594918,561.0,0.16679246658555247,742.0,0.08813104530717117,737.0,0.0,701.5,-5.0,252.5,-75.0,468.0,0.00014885806552992586,454.0,599.875,37.5
TF:WPT_addd_p2p,3,4.01019287109375,185.5,0.16978764404558647,592.5,0.1549111405671657,760.5,0.11565089065377998,657.5,0.0,701.5,-11.0,852.5,-277.0,670.0,0.0001888233775511388,394.0,601.75,37.5
TF:WPT_dddd_range,3,0.34430310130119324,327.5,0.15336362026589084,688.5,0.16600429088791602,745.5,0.11676730160886845,655.5,0.0,701.5,-12.0,952.5,-44.0,437.0,0.00027843073132987456,306.0,601.75,37.5
SPAT:sp_q50,3,0.2446783483028412,357.0,0.10231264364632932,818.0,0.0,979.0,0.1284697508896797,620.0,194.0,207.0,-3.0,52.5,-539.0,932.0,3.0480652141945978e-05,876.0,605.1875,37.5
TF:DWT_L4_var,3,0.4132779538631439,313.0,0.20650301521396486,426.0,0.19021154703674714,689.0,0.15269990882104678,455.0,0.0,701.5,-11.0,852.5,-295.0,688.5,6.913861891217466e-05,731.0,607.0625,37.5
TF:WPT_aaad_log_energy,3,0.03658890724182129,483.5,0.15835773190954294,672.5,0.20098342846954242,658.5,0.15202695516303474,458.5,0.0,701.5,-9.0,652.5,-37.0,430.0,4.871508177170303e-05,808.0,608.125,37.5
TF:WPT_addd_log_energy,3,0.12497168034315109,395.0,0.19766500547681976,462.0,0.23934119297098055,577.0,0.11483643121994505,660.0,0.0,701.5,-9.0,652.5,-250.0,643.0,5.626485405326338e-05,786.0,609.625,37.5
TF:glcm_19_entropy_d1_a3,3,0.008823877200484276,582.5,0.10013914992016125,825.5,0.17526008878795052,725.5,0.1471246754998812,500.5,0.0,701.5,-10.0,752.5,-75.0,468.0,0.0002534804409647588,326.0,610.25,37.5
TF:hog_b12,3,7.799944796715863e-06,871.0,0.14243586649277762,721.0,0.09568764668822372,851.0,0.04722573934390221,803.0,219.0,182.0,-3.0,52.5,-104.0,497.0,1.2660348733304047e-05,923.0,612.5625,37.5
TF:WPT_daaa_entropy,3,4.648444175720215,181.0,0.07979123101846562,856.0,0.041610943178068904,916.0,0.05926155248220399,785.0,0.0,701.5,-5.0,252.5,-314.0,707.0,0.00012750966944579368,528.0,615.875,37.5
TF:DWT_L0_max,3,28.036989212036133,122.0,0.1967708774751911,466.0,0.14816271172227902,770.0,0.08810588080584328,738.0,0.0,701.5,-7.0,452.5,-481.0,874.0,4.6651563684774155e-05,814.0,617.25,37.5
TF:Ef_peak_freq,3,13881.1201171875,47.0,0.10072095413535943,822.0,0.07887051648724741,875.0,-0.004950300650386539,985.0,0.0,701.5,-4.0,152.5,-536.0,929.0,0.00016011122961305055,433.0,618.125,37.5
TF:DWT_L6_std,3,0.0021003533620387316,665.5,0.23487081600112591,301.0,0.30412523079523623,398.5,0.17715960835460223,339.0,0.0,701.5,-12.0,952.5,-355.0,748.0,3.6743419069060646e-05,859.0,620.625,37.5
TF:WPT_daaa_tk_mean,3,2.745744465126876e-10,941.0,0.18963154998837695,506.0,0.27269484645056696,486.0,0.06667613078604562,768.0,0.0,701.5,-5.0,252.5,-404.0,797.0,0.0001318469970638784,518.0,621.25,37.5
TF:WPT_dddd_p2p,3,0.34430310130119324,327.5,0.15336362026589084,688.5,0.16600429088791602,745.5,0.11676730160886845,655.5,0.0,701.5,-12.0,952.5,-37.0,430.0,0.00014388141033761187,474.0,621.875,37.5
TF:DWT_L1_log_energy,3,0.051518287509679794,465.0,0.15335513796837316,690.0,0.26466548752974495,524.0,0.15241932397607197,457.0,0.0,701.5,-11.0,852.5,-59.0,452.5,4.047336704106294e-05,845.0,623.4375,37.5
TF:WPT_adad_min,3,0.5039834380149841,300.0,0.11987744310599491,779.0,0.15150445119654554,767.0,0.09717722755578577,717.0,0.0,701.5,-11.0,852.5,-193.0,586.5,0.0002894927690998393,293.0,624.5625,37.5
TF:WPT_daaa_kurt,3,22951.810546875,42.0,0.11554928452639868,788.0,0.07244337174546978,881.0,0.028835558923794555,844.0,0.0,701.5,-5.0,252.5,-439.0,832.0,8.690840394846611e-05,669.0,626.25,37.5
TF:WPT_dada_tk_max,3,0.03340522572398186,493.0,0.16469728400395398,633.0,0.13888322780630924,788.0,0.10550648038804934,685.0,0.0,701.5,-9.0,652.5,-90.0,483.0,0.00011480246539434215,574.0,626.25,37.5
TF:WPT_aada_var,3,0.42855119705200195,310.0,0.23315161918425273,312.0,0.23549732121493738,590.0,0.1474574633600852,498.0,0.0,701.5,-12.0,952.5,-381.0,774.0,2.6472317745418135e-05,885.0,627.875,37.5
TF:WPT_adad_tk_std,3,0.08504897356033325,431.0,0.1680535402093927,604.0,0.17713607285552913,722.0,0.13734488894244964,578.0,0.0,701.5,-11.0,852.5,-311.0,704.0,0.0001635030834493479,430.0,627.875,37.5
FREQ:ratio_mid_high,3,3.5265707969665527,190.0,0.08170167762145306,849.0,0.31434846777857306,370.0,0.02179732419661136,865.0,0.0,701.5,-10.0,752.5,-97.0,490.0,3.019081791275316e-05,877.0,636.875,37.5
TF:WPT_daad_log_energy,3,0.12218442559242249,396.0,0.20436231002011862,435.0,0.2494326391136945,562.0,0.11377818265385756,661.0,0.0,701.5,-10.0,752.5,-437.0,830.0,5.747184381068746e-05,783.0,640.125,37.5
TF:WPT_dada_std,3,0.0010119657963514328,706.0,0.22581450814314874,337.0,0.27214142792531737,490.0,0.14392885716803228,538.0,0.0,701.5,-12.0,952.5,-323.0,716.0,7.847616767308657e-05,690.0,641.375,37.5
TF:WPT_daad_rms,3,5.483630229718983e-05,828.0,0.23888269619042726,281.0,0.24990950827831515,560.0,0.1516593121603322,461.0,0.0,701.5,-12.0,952.5,-338.0,731.5,9.24081426516885e-05,648.0,645.4375,37.5
TF:WPT_dddd_min,3,0.10810250043869019,403.0,0.11683379887657179,784.0,0.12027663153106838,816.0,0.05824152385833617,791.0,0.0,701.5,-7.0,452.5,-524.0,917.0,0.000241355440536374,336.0,650.125,37.5
TF:WPT_adaa_tk_max,3,5.09959077835083,174.0,0.07402369389031808,865.0,0.07452363905558101,880.0,-0.008566287803446043,991.0,0.0,701.5,-7.0,452.5,-213.0,606.5,0.00012540974012012818,536.0,650.8125,37.5
TF:WPT_addd_skew,3,0.5748569369316101,292.0,0.04421154471739729,912.0,0.19974635775437655,664.0,0.01933416092992216,876.0,0.0,701.5,-6.0,352.5,-474.0,867.5,0.00011465993319620891,576.0,655.1875,37.5
TF:WPT_dadd_log_energy,3,0.11724501848220825,398.0,0.1978101199148833,460.0,0.2706235430271673,502.0,0.10308013372704146,691.0,0.0,701.5,-10.0,752.5,-390.0,783.0,0.0,971.0,657.375,37.5
TF:WPT_daaa_range,3,0.03527762368321419,488.5,0.16003779588830458,654.5,0.1560743657129433,756.5,0.02484574240483973,857.5,0.0,701.5,-7.0,452.5,-345.0,738.0,0.0001029378755267886,615.0,658.0,37.5
TF:WPT_addd_min,3,1.2382822036743164,240.0,0.14139715505507858,725.0,0.04099444929477025,917.0,0.06216667991246989,781.0,0.0,701.5,-7.0,452.5,-348.0,741.0,7.015239699243682e-05,726.0,660.5,37.5
TF:stft_p10,3,9.22590502824795e-32,958.0,7.770371689984388e-05,951.0,0.007022104395549178,950.0,0.15753946456731385,421.0,107.0,294.0,-7.0,452.5,-358.0,751.5,0.00011368057433494367,580.0,669.75,37.5
TF:WPT_dadd_std,3,0.00035970238968729973,759.0,0.23820769159535224,284.0,0.2706880014405417,501.0,0.16166521613005713,393.0,0.0,701.5,-12.0,952.5,-431.0,824.5,0.0,971.0,673.3125,37.5
TF:WPT_dadd_zcr,3,0.0004890337586402893,745.0,0.07194742873601889,866.0,0.04595653870231908,911.0,0.012936208042311284,897.0,0.0,701.5,-3.0,52.5,-396.0,789.0,0.00015159897199413448,447.0,676.125,37.5
TF:WPT_daaa_p2p,3,0.03527762368321419,488.5,0.16003779588830458,654.5,0.1560743657129433,756.5,0.02484574240483973,857.5,0.0,701.5,-7.0,452.5,-391.0,784.0,6.559251697796612e-05,747.0,680.25,37.5
TF:WPT_daaa_log_energy,3,0.32898223400115967,329.0,0.2090317401272398,414.0,0.187951484564155,699.0,0.07215368348091046,762.0,0.0,701.5,-10.0,752.5,-484.0,877.0,1.7893974256952565e-05,910.0,680.625,37.5
SPAT:sp_q75,3,0.056838344782590866,461.0,0.15359852940572863,686.0,0.0887714749643358,857.0,0.03153024911032034,834.0,4.0,397.0,-6.0,352.5,-561.0,954.0,0.0,971.0,689.0625,37.5
TF:WPT_adad_skew,3,0.7932040691375732,255.0,0.07738886823891833,861.0,0.14907194757564435,768.0,0.010357071786032419,902.0,0.0,701.5,-7.0,452.5,-516.0,909.0,4.4061500117943285e-05,826.0,709.375,37.5
TF:WPT_daaa_mean,3,2.9651420163645525e-07,919.0,0.02749239560311582,937.0,0.07731791700154123,878.0,0.013663216171516156,895.0,0.0,701.5,-5.0,252.5,-384.0,777.0,0.0001439048882062426,473.0,729.125,37.5
TF:WPT_dadd_energy,2,1.3347253799438477,235.0,0.25385766284815325,164.0,0.27056172026631264,503.0,0.14560028765127436,517.0,0.0,701.5,-8.0,552.5,-363.0,756.5,6.346804871185757e-05,756.0,523.1875,25.0
TF:DWT_L0_tk_mean,2,143.2222137451172,84.0,0.16530784223807324,628.0,0.22668198360156522,605.0,0.145532659384618,519.0,0.0,701.5,-6.0,352.5,-167.0,560.5,6.658636011568803e-05,743.0,524.1875,25.0
TF:DWT_L4_tk_std,2,2.288393259048462,219.0,0.17840734256954952,557.0,0.19550551124975746,674.0,0.19131187851433457,293.0,0.0,701.5,-9.0,652.5,-153.0,546.5,0.00010038989036703905,626.0,533.6875,25.0
TF:DWT_L5_tk_max,2,64.48863983154297,105.0,0.18515326755001402,531.0,0.24840115322004497,564.0,0.13074441301981557,605.0,99.0,302.0,-10.0,752.5,-109.0,502.5,1.5758869534982927e-05,913.0,534.375,25.0
TF:WPT_adda_p2p,2,8.112144470214844,160.5,0.18472025498711478,534.5,0.2593235818511115,537.5,0.1461062172921586,509.5,0.0,701.5,-9.0,652.5,-178.0,571.5,7.620279014851242e-05,697.0,545.5625,25.0
TF:WPT_ddaa_kurt,2,133.30239868164062,86.0,0.14909600830343958,704.0,0.3833489804572223,251.0,0.08755366160913919,739.0,0.0,701.5,-11.0,852.5,-122.0,515.0,0.00012697980546003677,531.0,547.5,25.0
TF:WPT_ddaa_tk_max,2,0.025025485083460808,515.0,0.14252502312641166,719.0,0.19569471709901531,672.0,0.0931573014070743,727.0,0.0,701.5,-4.0,152.5,-2.0,359.0,0.00012209838131073078,548.0,549.25,25.0
TF:WPT_addd_rel_energy,2,0.000638290774077177,730.0,0.25530523470585714,157.0,0.26351508028548754,526.0,0.14710620889822293,502.0,20.0,381.0,-8.0,552.5,-260.0,653.5,2.0633848734109266e-05,906.0,551.0,25.0
TF:WPT_adaa_kurt,2,262.5565490722656,76.0,0.08738135165067547,840.0,0.24367543482458132,571.0,0.029958398121742336,839.0,0.0,701.5,-4.0,152.5,-394.0,787.0,0.000134603187764693,510.0,559.625,25.0
TF:DWT_L6_log_energy,2,0.14570550620555878,389.0,0.1895082888706159,508.0,0.30566776030656717,395.0,0.12425117116781449,631.0,0.0,701.5,-8.0,552.5,-227.0,620.5,8.286476184954841e-05,684.0,560.1875,25.0
TF:WPT_aada_tk_mean,2,0.4338594079017639,308.0,0.23378216248102227,306.0,0.24818198294551452,565.0,0.14285750490498178,547.0,0.0,701.5,-12.0,952.5,-199.0,592.0,0.0001234315774016847,544.0,564.5,25.0
TF:WPT_adaa_entropy,2,0.6444953083992004,276.0,0.18812154163605746,516.0,0.18357360127450262,707.0,0.15804994253665358,415.0,0.0,701.5,-9.0,652.5,-312.0,705.5,0.00012349755753622032,543.0,564.5625,25.0
TF:DWT_L1_tk_mean,2,80.5439224243164,99.0,0.10364952061352906,814.0,0.20469828279319469,649.0,0.10632676836280823,680.0,0.0,701.5,-5.0,252.5,-230.0,623.5,7.073082302088172e-05,723.0,567.8125,25.0
TF:WPT_ddda_energy,2,55.48041915893555,108.0,0.24206880590287186,250.0,0.25475468795264833,548.0,0.1319474812944642,602.0,0.0,701.5,-11.0,852.5,-235.0,628.0,3.6177615588391164e-05,864.0,569.25,25.0
TF:DWT_L3_tk_mean,2,0.7707539796829224,256.5,0.16241657631849102,640.5,0.20430394987130773,651.5,0.1723285169710599,357.5,0.0,701.5,-9.0,652.5,-177.0,570.0,6.408165187603454e-05,752.0,572.75,25.0
TIME:hist_b5,2,0.013661710545420647,555.0,0.19188730893761632,492.0,0.26196990927018593,529.0,0.1092391952078154,675.0,46.0,355.0,-10.0,752.5,-155.0,548.0,8.34961790678205e-05,680.0,573.3125,25.0
TF:WPT_adda_range,2,8.112144470214844,160.5,0.18472025498711478,534.5,0.2593235818511115,537.5,0.1461062172921586,509.5,0.0,701.5,-9.0,652.5,-244.0,637.0,3.673064761606881e-05,860.0,574.125,25.0
TF:WPT_aaaa_log_energy,2,0.027222979813814163,508.0,0.21922835282657308,366.0,0.22674055806888438,603.0,0.13445834510144342,596.0,0.0,701.5,-11.0,852.5,-17.0,410.5,0.00010879801148275708,593.0,578.8125,25.0
FREQ:bandP_rel_5,2,0.010706774890422821,574.0,0.2365477554389845,292.0,0.29903463725243684,417.5,0.14709780854460247,504.0,0.0,701.5,-11.0,852.5,-285.0,678.0,0.00010054597399296386,625.0,580.5625,25.0
TF:WPT_band_flatness,2,0.001197757781483233,698.0,0.24635101196444043,217.0,0.26094410533052903,533.0,0.14626458064513312,508.0,0.0,701.5,-11.0,852.5,-83.0,476.0,8.921027838656422e-05,660.0,580.75,25.0
SPAT:st_direction,2,0.00014754818403162062,804.0,0.11287532758319674,796.0,0.15313491132202328,763.0,0.0929566405203625,730.0,116.0,285.0,-4.0,152.5,-182.0,575.0,0.00012411370775725184,541.0,580.8125,25.0
TF:WPT_aada_log_energy,2,0.09036605060100555,421.0,0.17719479699284038,560.0,0.23743035290619918,583.0,0.0950755240337393,724.0,0.0,701.5,-9.0,652.5,-255.0,648.0,0.00019640888652590699,381.0,583.875,25.0
TF:glcm_14_entropy_d1_a2,2,0.012036687694489956,561.0,0.1598409289002425,659.0,0.2597365619564269,536.0,0.15959935994469032,408.0,0.0,701.5,-11.0,852.5,-202.0,595.0,0.00020143401815809857,368.0,585.125,25.0
TF:lbp_b14,2,4.05673108616611e-06,878.0,0.1690485757645858,598.0,0.13232434562536355,799.0,0.09238040888862935,731.0,0.0,701.5,-3.0,52.5,-248.0,641.0,0.000306893815970101,284.0,585.625,25.0
TF:DWT_L4_rms,2,0.0829169973731041,435.0,0.18839971641271677,513.0,0.18809490081372005,696.0,0.14462732535907,527.0,0.0,701.5,-11.0,852.5,-259.0,652.0,0.00026657240412753723,314.0,586.375,25.0
FREQ:peak_ratio,2,0.024660930037498474,519.0,0.15053263054295693,701.0,0.12976762290789656,803.0,0.020795001135114115,871.0,73.0,328.0,-4.0,152.5,-443.0,836.5,0.0001325238430353682,516.0,590.875,25.0
TF:mod4_spread,2,0.29559895396232605,343.0,0.13693837398800682,742.0,0.1327391257917223,797.0,0.09684540082803623,719.0,0.0,701.5,-3.0,52.5,-309.0,702.0,8.639897205495566e-05,672.0,591.125,25.0
TF:WPT_aada_tk_max,2,419.97430419921875,69.0,0.1648758055456375,631.0,0.11077595752250113,830.0,0.11733355384118503,652.0,0.0,701.5,-7.0,452.5,-335.0,728.0,8.344355094706497e-05,681.0,593.125,25.0
FREQ:bandP_rel_4,2,0.004015546757727861,628.0,0.1596790015566296,665.0,0.1722705491914449,734.5,0.17920968571628598,329.0,0.0,701.5,-7.0,452.5,-245.0,638.5,0.00010408582845641387,608.0,594.625,25.0
TF:DWT_L2_energy,2,194503.46875,26.0,0.11655505427134503,786.0,0.13341088710144744,795.0,0.12092371313440056,646.0,0.0,701.5,-10.0,752.5,-174.0,567.0,0.00013885527410700046,494.0,596.0,25.0
TF:WPT_dada_min,2,0.024687783792614937,517.0,0.1635897602311696,636.0,0.1742712516407523,731.0,0.0742871862983352,759.0,0.0,701.5,-4.0,152.5,-308.0,701.0,0.00011640600291461237,570.0,596.0,25.0
TF:WPT_ddda_skew,2,0.7083925008773804,266.0,0.08216661256144875,848.0,0.2592459341131015,539.0,0.02099724826892968,870.0,0.0,701.5,-4.0,152.5,-297.0,690.0,7.561514276940598e-05,703.0,596.25,25.0
TF:WPT_dddd_tk_std,2,0.004591410048305988,619.0,0.1959791563324487,470.0,0.08075171268936021,872.0,0.12222806434338954,639.0,0.0,701.5,-8.0,552.5,-120.0,513.0,0.00017961019350460096,404.0,596.375,25.0
TF:WPT_aadd_rel_energy,2,0.001892191474325955,674.0,0.15719215338312767,676.0,0.22145344951575963,613.0,0.1491878163066839,478.0,0.0,701.5,-9.0,652.5,-136.0,529.0,0.00014544027575083782,465.0,598.625,25.0
TF:mod2_spread,2,0.29880037903785706,341.0,0.1469682186430751,707.0,0.12803873216694672,807.0,0.030827547365977426,836.0,0.0,701.5,-3.0,52.5,-366.0,759.5,0.00010732813818429342,597.0,600.1875,25.0
TF:tf_bbox_extent,2,0.00918381754308939,577.0,0.18803727023178726,517.0,0.25248906197035303,555.0,0.1516564279512548,462.0,0.0,701.5,-5.0,252.5,-468.0,861.0,1.8693019413893736e-05,908.0,604.25,25.0
FREQ:peak1_freq,2,16008.5732421875,45.0,0.1085052941560397,802.0,0.17057163139840448,738.0,-0.007527993840445713,989.0,0.0,701.5,-4.0,152.5,-418.0,811.5,0.00010245956652250658,617.0,607.0625,25.0
TF:DWT_L6_tk_std,2,0.0003314830537419766,767.0,0.18914494671620807,510.0,0.18997857474236168,691.0,0.17511852857406152,349.0,0.0,701.5,-11.0,852.5,-2.0,359.0,9.962540087508455e-05,628.0,607.25,25.0
TF:DWT_L0_std,2,1.1865673065185547,243.0,0.15977549244777428,661.0,0.17943920637814292,718.0,0.1287708501117598,619.0,0.0,701.5,-11.0,852.5,-253.0,646.5,0.00015190018231941277,446.0,610.9375,25.0
TIME:cv,2,64513894252544.0,1.0,0.08522531273080718,842.0,0.06024990597943569,897.0,0.0166143526459971,890.0,0.0,701.5,-3.0,52.5,-483.0,876.0,9.311649678790394e-05,644.0,613.0,25.0
TF:DWT_L6_max,2,0.04743706434965134,473.0,0.17860345623884707,555.0,0.2525467529622287,554.0,0.12579800707475924,626.0,77.0,324.0,-9.0,652.5,-369.0,762.0,0.0,971.0,614.6875,25.0
TF:WPT_aada_tk_std,2,2.4262614250183105,213.0,0.13044772864429188,757.0,0.17225821220362247,736.0,0.13525745138802978,591.0,0.0,701.5,-9.0,652.5,-412.0,805.5,0.00014424304236303984,471.0,615.9375,25.0
TF:mod11_centroid,2,6.407973289489746,169.0,0.15680515915987422,679.0,0.08657867188061008,861.0,0.07215257518601967,763.0,0.0,701.5,-5.0,252.5,-344.0,737.0,6.07206850918241e-05,770.0,616.625,25.0
FREQ:hist_b26,2,0.002499321708455682,654.0,0.07509786794916871,864.0,0.10548243683072966,840.0,0.001972723969967504,928.0,0.0,701.5,-3.0,52.5,-146.0,539.5,0.00020107901171028143,371.0,618.8125,25.0
TF:WPT_adaa_min,2,0.24960598349571228,354.0,0.150934261324704,699.0,0.14225757152319796,780.0,0.0548877516630062,793.0,0.0,701.5,-6.0,352.5,-224.0,617.5,9.018413137346215e-05,657.0,619.3125,25.0
TF:WPT_dadd_skew,2,0.32042065262794495,334.0,0.04956997281675693,896.0,0.19545266683709528,675.0,0.028630480421390412,845.0,0.0,701.5,-4.0,152.5,-429.0,822.0,0.000126300201860651,535.0,620.125,25.0
TIME:seg_energy_5,2,0.0042298040352761745,625.0,0.10832525105316325,804.0,0.36027135637922925,283.0,0.07658241673088503,753.0,0.0,701.5,-8.0,552.5,-428.0,821.0,0.00016529996901829404,428.0,621.0,25.0
TF:WPT_ddda_tk_max,2,0.14588043093681335,388.0,0.15884232934216932,670.0,0.19562903286874,673.0,0.11216815666381667,667.0,0.0,701.5,-11.0,852.5,-328.0,721.0,0.00026672544564303825,313.0,623.25,25.0
TF:mod9_spread,2,0.2570306360721588,353.0,0.12756746429236943,769.0,0.11680198160624178,822.0,0.03502707232211182,827.0,0.0,701.5,-3.0,52.5,-375.0,768.0,7.643904283089145e-05,696.0,623.625,25.0
TF:mod3_spread,2,0.3459184169769287,326.0,0.13656927432456467,744.0,0.1058397672777498,839.0,0.0336781175712514,830.0,0.0,701.5,-3.0,52.5,-447.0,840.0,8.861677070153142e-05,664.0,624.625,25.0
TF:WPT_aadd_var,2,0.4897139370441437,302.0,0.1610902704957756,651.0,0.19191360821437886,684.0,0.14729350842735436,499.0,0.0,701.5,-9.0,652.5,-159.0,552.5,0.0,971.0,626.6875,25.0
TF:WPT_aada_max,2,2.119094133377075,225.0,0.13390601953672834,747.0,0.0718791630593989,882.0,0.09794628480643992,715.0,0.0,701.5,-4.0,152.5,-358.0,751.5,4.0816650075892934e-05,843.0,627.1875,25.0
TF:glcm_4_entropy_d1_a0,2,0.009121333248913288,578.0,0.08394821620619276,845.0,0.18174942946809258,708.0,0.14747397185069586,497.0,0.0,701.5,-10.0,752.5,-143.0,536.0,0.0001819011556395097,402.0,627.5,25.0
TF:DWT_L2_skew,2,0.34992164373397827,325.0,0.04440005439166698,910.0,0.15553661964985777,758.0,0.040905347931325775,815.0,0.0,701.5,-4.0,152.5,-304.0,697.5,8.763637392228448e-05,667.0,628.3125,25.0
TF:mod7_spread,2,0.32744354009628296,330.0,0.12578310695247472,772.0,0.11286798434367418,825.0,0.02522545814960854,856.0,0.0,701.5,-3.0,52.5,-445.0,838.0,9.04436410193054e-05,656.0,628.875,25.0
TF:WPT_daad_energy,2,0.02954402193427086,505.0,0.2499531993732963,197.0,0.24722376477389973,566.0,0.12924831810466242,615.0,0.0,701.5,-10.0,752.5,-388.0,781.0,1.282571154781262e-05,922.0,630.0,25.0
TF:WPT_aadd_log_energy,2,0.062065593898296356,457.0,0.14952853322892046,703.0,0.1888163793421893,693.0,0.09638246227044621,721.0,0.0,701.5,-11.0,852.5,-114.0,507.0,0.0001669123069090996,426.0,632.625,25.0
TF:WPT_ddda_tk_std,2,0.0008238971931859851,719.0,0.1671974367990886,614.0,0.2013220048186355,657.0,0.13464344091740335,595.0,0.0,701.5,-11.0,852.5,-93.0,486.0,0.00015015325655208766,452.0,634.625,25.0
TF:WPT_ddad_range,2,0.3113897740840912,336.5,0.1406719614098835,730.5,0.1799266444065899,716.5,0.13730288088015846,579.5,0.0,701.5,-10.0,752.5,-2.0,359.0,2.2333489289746487e-05,903.0,634.875,25.0
FREQ:peak2_freq,2,26323.875,41.0,0.13525737087006898,745.0,0.2070568666905479,638.0,-0.00038355081059706904,979.0,0.0,701.5,-7.0,452.5,-448.0,841.5,7.882966807208531e-05,689.0,635.9375,25.0
TF:WPT_adaa_zcr,2,0.00068815634585917,728.0,0.16925973780849513,596.0,0.11232972593029933,827.0,0.07588121163934855,755.0,87.0,314.0,-5.0,252.5,-436.0,829.0,5.606078987710112e-05,787.0,636.0625,25.0
TF:DWT_L2_std,2,0.15662099421024323,383.0,0.11448207593400724,793.0,0.12631190081697197,811.0,0.12325039435742285,633.0,0.0,701.5,-10.0,752.5,-188.0,581.5,0.00014656287700191001,461.0,639.5625,25.0
TIME:energy_centroid,2,0.6470797657966614,275.0,0.053236608267380435,889.0,0.1462726550171487,775.0,0.1173791962185859,651.0,0.0,701.5,-6.0,352.5,-326.0,719.5,5.8707310683161705e-05,777.0,642.5625,25.0
TF:mod10_spread,2,0.17250102758407593,375.0,0.10155660038967675,820.0,0.016142726508859173,939.0,0.006168198608366144,913.0,0.0,701.5,-4.0,152.5,-272.0,665.5,0.00011346129794794285,581.0,643.4375,25.0
TF:DWT_L4_log_energy,2,0.06625734269618988,455.0,0.1594447798336768,669.0,0.18738712083968245,700.0,0.0939664888235783,726.0,0.0,701.5,-11.0,852.5,-299.0,692.0,0.00021129462119208456,359.0,644.375,25.0
TF:WPT_ddda_min,2,0.053882502019405365,464.0,0.14069291920948235,729.0,0.09732497201730261,848.0,0.12058745042124026,648.0,0.0,701.5,-7.0,452.5,-408.0,801.0,0.00013244327070997407,517.0,645.125,25.0
TF:glcm_39_entropy_d2_a3,2,0.008823877200484276,582.5,0.10013914992016125,825.5,0.17526008878795052,725.5,0.1471246754998812,500.5,0.0,701.5,-10.0,752.5,-51.0,444.0,9.415287009493777e-05,639.0,646.375,25.0
TIME:seg_energy_7,2,0.003498501144349575,633.0,0.036772390339852135,929.0,0.3571052329795923,289.0,0.0765330538943261,754.0,0.0,701.5,-4.0,152.5,-471.0,864.0,3.666516385044182e-05,861.0,648.0,25.0
TF:WPT_daad_rel_energy,2,4.129366848459881e-10,939.0,0.25023719269390754,191.0,0.30492243295206567,396.0,0.12967783599717922,612.0,0.0,701.5,-10.0,752.5,-266.0,659.0,2.564711266745672e-21,933.0,648.0,25.0
TIME:seg_energy_6,2,0.005162198096513748,610.0,0.09897215609673969,828.0,0.28412826078880427,458.0,0.10735967559117877,678.0,0.0,701.5,-6.0,352.5,-462.0,855.0,7.420661580816405e-05,710.0,649.125,25.0
SPAT:sp_q25,2,0.07216249406337738,448.0,0.1685935681359327,601.0,0.2054300942747913,648.0,0.06227758007117436,780.0,149.0,252.0,-8.0,552.5,-561.0,954.0,0.0,971.0,650.8125,25.0
TF:Et_kurt,2,10.341772079467773,152.0,0.04986989379180103,895.0,0.040779875059874016,919.0,0.028003498675619454,847.0,0.0,701.5,-4.0,152.5,-406.0,799.0,6.710235637448871e-05,741.0,650.875,25.0
FREQ:bandP_rel_2,2,0.008783870376646519,585.0,0.07133425832019591,867.0,0.18071754416627428,714.5,0.09892140496085632,709.0,0.0,701.5,-7.0,452.5,-51.0,444.0,6.774107213499438e-05,738.0,651.4375,25.0
TF:WPT_ddda_std,2,0.002384674036875367,658.0,0.22497996462633316,344.0,0.2546792737883683,551.0,0.14675218712654098,505.0,0.0,701.5,-11.0,852.5,-347.0,740.0,2.996832205738902e-05,878.0,653.75,25.0
TF:lbp_b12,2,1.0731286010923213e-06,907.0,0.15279083106770422,692.0,0.15430398909143106,762.0,0.0664384815437977,770.0,0.0,701.5,-5.0,252.5,-402.0,795.0,0.00021981298904425584,351.0,653.875,25.0
TF:DWT_L1_zcr,2,0.0041580344550311565,626.0,0.10649738745790023,808.0,0.06575457661271544,892.0,0.03996204071268823,818.0,0.0,701.5,-6.0,352.5,-310.0,703.0,0.00022266464171238925,349.0,656.25,25.0
TF:WPT_addd_tk_max,2,94.11500549316406,93.0,0.14193925958246728,723.0,0.174488136944412,728.0,0.07287264932108134,761.0,0.0,701.5,-10.0,752.5,-287.0,680.5,4.561825809142484e-05,819.0,657.3125,25.0
TF:Et_skew,2,0.6362988948822021,278.0,0.11304875358804216,795.0,0.13211298064604282,800.0,0.05602229321373445,792.0,0.0,701.5,-4.0,152.5,-494.0,887.0,3.4946351414609604e-05,871.0,659.625,25.0
TF:lbp_b29,2,1.8210685084341094e-06,897.0,0.16588655659257798,624.0,0.19405755562071603,680.0,0.14957504698293017,474.0,0.0,701.5,-7.0,452.5,-252.0,645.0,4.904341285457439e-05,807.0,660.125,25.0
TF:lbp_b26,2,8.931039587878331e-07,911.0,0.09215235766390802,834.0,0.12599714949579432,812.0,0.06344483891139496,776.0,0.0,701.5,-3.0,52.5,-340.0,733.0,0.00014481577327632726,469.0,661.125,25.0
TF:WPT_ddad_skew,2,0.6128668785095215,283.0,0.05741471026080321,883.0,0.14759573016315963,771.0,0.008179452259062822,908.0,0.0,701.5,-4.0,152.5,-531.0,924.0,8.495052802465618e-05,675.0,662.25,25.0
TF:mod8_spread,2,0.3082195520401001,338.0,0.14223714372037105,722.0,0.15827961812725322,751.0,0.019438593980532146,875.0,0.0,701.5,-3.0,52.5,-508.0,901.0,0.0,971.0,664.0,25.0
TF:WPT_dada_skew,2,1.6567195653915405,230.0,0.049546910845178725,897.0,0.2649913643581736,523.0,0.03427276465623893,829.0,0.0,701.5,-8.0,552.5,-500.0,893.0,7.941439575547231e-05,688.0,664.25,25.0
TF:WPT_aaad_skew,2,0.35253578424453735,323.5,0.07849167180558093,859.5,0.15279884712574177,764.5,0.03901098226974499,820.5,0.0,701.5,-7.0,452.5,-431.0,824.5,0.00011541046901165937,571.0,664.6875,25.0
TF:WPT_addd_max,2,1.2191627025604248,241.0,0.16543256395759767,626.0,0.13928414202143014,783.0,0.1014159077152198,696.0,0.0,701.5,-10.0,752.5,-199.0,592.0,1.89301313478897e-21,934.0,665.75,25.0
TF:WPT_daad_var,2,1.0959664820120452e-07,926.0,0.24979982903183437,198.0,0.24571119342583936,568.0,0.1291343314681118,616.0,0.0,701.5,-10.0,752.5,-487.0,880.0,8.234234906073568e-05,685.0,665.875,25.0
TF:WPT_ddda_rel_energy,2,7.799268360031419e-07,912.0,0.24146401316444854,258.0,0.27368518301577405,482.0,0.1289435949784064,617.0,0.0,701.5,-12.0,952.5,-217.0,610.5,5.0247756547470973e-05,803.0,667.0625,25.0
TF:WPT_dadd_tk_std,2,1.4105680747888982e-05,861.0,0.17868529482359996,554.0,0.13457570409182384,791.0,0.11329232433144516,663.0,0.0,701.5,-10.0,752.5,-234.0,627.0,0.00019151536006571006,391.0,667.625,25.0
TF:DWT_L0_skew,2,0.9224635362625122,251.0,0.04496697229118294,907.0,0.06364343003278305,895.0,0.013450488797204042,896.0,0.0,701.5,-7.0,452.5,-289.0,682.0,0.00011885733601739147,561.0,668.25,25.0
TF:mod5_spread,2,0.29040035605430603,345.0,0.12875725772443566,762.0,0.05691459823031941,900.0,0.058626230681014385,790.0,0.0,701.5,-5.0,252.5,-392.0,785.0,4.377956307025314e-05,827.0,670.375,25.0
TF:DWT_L3_skew,2,0.35253578424453735,323.5,0.07849167180558093,859.5,0.15279884712574177,764.5,0.03901098226974499,820.5,0.0,701.5,-7.0,452.5,-229.0,622.0,4.560744886541616e-05,820.0,670.5,25.0
TF:DWT_L1_skew,2,0.4519258141517639,307.0,0.04943342851868799,898.0,0.12476504878851546,813.0,0.035505705178044696,825.0,0.0,701.5,-8.0,552.5,-426.0,819.0,0.00014721215153851844,459.0,671.875,25.0
TF:DWT_L0_median,2,0.03936600312590599,478.0,0.10189724323073686,819.0,0.04829113019448705,908.0,0.060737200227210304,783.0,0.0,701.5,-5.0,252.5,-454.0,847.0,0.0001007280501911626,624.0,676.625,25.0
TF:hog_b4,2,1.3022363418713212e-05,863.0,0.16470989964481578,632.0,0.10951669662387342,833.0,0.05913585736434476,786.0,0.0,701.5,-5.0,252.5,-79.0,472.5,3.132656999971371e-05,874.0,676.8125,25.0
TF:WPT_ddad_zcr,2,0.0005113995284773409,742.0,0.08920311245373652,838.0,0.0,979.0,0.029923743531360177,840.0,0.0,701.5,-4.0,152.5,-405.0,798.0,0.00016968041116623668,420.0,683.875,25.0
TF:WPT_adaa_skew,2,2.3595595359802246,217.0,0.055567334479853396,886.0,0.010201905485424767,946.0,0.023936788008624827,859.0,0.0,701.5,-3.0,52.5,-513.0,906.5,2.083683961914687e-05,905.0,684.1875,25.0
TF:WPT_adaa_max,2,0.31771814823150635,335.0,0.08028160889101833,854.0,0.08432039389367496,867.0,0.017639058420414484,883.0,0.0,701.5,-3.0,52.5,-469.0,862.0,8.271765564131373e-06,928.0,685.375,25.0
SPAT:st_t_centroid,2,0.000983331585302949,710.0,0.043991481107596854,914.0,0.2716503313431171,495.0,0.09862486000730958,710.0,0.0,701.5,-7.0,452.5,-388.0,781.0,6.392456980797672e-05,754.0,689.75,25.0
TF:WPT_daaa_tk_std,2,6.101982563677666e-08,928.0,0.09096986716611345,836.0,0.18614960298696026,703.0,0.012002643259981441,899.0,0.0,701.5,-3.0,52.5,-393.0,786.0,9.793521654237168e-05,631.0,692.125,25.0
TF:DWT_L6_skew,2,0.0915006697177887,417.0,0.034110064473545344,933.0,0.21863448496099913,618.0,0.01664284916025315,889.0,0.0,701.5,-9.0,652.5,-515.0,908.0,0.00015102353537515428,448.0,695.875,25.0
SPAT:st_traj_drift,2,0.46795639395713806,306.0,0.05027093912702163,891.0,0.0,979.0,0.018149128542848003,881.0,0.0,701.5,-5.0,252.5,-415.0,808.5,4.562186110857558e-05,818.0,704.6875,25.0
TF:hog_b3,2,8.006533789739478e-06,869.0,0.11521316424976853,790.0,0.11234136295782093,826.0,0.01227609728103378,898.0,28.0,373.0,-4.0,152.5,-477.0,870.5,2.542540260142633e-05,893.0,709.0,25.0
TF:WPT_dddd_skew,2,0.9832749366760254,249.0,0.0657218267995324,875.0,0.2002636169364158,661.0,-0.00482034478302173,984.0,0.0,701.5,-6.0,352.5,-525.0,918.5,6.710772522474349e-06,931.0,709.0625,25.0
TF:DWT_L0_mean,2,0.08448832482099533,433.0,0.036981872893920804,928.0,0.01920130224463268,937.0,0.03829346088230011,822.0,0.0,701.5,-6.0,352.5,-495.0,888.0,9.388419563081195e-05,640.0,712.75,25.0
TF:WPT_ddaa_skew,2,0.7559561729431152,260.0,0.03877215220596845,923.0,0.09768957724388905,846.0,-0.014000200030633382,997.0,0.0,701.5,-6.0,352.5,-540.0,933.5,7.317219328942962e-05,713.0,715.8125,25.0
TF:WPT_daaa_tk_max,2,1.5434516171808355e-05,857.0,0.10934990353760708,801.0,0.193075823043674,681.0,0.006615609683153163,912.0,0.0,701.5,-5.0,252.5,-438.0,831.0,6.564049948595748e-05,746.0,722.75,25.0
TF:WPT_aadd_median,2,0.002470052568241954,656.0,0.039412830367138774,922.0,0.08928457584455352,856.0,0.02830970845718448,846.0,0.0,701.5,-7.0,452.5,-481.0,874.0,0.00013861337197296442,496.0,725.5,25.0
TF:WPT_daaa_median,2,1.146397465845439e-08,934.0,0.06502625937416019,876.0,0.16590252560852603,747.0,0.02546961716224502,855.0,0.0,701.5,-4.0,152.5,-452.0,845.5,6.554248551142466e-05,748.0,732.4375,25.0
TF:WPT_daad_zcr,2,0.0005404903786256909,741.0,0.0962721441861734,830.0,0.0,979.0,0.021433374200607515,869.0,0.0,701.5,-5.0,252.5,-446.0,839.0,8.680920613046083e-05,670.0,735.25,25.0
TF:mod11_spread,2,0.238760843873024,359.0,0.0913022551450751,835.0,0.0,979.0,-0.009372031054936112,994.0,0.0,701.5,-6.0,352.5,-450.0,843.5,4.051923121666011e-05,844.0,738.5625,25.0
TF:WPT_adda_median,2,0.0018951008096337318,673.0,0.04805959947455046,904.0,0.11114395206623051,829.0,0.03930831528963624,819.0,0.0,701.5,-7.0,452.5,-374.0,767.0,6.196497422622764e-05,765.0,738.875,25.0
TF:WPT_daad_skew,2,0.6074190735816956,284.0,0.06347427896501216,878.0,0.09886520891819739,844.0,0.005235582966913724,915.0,0.0,701.5,-9.0,652.5,-545.0,938.0,7.197556072661786e-05,717.0,741.25,25.0
TF:WPT_daaa_max,2,0.020602617412805557,529.0,0.10085015350762515,821.0,0.07878698990838773,876.0,0.007726627265578085,909.0,0.0,701.5,-7.0,452.5,-551.0,944.5,6.245604894824571e-05,761.0,749.3125,25.0
TF:WPT_adad_zcr,2,0.0004905674140900373,744.0,0.07642963834707615,862.0,0.013445940439922754,940.0,-0.01239157894499316,996.0,0.0,701.5,-4.0,152.5,-546.0,939.0,8.88522698157832e-05,663.0,749.75,25.0
TF:WPT_adda_zcr,2,0.0005505428998731077,740.0,0.06766690770510023,873.0,0.007706500608075206,948.0,0.03231317217150131,832.0,0.0,701.5,-7.0,452.5,-528.0,921.0,0.00011538820238681308,572.0,755.0,25.0
TF:DWT_L1_mean,2,0.03794393688440323,480.0,0.06204837300082788,879.0,0.04478760525417069,913.0,-0.005567100062056446,987.0,0.0,701.5,-6.0,352.5,-504.0,897.5,3.772160104853163e-05,851.0,757.6875,25.0
TF:WPT_addd_median,2,0.0009928003419190645,708.0,0.03810134820333076,925.0,0.046859422621468916,910.0,0.01750705730770595,885.0,0.0,701.5,-5.0,252.5,-504.0,897.5,4.2525061057373984e-05,833.0,764.0625,25.0
TF:WPT_daaa_zcr,2,0.0002601206360850483,788.0,0.05470836350343109,887.0,0.025113424758904213,932.0,0.018210931759615315,879.0,0.0,701.5,-4.0,152.5,-534.0,927.0,4.02971630323984e-05,846.0,764.125,25.0
TF:WPT_addd_mean,2,0.0007383240154013038,725.0,0.042729964837206154,916.0,0.006712549160850845,951.0,0.017584838438847884,884.0,0.0,701.5,-5.0,252.5,-472.0,865.0,1.440550336687379e-05,917.0,776.5,25.0
TF:WPT_dada_zcr,2,0.0005842247628606856,737.0,0.07850303794220788,858.0,0.0,979.0,0.001704948941304043,930.0,0.0,701.5,-7.0,452.5,-460.0,853.0,7.016841245751829e-05,724.0,779.375,25.0
TF:WPT_adad_mean,2,0.0006030606455169618,736.0,0.013527076952994268,946.0,0.019261952887556166,936.0,-0.011737916747726233,995.0,0.0,701.5,-7.0,452.5,-481.0,874.0,9.673655729481907e-05,635.0,784.5,25.0
TF:WPT_daad_mean,2,1.2609688155862386e-06,904.0,0.027154596280423705,939.0,0.08492352679555815,865.0,-0.0017715475989670884,981.0,0.0,701.5,-7.0,452.5,-509.0,902.5,0.0001057344478688008,605.0,793.8125,25.0
TF:WPT_ddda_mean,2,2.355534707021434e-05,850.0,0.015715199704225965,945.0,0.027801050719813425,929.0,0.021584501646056714,867.0,0.0,701.5,-7.0,452.5,-398.0,791.5,3.9338049975568844e-05,849.0,798.1875,25.0
FREQ:mag_mean,1,38.543704986572266,115.0,0.15236511125834362,696.0,0.25640178343481557,544.0,0.1385418883513981,569.0,0.0,701.5,-11.0,852.5,-208.0,601.5,0.0001051665658163026,606.0,585.6875,12.5
TF:DWT_L6_min,1,0.0502401664853096,469.0,0.16611220637927793,623.0,0.19405860022306376,679.0,0.1389818927270604,564.0,0.0,701.5,-8.0,552.5,-298.0,691.0,0.0001253270545796722,537.0,602.125,12.5
TF:WPT_dadd_var,1,4.970923782821046e-06,875.0,0.2539017746415804,163.0,0.2683580944035957,515.0,0.1458814669153092,512.0,0.0,701.5,-8.0,552.5,-443.0,836.5,7.428175414566851e-05,709.0,608.0625,12.5
TF:WPT_aada_rel_energy,1,0.001624319702386856,681.0,0.23192153811180227,315.0,0.2630084700293036,527.0,0.14420685598574703,533.0,0.0,701.5,-12.0,952.5,-236.0,629.5,0.0001228576413638846,545.0,610.5625,12.5
TF:lbp_b28,1,3.556126102921553e-06,880.0,0.17230476173080075,587.0,0.24961530191310644,561.0,0.18575025598704337,308.0,0.0,701.5,-10.0,752.5,-166.0,559.0,0.00012233124660193344,547.0,612.0,12.5
TF:WPT_adad_range,1,1.588106632232666,231.5,0.13274018278756478,749.5,0.11769517231140814,818.5,0.12484066501962619,628.5,0.0,701.5,-8.0,552.5,-193.0,586.5,9.52644822772219e-05,637.0,613.1875,12.5
TF:DWT_L2_tk_mean,1,3.6998491287231445,188.0,0.08105165118679934,851.0,0.11071329574947253,831.0,0.1259243315287963,625.0,0.0,701.5,-8.0,552.5,-279.0,672.5,0.00013380032359227431,513.0,616.8125,12.5
FREQ:cepstral_2,1,0.01902834139764309,538.0,0.13674963305477214,743.0,0.15154192941182432,766.0,0.08365462217386528,744.0,0.0,701.5,-9.0,652.5,-151.0,544.5,0.00033206302221633875,267.0,619.5625,12.5
TF:WPT_aadd_std,1,0.08708739280700684,425.0,0.1595732946975157,667.0,0.19171291547445968,685.0,0.13735171731418638,577.0,0.0,701.5,-11.0,852.5,-140.0,533.5,0.00012680005846510298,532.0,621.6875,12.5
TF:DWT_L4_std,1,0.08286609500646591,436.0,0.1883405830887573,514.0,0.18927037606987485,692.0,0.14470629206613833,526.0,0.0,701.5,-11.0,852.5,-326.0,719.5,0.00012647509620962018,533.0,621.8125,12.5
TF:glcm_9_entropy_d1_a1,1,0.008829079568386078,580.5,0.10020239148608656,823.5,0.1813512285628427,710.5,0.14415679605568563,536.5,0.0,701.5,-10.0,752.5,-159.0,552.5,0.0002587135497716956,320.0,622.1875,12.5
TF:WPT_aada_range,1,7.601861476898193,165.5,0.15985157276148645,657.5,0.09728353091603559,849.5,0.13019555761404314,607.5,0.0,701.5,-9.0,652.5,-398.0,791.5,0.00011642502607460398,569.0,624.3125,12.5
TF:WPT_aadd_zcr,1,0.000972227135207504,711.0,0.1385343809967637,736.0,0.11188179383623398,828.0,0.046543004747046486,804.0,0.0,701.5,-3.0,52.5,-257.0,650.0,0.00013165726173920402,520.0,625.375,12.5
TF:WPT_dadd_min,1,0.0068201241083443165,593.0,0.15963646208418986,666.0,0.19464396591966704,678.0,0.10135629815447687,697.0,0.0,701.5,-3.0,52.5,-303.0,696.0,0.0,971.0,631.875,12.5
TF:WPT_dadd_range,1,0.02302374318242073,522.5,0.1669315091839387,619.5,0.17436642179086315,729.5,0.12114749606063203,644.5,0.0,701.5,-6.0,352.5,-223.0,616.0,2.8121992029571114e-05,882.0,633.5,12.5
TF:WPT_aada_p2p,1,7.601861476898193,165.5,0.15985157276148645,657.5,0.09728353091603559,849.5,0.13019555761404314,607.5,0.0,701.5,-9.0,652.5,-351.0,744.0,7.406351433256449e-05,711.0,636.125,12.5
TF:glcm_34_entropy_d2_a2,1,0.01247347705066204,559.0,0.1597007004705381,663.0,0.22881470786276026,599.0,0.1531174426730081,452.0,0.0,701.5,-10.0,752.5,-236.0,629.5,6.762952571708662e-05,739.0,636.9375,12.5
TF:WPT_aada_zcr,1,0.0012527459766715765,696.0,0.165394384546351,627.0,0.12393143971915244,814.0,0.1298878384614658,610.0,0.0,701.5,-3.0,52.5,-343.0,736.0,3.651585814590347e-05,862.0,637.375,12.5
TF:DWT_L0_log_energy,1,0.06701478362083435,454.0,0.164524813914004,634.0,0.2022405235229927,656.0,0.1124452591985295,666.0,0.0,701.5,-8.0,552.5,-473.0,866.0,0.00011304903463791395,582.0,639.0,12.5
TF:DWT_L0_rms,1,1.1966832876205444,242.0,0.15844267288606254,671.0,0.1996440442032359,665.0,0.1256176672377207,627.0,0.0,701.5,-11.0,852.5,-363.0,756.5,0.00010379211365794323,609.0,640.5625,12.5
TF:DWT_L0_zcr,1,0.003077629255130887,643.0,0.175385690205603,571.0,0.08153684915135928,871.0,0.09080982589210335,733.0,0.0,701.5,-4.0,152.5,-361.0,754.5,7.150613704262232e-05,720.0,643.3125,12.5
TF:hog_b13,1,1.1378255294403061e-05,867.0,0.1690274814899195,600.0,0.23110237259295463,594.0,0.09315037145516823,728.0,0.0,701.5,-4.0,152.5,-415.0,808.5,7.541362161503338e-05,704.0,644.4375,12.5
TF:DWT_L2_median,1,0.01559394784271717,548.0,0.04807982071482169,903.0,0.0685653147614298,886.0,0.06386849327689043,775.0,0.0,701.5,-3.0,52.5,-336.0,729.0,0.00011846449086274553,563.0,644.75,12.5
FREQ:frac_mid,1,0.013272369280457497,556.0,0.08067718103063386,852.0,0.1283074258285417,806.0,0.1509606887629308,468.0,0.0,701.5,-8.0,552.5,-265.0,658.0,0.00011408282092568634,578.0,646.5,12.5
TF:WPT_daad_tk_mean,1,1.2962141227035318e-07,925.0,0.24623147922138697,218.0,0.2612177455025524,530.0,0.11328699774752622,664.0,0.0,701.5,-10.0,752.5,-185.0,578.5,4.994709485128617e-05,804.0,646.6875,12.5
TF:WPT_ddda_rms,1,0.0023869923315942287,657.0,0.2250574436373387,343.0,0.2550205293177603,546.0,0.14628619740778823,507.0,0.0,701.5,-11.0,852.5,-331.0,724.0,3.7689836788024076e-05,852.0,647.875,12.5
TIME:seg_energy_4,1,0.006422529462724924,599.0,0.112060701365914,799.0,0.2681840521598895,516.0,0.07686449733499517,752.0,0.0,701.5,-6.0,352.5,-464.0,857.0,0.00010365954845376155,610.0,648.375,12.5
TF:WPT_ddda_var,1,0.0002063574647763744,791.0,0.24196682983728546,251.0,0.2587639442000178,540.0,0.1318015573653517,603.0,0.0,701.5,-11.0,852.5,-262.0,655.0,5.390710789928956e-05,798.0,649.0,12.5
TF:WPT_aadd_tk_mean,1,0.5149907469749451,299.0,0.1569422531208908,678.0,0.17533028944394857,724.0,0.12952033498765436,614.0,0.0,701.5,-9.0,652.5,-213.0,606.5,8.663481166366347e-06,927.0,650.3125,12.5
TF:lbp_b10,1,2.6346565391577315e-06,888.0,0.17572357425335872,569.0,0.19204993446001772,683.0,0.164286277004521,383.0,0.0,701.5,-9.0,652.5,-210.0,603.5,6.349133165916184e-05,755.0,654.4375,12.5
TF:DWT_L0_energy,1,1467529.125,14.0,0.1467509301777481,708.0,0.1963585023501091,671.0,0.122184792532233,640.0,0.0,701.5,-12.0,952.5,-319.0,712.0,3.694263009297369e-05,857.0,657.0,12.5
TIME:seg_energy_8,1,0.0035165564622730017,632.0,0.06847536539140057,871.0,0.22840396809908814,600.0,0.09814291590373701,711.0,0.0,701.5,-4.0,152.5,-496.0,889.5,6.300386806952304e-05,757.0,664.3125,12.5
TF:WPT_adaa_range,1,0.7969078421592712,253.5,0.13098458042408598,754.5,0.12921608686745767,804.5,0.042523108103981,811.5,0.0,701.5,-9.0,652.5,-341.0,734.0,0.00010193576136730241,618.0,666.25,12.5
TF:WPT_ddda_p2p,1,0.17489992082118988,373.5,0.16713261530018272,615.5,0.13896131149245372,786.5,0.13706595794499254,581.5,0.0,701.5,-10.0,752.5,-382.0,775.0,6.574955453844874e-05,744.0,666.25,12.5
TF:WPT_ddda_range,1,0.17489992082118988,373.5,0.16713261530018272,615.5,0.13896131149245372,786.5,0.13706595794499254,581.5,0.0,701.5,-10.0,752.5,-300.0,693.0,4.3328369708846046e-05,828.0,666.5,12.5
TF:hog_b2,1,1.2668516319536138e-05,864.0,0.15110696792829315,698.0,0.1568471580917854,754.0,0.10183355788720765,694.0,0.0,701.5,-5.0,252.5,-357.0,750.0,0.00010090209621866317,623.0,667.125,12.5
SPAT:st_linearity_r2,1,0.019757037982344627,533.0,0.05283768070821988,890.0,0.11740637088300909,821.0,0.043451156900381906,808.0,0.0,701.5,-4.0,152.5,-435.0,828.0,0.0001063177335118008,603.0,667.125,12.5
TF:DWT_L0_var,1,80.07230377197266,100.0,0.148615739434756,706.0,0.1770749402146703,723.0,0.12223503433816389,638.0,0.0,701.5,-12.0,952.5,-295.0,688.5,4.306424476632422e-05,830.0,667.4375,12.5
TF:lbp_b25,1,7.736722409390495e-07,913.0,0.14121683298247248,726.0,0.1470750199134394,772.0,0.04847425537139873,801.0,0.0,701.5,-3.0,52.5,-461.0,854.0,0.00013155616107067417,521.0,667.625,12.5
TF:WPT_dddd_zcr,1,0.0008388233836740255,716.0,0.16109117949900345,650.0,0.08873696976843926,858.0,0.09953692774960911,702.0,0.0,701.5,-6.0,352.5,-337.0,730.0,9.45170867856388e-05,638.0,668.5,12.5
TF:DWT_L2_var,1,2.819666862487793,201.0,0.11665083626508475,785.0,0.12732113565205871,809.0,0.12044191750952149,649.0,0.0,701.5,-11.0,852.5,-306.0,699.0,8.994607923430089e-05,658.0,669.375,12.5
TF:lbp_b23,1,1.8153293694922468e-06,898.0,0.1675456938389335,606.0,0.1915135291763117,686.0,0.08942341253075939,736.0,0.0,701.5,-5.0,252.5,-263.0,656.0,4.0917873516554176e-05,839.0,671.875,12.5
TF:WPT_aadd_rms,1,0.08725747466087341,424.0,0.15975493562622387,662.0,0.18801156445171818,697.0,0.13619743490837502,587.0,0.0,701.5,-11.0,852.5,-183.0,576.0,2.5993931455142654e-05,889.0,673.625,12.5
TF:WPT_adaa_tk_std,1,0.017020123079419136,544.0,0.08313332887555755,846.0,0.20732009450345545,637.0,-0.004355575795076333,983.0,0.0,701.5,-7.0,452.5,-251.0,644.0,0.00010806098241912109,596.0,675.5,12.5
TIME:hist_b0,1,2.6561656341073103e-05,847.0,0.13285381825124878,748.0,0.17785219854736178,721.0,0.04869877421905893,800.0,81.0,320.0,-10.0,752.5,-320.0,713.0,0.0001343409650757118,512.0,676.6875,12.5
SPAT:sp_edge_density,1,0.02071257494390011,527.0,0.14101387732248946,728.0,0.07961430562422933,873.0,0.015587188612099661,894.0,0.0,701.5,-3.0,52.5,-544.0,937.0,7.566082253334594e-05,702.0,676.875,12.5
TF:DWT_L5_skew,1,0.07978740334510803,442.0,0.04305860467437072,915.0,0.2385566042352485,578.0,0.04142509311544303,814.0,0.0,701.5,-9.0,652.5,-385.0,778.0,0.0001250697158085946,539.0,677.5,12.5
FREQ:cepstral_6,1,0.0015688039129599929,682.0,0.13696914497482637,741.0,0.08457178739158433,866.0,0.04824975140402533,802.0,0.0,701.5,-5.0,252.5,-143.0,536.0,3.72476746405107e-05,855.0,679.5,12.5
TF:DWT_L2_rms,1,0.1568911373615265,381.0,0.11443590669328702,794.0,0.1339906663165431,794.0,0.12312855490383721,634.0,0.0,701.5,-10.0,752.5,-230.0,623.5,6.223640092766045e-05,763.0,680.4375,12.5
TF:WPT_dada_rel_energy,1,1.5543442088983284e-07,924.0,0.2426818958694795,244.0,0.23781385791342924,581.0,0.13511512701457892,592.0,0.0,701.5,-10.0,752.5,-342.0,735.0,6.792340122703523e-22,938.0,683.5,12.5
TF:DWT_L2_zcr,1,0.0026168853510171175,651.0,0.10340221999617671,815.0,0.056825985182300975,901.0,0.06442099831451191,773.0,0.0,701.5,-4.0,152.5,-410.0,803.5,8.659128975016513e-05,671.0,683.5625,12.5
TF:WPT_aada_min,1,2.6839356422424316,206.0,0.15388314899974018,684.0,0.09428189881357607,853.0,0.09942917836122525,705.0,0.0,701.5,-10.0,752.5,-452.0,845.5,6.934557825440986e-05,730.0,684.6875,12.5
TF:WPT_ddda_max,1,0.051007721573114395,468.0,0.16488060690040196,630.0,0.1463711821923268,774.0,0.09918178328458636,706.0,0.0,701.5,-9.0,652.5,-414.0,807.0,6.482295287080727e-05,749.0,686.0,12.5
TF:WPT_adaa_p2p,1,0.7969078421592712,253.5,0.13098458042408598,754.5,0.12921608686745767,804.5,0.042523108103981,811.5,0.0,701.5,-9.0,652.5,-232.0,625.5,2.595765111858576e-05,890.0,686.6875,12.5
TF:glcm_54_entropy_d3_a2,1,0.01184937171638012,563.0,0.15145428330080313,697.0,0.18110502165895337,713.0,0.1481218574891728,491.0,0.0,701.5,-11.0,852.5,-370.0,763.0,6.134774610990762e-05,768.0,693.625,12.5
TF:Ef_min,1,1.3171712945800027e-28,955.0,0.002463718770382548,949.0,0.24413111519015063,570.0,0.07345801852390886,760.0,0.0,701.5,-6.0,352.5,-301.0,694.5,0.0001149221156669365,573.0,694.4375,12.5
FREQ:bandP_rel_3,1,0.0031451527029275894,641.0,0.1150489393905752,791.0,0.1065447619060147,836.5,0.14157801442542528,553.0,0.0,701.5,-9.0,652.5,-71.0,464.0,9.105862293569691e-06,926.0,695.6875,12.5
TF:WPT_ddda_zcr,1,0.0007384580094367266,724.0,0.13092735030540315,756.0,0.04543180272279068,912.0,0.060169146308682545,784.0,0.0,701.5,-4.0,152.5,-549.0,942.0,8.784526980408075e-05,666.0,704.75,12.5
TF:WPT_ddda_median,1,3.232278686482459e-05,843.0,0.057433931984158075,882.0,0.12978522799120107,802.0,0.03072410729241587,837.0,0.0,701.5,-3.0,52.5,-500.0,893.0,9.280695287581638e-05,645.0,707.0,12.5
FREQ:spec_flatness,1,0.0015456575201824307,684.0,0.16422992104814904,635.0,0.07067987587055446,885.0,0.051053144250104834,798.0,0.0,701.5,-8.0,552.5,-537.0,930.0,0.00014381027856225168,475.0,707.625,12.5
TF:mod11_entropy,1,0.004867630545049906,615.0,0.10419864066855743,813.0,0.0,979.0,0.00869357628647268,907.0,0.0,701.5,-5.0,252.5,-507.0,900.0,0.00012509435211481362,538.0,713.25,12.5
TF:WPT_aada_skew,1,1.1182864904403687,246.0,0.04225264861690934,918.0,0.21580182790823965,622.0,0.02038725234503927,873.0,0.0,701.5,-10.0,752.5,-476.0,869.0,7.012353625374993e-05,727.0,713.625,12.5
TF:WPT_dadd_median,1,3.408496695556096e-06,882.0,0.06834333851138143,872.0,0.14469921881961723,778.0,0.035186066317692326,826.0,0.0,701.5,-5.0,252.5,-386.0,779.0,9.371423206214633e-05,642.0,716.625,12.5
TF:WPT_ddaa_zcr,1,0.0006284767296165228,732.0,0.1278476874851287,766.0,0.04086925703499933,918.0,0.02662784099823073,851.0,0.0,701.5,-3.0,52.5,-502.0,895.5,4.085429824259316e-05,842.0,719.8125,12.5
FREQ:cepstral_7,1,0.0007171478937380016,727.0,0.1326098158145955,752.0,0.18647943958113045,702.0,0.016415752439734147,891.0,0.0,701.5,-6.0,352.5,-463.0,856.0,5.5898331377284736e-05,789.0,721.375,12.5
FREQ:hist_b24,1,0.02647646889090538,509.0,0.04448639948992081,909.0,0.10640248985163447,838.0,0.0303195557110391,838.0,0.0,701.5,-5.0,252.5,-498.0,891.0,4.248210074431564e-05,834.0,721.625,12.5
TF:WPT_dddd_median,1,0.00011762770009227097,809.0,0.07099291786992457,869.0,0.1181828122861357,817.0,0.042488615264009384,813.0,0.0,701.5,-3.0,52.5,-456.0,849.0,2.643847249023798e-05,886.0,724.625,12.5
TF:lbp_b9,1,5.061729666522297e-07,915.0,0.13772541321775128,739.0,0.07871698096660484,877.0,0.04570598058067554,806.0,0.0,701.5,-8.0,552.5,-378.0,771.0,0.00015773497121896862,437.0,724.875,12.5
FREQ:hist_b23,1,0.02037481777369976,530.0,0.10572892253635209,810.0,0.1175403942933877,820.0,0.011300005012301936,901.0,0.0,701.5,-7.0,452.5,-509.0,902.5,8.305464361334262e-05,682.0,724.9375,12.5
TF:DWT_L5_mean,1,1.8508451375964796e-06,896.0,0.049373848961413176,899.0,0.047286472186693906,909.0,0.023764632218215537,860.0,0.0,701.5,-3.0,52.5,-440.0,833.0,9.215488243958776e-05,649.0,725.0,12.5
TF:WPT_ddad_median,1,8.895678911358118e-05,814.0,0.023550361523435776,944.0,0.055532775626929265,902.0,0.027495751107680426,848.0,0.0,701.5,-4.0,152.5,-457.0,850.5,0.0001116515691093074,588.0,725.0625,12.5
FREQ:cepstral_8,1,0.0005764626548625529,739.0,0.11210084397959923,798.0,0.029691359236680093,928.0,0.04651960220501347,805.0,0.0,701.5,-6.0,352.5,-489.0,882.0,0.00010114736835883123,620.0,728.25,12.5
FREQ:cepstral_5,1,0.0009510092786513269,712.0,0.11621101856401762,787.0,0.10762892452809414,834.0,0.07113966784173101,764.0,0.0,701.5,-6.0,352.5,-491.0,884.0,4.5944774607531966e-05,816.0,731.375,12.5
TF:WPT_dadd_tk_max,1,0.0021759853698313236,663.0,0.14248017422498357,720.0,0.1858703444968568,704.0,0.10349546525215694,689.0,0.0,701.5,-11.0,852.5,-291.0,684.0,3.927671882674958e-05,850.0,733.0,12.5
TF:DWT_L4_median,1,0.001259064069017768,695.0,0.08128352299218812,850.0,0.14649759128920303,773.0,0.0076329240665339885,910.0,0.0,701.5,-4.0,152.5,-511.0,904.5,2.845475409719474e-05,881.0,733.4375,12.5
TF:DWT_L3_median,1,0.0034099286422133446,636.5,0.04990004703013709,893.5,0.07163061266754678,883.5,0.0030235737352681527,923.5,0.0,701.5,-5.0,252.5,-506.0,899.0,7.271904312884767e-05,715.0,738.125,12.5
TF:DWT_L4_skew,1,0.16737009584903717,379.0,0.03021753142173328,935.0,0.17789182489779298,720.0,0.03436265017664147,828.0,0.0,701.5,-9.0,652.5,-408.0,801.0,1.7501926940838404e-05,912.0,741.125,12.5
TF:WPT_adad_median,1,0.0006111420807428658,735.0,0.02649028888384568,940.0,0.13473596241739338,790.0,0.027125905726972415,850.0,0.0,701.5,-5.0,252.5,-517.0,910.0,6.399754907649432e-05,753.0,741.5,12.5
TF:lbp_b13,1,2.4193309400288854e-07,921.0,0.08237190047320879,847.0,0.0070287316840222935,949.0,0.009078479630307114,906.0,0.0,701.5,-3.0,52.5,-466.0,859.5,7.596547303300958e-05,698.0,741.8125,12.5
TF:lbp_b11,1,1.157015617536672e-06,905.0,0.14106519294892658,727.0,0.037315561547538234,925.0,0.04287702950320017,810.0,0.0,701.5,-5.0,252.5,-457.0,850.5,5.926004443627708e-05,776.0,743.4375,12.5
TF:WPT_adaa_median,1,2.402524114586413e-05,849.0,0.029832762142976834,936.0,0.08726785573850737,860.0,0.05308117287441357,794.0,0.0,701.5,-4.0,152.5,-543.0,936.0,6.782643633568969e-05,737.0,745.75,12.5
TF:WPT_aada_median,1,0.0020791813731193542,668.0,0.04264550318793473,917.0,0.12776740044395796,808.0,0.04337571994465708,809.0,0.0,701.5,-6.0,352.5,-511.0,904.5,4.864966671812367e-05,809.0,746.1875,12.5
TF:WPT_daaa_min,1,0.020763037726283073,526.0,0.10814616557195766,805.0,0.142718674526221,779.0,0.004857870783605232,918.0,0.0,701.5,-9.0,652.5,-424.0,817.5,5.8009637221016824e-05,780.0,747.4375,12.5
TF:WPT_aadd_skew,1,0.7034163475036621,267.0,0.060110468360042975,880.0,0.20610768847249483,643.0,0.016772057238262937,887.0,0.0,701.5,-11.0,852.5,-448.0,841.5,1.4624637942025351e-05,916.0,748.5625,12.5
TF:DWT_L2_mean,1,0.014061658643186092,554.0,0.048973556248278004,901.0,0.0,979.0,0.009338118806221879,905.0,0.0,701.5,-4.0,152.5,-496.0,889.5,1.3724735460520302e-05,918.0,750.0625,12.5
TF:WPT_aaad_median,1,0.0034099286422133446,636.5,0.04990004703013709,893.5,0.07163061266754678,883.5,0.0030235737352681527,923.5,0.0,701.5,-5.0,252.5,-500.0,893.0,4.2561435157686186e-05,832.0,752.0,12.5
SPAT:st_vel_mean,1,0.00048694745055399835,746.0,0.050270932456935306,892.0,0.0,979.0,0.01814912877214391,880.0,0.0,701.5,-5.0,252.5,-485.0,878.0,7.821444925588028e-05,691.0,752.5,12.5
TF:WPT_daad_range,1,0.006759720388799906,595.5,0.12904652153470905,759.5,0.08350291927805742,868.5,0.02932479526824633,842.5,0.0,701.5,-11.0,852.5,-294.0,687.0,7.166857210605633e-05,718.0,753.125,12.5
TF:WPT_daaa_std,1,5.777691330877133e-05,824.0,0.17674170750623727,564.0,0.19975548065503146,663.0,0.025943200528869156,853.0,0.0,701.5,-10.0,752.5,-502.0,895.5,5.732351340208562e-05,784.0,754.6875,12.5
TF:WPT_daaa_energy,1,0.025868568569421768,512.0,0.12764637120686625,767.0,0.19528171302771025,677.0,-0.0175227537986923,1001.0,0.0,701.5,-10.0,752.5,-418.0,811.5,4.4837604563897355e-05,822.0,755.5625,12.5
FREQ:hist_entropy,1,0.05505197495222092,463.0,0.10700653761490042,807.0,0.06028521515272134,896.0,0.027252676773364955,849.0,0.0,701.5,-8.0,552.5,-492.0,885.5,2.2832538761000257e-05,898.0,756.5625,12.5
TF:WPT_daaa_rms,1,5.792034789919853e-05,823.0,0.17675692250276553,563.0,0.19057795770341324,688.0,0.026240979949903424,852.0,0.0,701.5,-10.0,752.5,-376.0,769.0,2.2031563113144692e-05,904.0,756.625,12.5
TF:WPT_aaaa_mean,1,0.0012773637427017093,694.0,0.03819552656864753,924.0,0.06690634153292674,890.0,0.040412262704820526,817.0,0.0,701.5,-6.0,352.5,-459.0,852.0,3.758779600972357e-05,853.0,760.5,12.5
FREQ:hist_b22,1,0.007203446701169014,590.0,0.04929299990415006,900.0,0.052325820156159164,906.0,-0.008808013121438559,992.0,0.0,701.5,-4.0,152.5,-551.0,944.5,2.2439460123974742e-05,902.0,761.0625,12.5
TF:lbp_b20,1,2.86964745299656e-08,931.0,0.06889848543979925,870.0,0.0,979.0,0.016250000303429626,892.0,0.0,701.5,-3.0,52.5,-555.0,948.0,7.140805026107295e-05,721.0,761.875,12.5
TF:WPT_aadd_mean,1,0.003673846134915948,631.0,0.05325523857179515,888.0,0.057455965098391015,898.0,0.00044944661584413875,931.0,0.0,701.5,-5.0,252.5,-479.0,872.0,7.932235222504785e-06,929.0,762.875,12.5
TF:WPT_daad_min,1,0.0019368232460692525,670.0,0.1238318731632332,776.0,0.04850668278268433,907.0,0.020625957373874897,872.0,0.0,701.5,-10.0,752.5,-380.0,773.0,8.889975169375352e-05,662.0,764.25,12.5
TF:WPT_ddad_mean,1,8.753452129894868e-05,815.0,0.03501411785232168,930.0,0.07950715667181996,874.0,-0.003914287820686608,982.0,0.0,701.5,-5.0,252.5,-368.0,761.0,4.991772043203607e-05,805.0,765.125,12.5
TF:lbp_b17,1,3.3418575640098425e-07,918.0,0.09442471008167658,833.0,0.0,979.0,0.0020333531922453515,927.0,0.0,701.5,-5.0,252.5,-554.0,947.0,0.00011374612161741104,579.0,767.125,12.5
FREQ:mag_min,1,4.3135422742990244e-27,954.0,0.005624489241558898,947.0,0.09808556551597203,845.0,0.02565605082735189,854.0,0.0,701.5,-6.0,352.5,-477.0,870.5,0.00010164087978728596,619.0,767.9375,12.5
TF:WPT_aaad_mean,1,0.003886173712089658,629.5,0.03454844684301434,931.5,0.05477433452429947,903.5,-0.0166492240825109,998.5,0.0,701.5,-6.0,352.5,-474.0,867.5,6.167319394967594e-05,766.0,768.8125,12.5
TF:lbp_b21,1,2.471562510208969e-08,932.0,0.08863039557119373,839.0,0.00454600982159592,955.0,0.01844941532160149,878.0,0.0,701.5,-4.0,152.5,-542.0,935.0,6.246663602223226e-05,760.0,769.125,12.5
TF:DWT_L6_mean,1,6.256660745052045e-10,938.0,0.03117282116384294,934.0,0.04196288595364095,915.0,0.001830527613782941,929.0,0.0,701.5,-5.0,252.5,-408.0,801.0,8.030175575102078e-05,687.0,769.75,12.5
FREQ:cepstral_1,1,0.08484373241662979,432.0,0.14146121099752487,724.0,0.08570776713947437,863.0,0.022311830095342107,864.0,0.0,701.5,-10.0,752.5,-513.0,906.5,1.3348712646235221e-05,921.0,770.5625,12.5
TF:DWT_L6_median,1,1.4242125416785711e-06,900.0,0.05702668643271023,884.0,0.13425271020988117,792.0,0.018668692697939703,877.0,0.0,701.5,-5.0,252.5,-488.0,881.0,2.7073657427655538e-05,884.0,771.5,12.5
TF:WPT_ddaa_mean,1,9.973186934075784e-06,868.0,0.067047082325478,874.0,0.07479850801816035,879.0,0.01718063137085028,886.0,0.0,701.5,-3.0,52.5,-556.0,949.0,0.0,971.0,772.625,12.5
FREQ:psd_min,1,0.0,982.5,1.5934756643734462e-23,963.0,0.0,979.0,0.021514074739345506,868.0,0.0,701.5,-5.0,252.5,-434.0,827.0,0.0001001985211232981,627.0,775.0625,12.5
TF:DWT_L5_median,1,8.387534762732685e-05,816.0,0.08032150862000655,853.0,0.0681205561588678,888.0,0.03229094726325373,833.0,0.0,701.5,-7.0,452.5,-424.0,817.5,3.943567875014666e-05,848.0,776.1875,12.5
TF:WPT_adda_mean,1,0.0021128857042640448,664.0,0.02444850309057105,942.0,0.00809921951699133,947.0,0.016699622423432665,888.0,0.0,701.5,-5.0,252.5,-533.0,926.0,2.2912469111204712e-05,896.0,777.125,12.5
TF:lbp_b6,1,1.0632669500409975e-06,908.0,0.11782185663460827,782.0,0.1553339225851822,759.0,0.03726347093892416,824.0,0.0,701.5,-6.0,352.5,-532.0,925.0,0.0,971.0,777.875,12.5
TF:WPT_daad_p2p,1,0.006759720388799906,595.5,0.12904652153470905,759.5,0.08350291927805742,868.5,0.02932479526824633,842.5,0.0,701.5,-11.0,852.5,-492.0,885.5,7.015737723352634e-05,725.0,778.8125,12.5
TF:WPT_adaa_mean,1,2.0506071450654417e-05,852.0,0.04149420850965021,920.0,0.025889030619458353,931.0,0.03727386719394863,823.0,0.0,701.5,-6.0,352.5,-401.0,794.0,3.5581517305968004e-05,867.0,780.125,12.5
TF:lbp_b5,1,4.063779712737414e-08,930.0,0.05615671984156878,885.0,0.05378628064538171,905.0,0.005731410390463154,914.0,0.0,701.5,-5.0,252.5,-550.0,943.0,5.7632264096688474e-05,781.0,789.0,12.5
TF:DWT_L3_mean,1,0.003886173712089658,629.5,0.03454844684301434,931.5,0.05477433452429947,903.5,-0.0166492240825109,998.5,0.0,701.5,-6.0,352.5,-528.0,921.0,2.602558796241354e-05,888.0,790.75,12.5
TF:WPT_daaa_rel_energy,1,3.582335816876281e-10,940.0,0.12864132683990154,763.0,0.1928416516345881,682.0,-0.017668370348969863,1002.0,0.0,701.5,-10.0,752.5,-427.0,820.0,7.206233921993178e-05,716.0,797.125,12.5
SPAT:st_mean,1,1.835387635508112e-35,960.0,2.053932238345329e-07,955.0,0.012257985243849578,942.0,0.0028905333263529683,926.0,0.0,701.5,-4.0,152.5,-553.0,946.0,5.4219758446605213e-05,797.0,797.5,12.5
TIME:mean,1,2.006372558480607e-34,959.0,4.967127910144305e-07,953.0,0.0,979.0,0.010196788679884775,903.0,0.0,701.5,-6.0,352.5,-557.0,950.0,0.00010853932910708326,594.0,799.0,12.5
TF:WPT_daad_median,1,1.3389729929258465e-06,902.0,0.03769361743621966,926.0,0.09136269549034237,854.0,0.022977115876859182,863.0,0.0,701.5,-8.0,552.5,-433.0,826.0,5.757508309797899e-05,782.0,800.875,12.5
TF:lbp_b19,1,7.283422860382416e-07,914.0,0.07525105208353468,863.0,0.0,979.0,0.004206101461318898,920.0,0.0,701.5,-6.0,352.5,-540.0,933.5,6.225593025254326e-05,762.0,803.1875,12.5
TF:WPT_daad_max,1,0.0019083133665844798,672.0,0.11812326236828431,781.0,0.04020127909762339,920.0,0.0051250700806503,916.0,0.0,701.5,-11.0,852.5,-450.0,843.5,5.3647825755562205e-05,799.0,810.6875,12.5
TF:stft_min,1,5.945278905241958e-38,962.0,2.6256641032374237e-08,956.0,0.0,979.0,-0.005350531058751454,986.0,0.0,701.5,-6.0,352.5,-395.0,788.0,5.926496684165134e-05,775.0,812.5,12.5
TF:WPT_daaa_var,1,9.600729100611716e-08,927.0,0.1276259098556691,768.0,0.20441690775797117,650.0,-0.01740036973701894,1000.0,0.0,701.5,-10.0,752.5,-465.0,858.0,4.015546402298307e-05,847.0,813.0,12.5
TF:WPT_dddd_mean,1,0.00010759200813481584,812.0,0.042146450983869106,919.0,0.04332752140930474,914.0,0.004367728134567858,919.0,0.0,701.5,-7.0,452.5,-522.0,915.0,2.9311586832560692e-05,879.0,814.0,12.5
TF:WPT_dadd_mean,1,1.3941094039182644e-06,901.0,0.04424704474467698,911.0,0.0,979.0,0.017914264911380554,882.0,0.0,701.5,-7.0,452.5,-538.0,931.0,5.5929724535246015e-05,788.0,818.25,12.5
FREQ:pow_mean,1,2.384185791015625e-07,922.0,5.258701019992853e-07,952.0,0.033242538337797445,926.0,0.0,954.5,399.0,2.0,-12.0,952.5,-586.0,979.0,0.0,971.0,832.375,12.5
SPAT:sp_max_frac,1,1.2490009027033011e-14,946.0,1.0006400331745392e-10,960.0,0.004909395957583662,954.0,0.0,954.5,396.0,5.0,-12.0,952.5,-586.0,979.0,0.0,971.0,840.25,12.5
TIME:sem,1,1.0495077029659683e-16,947.0,6.2570450504683545e-12,961.0,0.0,979.0,0.0,954.5,395.0,6.0,-12.0,952.5,-586.0,979.0,0.0,971.0,843.75,12.5
FREQ:hist_b0,1,2.117582368135751e-22,952.0,1.5672150313832918e-14,962.0,0.0,979.0,0.0,954.5,398.0,3.0,-12.0,952.5,-586.0,979.0,0.0,971.0,844.125,12.5
TF:WPT_dada_mean,1,2.3396196411340497e-05,851.0,0.02732698609569952,938.0,0.0,979.0,-0.009270704968047893,993.0,0.0,701.5,-7.0,452.5,-518.0,911.0,0.0,971.0,849.625,12.5
TF:glcm_29_entropy_d2_a1,0,0.008829079568386078,580.5,0.10020239148608656,823.5,0.1813512285628427,710.5,0.14415679605568563,536.5,0.0,701.5,-10.0,752.5,-117.0,510.5,0.00010806187069448212,595.0,651.3125,0.0
TF:DWT_L2_log_energy,0,0.03040597029030323,503.0,0.11278994965182675,797.0,0.13242780152452704,798.0,0.11056053061440597,671.0,0.0,701.5,-8.0,552.5,-332.0,725.0,0.00011701774820903273,567.0,664.375,0.0
FREQ:hist_b27,0,0.0006233053863979876,733.0,0.13749626761765013,740.0,0.25744254649719256,542.0,0.09654788949516825,720.0,0.0,701.5,-11.0,852.5,-112.0,505.0,7.753415885128169e-05,693.0,685.875,0.0
FREQ:cepstral_4,0,0.004335382021963596,622.0,0.18035278270739982,547.0,0.08770875012384005,859.0,0.07813135146094044,750.0,0.0,701.5,-9.0,652.5,-333.0,726.0,9.94039980365065e-05,630.0,686.0,0.0
TF:glcm_74_entropy_d4_a2,0,0.011411026120185852,568.0,0.14394178055686188,717.0,0.14085717156469713,782.0,0.14353745278492094,543.0,0.0,701.5,-11.0,852.5,-379.0,772.0,9.174785208501371e-05,652.0,698.5,0.0
TF:WPT_dadd_max,0,0.006801025941967964,594.0,0.15309765401342731,691.0,0.0857275050149231,862.0,0.0744062935848388,758.0,0.0,701.5,-8.0,552.5,-442.0,835.0,6.670762405842651e-05,742.0,717.0,0.0
TIME:hist_b14,0,3.4599895570863737e-06,881.0,0.17045342370412161,591.0,0.10671814425926796,835.0,0.06880057993936994,765.0,0.0,701.5,-10.0,752.5,-346.0,739.0,7.477499271963505e-05,706.0,746.375,0.0
TF:DWT_L1_median,0,0.030471278354525566,502.0,0.08508008612553884,843.0,0.09080281697618364,855.0,0.009554903094257727,904.0,0.0,701.5,-8.0,552.5,-466.0,859.5,6.297300424241722e-05,758.0,746.9375,0.0
TF:WPT_aaad_zcr,0,0.001444451161660254,686.5,0.10288081325711507,816.5,0.09517309855574574,852.0,0.06263635073539002,777.5,0.0,701.5,-9.0,652.5,-397.0,790.0,3.605586704081945e-05,866.0,767.8125,0.0
TF:DWT_L3_zcr,0,0.001444451161660254,686.5,0.10288081325711507,816.5,0.08329640678807992,870.0,0.06263635073539002,777.5,0.0,701.5,-9.0,652.5,-360.0,753.0,2.5904683969607776e-05,891.0,768.5625,0.0
FREQ:hist_b25,0,0.019927429035305977,532.0,0.09959817284473638,827.0,0.10961033770189976,832.0,0.020096668988897334,874.0,0.0,701.5,-10.0,752.5,-521.0,914.0,5.587301974263381e-05,790.0,777.875,0.0
TF:lbp_b22,0,1.7138307839559275e-07,923.0,0.1743948004526931,576.0,0.19534367228145477,676.0,0.003966353680635856,921.0,0.0,701.5,-9.0,652.5,-547.0,940.0,2.4676060319011913e-05,895.0,785.625,0.0
TF:WPT_ddaa_median,0,1.4899324924044777e-05,860.0,0.037555759962134075,927.0,0.13743117903562974,789.0,0.023124347310868557,861.0,0.0,701.5,-10.0,752.5,-528.0,921.0,0.00013076430539172746,522.0,791.75,0.0
TF:lbp_b18,0,3.390410654446896e-07,917.0,0.10717406183467997,806.0,0.0,979.0,0.0162465594373843,893.0,0.0,701.5,-8.0,552.5,-486.0,879.0,8.761350695361018e-05,668.0,799.5,0.0
TF:WPT_dada_median,0,1.780284037522506e-05,855.0,0.04052362896020394,921.0,0.16291791190724192,749.0,0.03339781029801645,831.0,0.0,701.5,-10.0,752.5,-523.0,916.0,7.57632446634058e-05,700.0,803.25,0.0
TF:lbp_b4,0,6.006612096598474e-08,929.0,0.07984466021779024,855.0,0.02264472589466493,935.0,0.021724361572016685,866.0,0.0,701.5,-8.0,552.5,-470.0,863.0,5.4730364628559245e-05,795.0,812.125,0.0
TF:WPT_daad_tk_std,0,1.0526093774387846e-06,909.0,0.1378511016595847,737.0,0.14840156293369322,769.0,0.02303273280050063,862.0,0.0,701.5,-11.0,852.5,-417.0,810.0,3.398617626816201e-05,872.0,814.125,0.0
TIME:hist_b15,0,3.732198194938974e-07,916.0,0.12420855432096294,775.0,0.010639203549964282,943.0,0.061391135554836634,782.0,0.0,701.5,-10.0,752.5,-519.0,912.5,5.5103877174000784e-05,793.0,821.9375,0.0
TF:WPT_aada_mean,0,0.001982873072847724,669.0,0.02410809174309331,943.0,0.01033629072511566,945.0,-0.006405179693457089,988.0,0.0,701.5,-10.0,752.5,-548.0,941.0,9.210059131382607e-05,650.0,823.75,0.0
TF:DWT_L4_mean,0,0.0009950937237590551,707.0,0.02505669351445598,941.0,0.03986343475121901,921.0,-0.008133730637103943,990.0,0.0,701.5,-10.0,752.5,-530.0,923.0,6.0325668787756175e-05,771.0,838.375,0.0
TF:WPT_daad_tk_max,0,0.00019318281556479633,799.0,0.10589996525394696,809.0,0.06815495617918099,887.0,0.0029184542681919136,925.0,0.0,701.5,-10.0,752.5,-535.0,928.0,1.7775006779602523e-05,911.0,839.125,0.0
FREQ:hist_b21,0,0.0005834450130350888,738.0,0.04550184386913191,906.0,0.0,979.0,-0.0016986105497115629,980.0,0.0,701.5,-9.0,652.5,-559.0,952.0,3.705784818221815e-05,856.0,845.625,0.0
FREQ:hist_b20,0,0.0002772810112219304,785.0,0.044694214635338424,908.0,0.0,979.0,0.005079274450034113,917.0,0.0,701.5,-9.0,652.5,-558.0,951.0,7.252891982061683e-06,930.0,853.0,0.0
FREQ:hist_b19,0,0.00014035575441084802,807.0,0.047205123736871635,905.0,0.0,979.0,0.00733096085409252,911.0,0.0,701.5,-9.0,652.5,-561.0,954.0,0.0,971.0,860.125,0.0
FREQ:hist_b18,0,9.677135537344839e-09,936.0,0.04406228301369705,913.0,0.06779835836888504,889.0,-0.00021352313167259803,978.0,0.0,701.5,-11.0,852.5,-586.0,979.0,0.0,971.0,902.5,0.0
TIME:rms,0,0.0,982.5,0.0,983.0,0.13407635673195717,793.0,0.0,954.5,0.0,701.5,-12.0,952.5,-586.0,979.0,0.0,971.0,914.625,0.0
SPAT:sp_width,0,0.0,982.5,0.0,983.0,0.1264553672733717,810.0,0.0,954.5,0.0,701.5,-12.0,952.5,-586.0,979.0,0.0,971.0,916.75,0.0
SPAT:sp_active10,0,0.0,982.5,0.0,983.0,0.11435526938463214,824.0,0.0,954.5,0.0,701.5,-12.0,952.5,-586.0,979.0,0.0,971.0,918.5,0.0
FREQ:hist_b8,0,0.0,982.5,0.0,983.0,0.1030449591707372,843.0,0.0,954.5,0.0,701.5,-12.0,952.5,-586.0,979.0,0.0,971.0,920.875,0.0
SPAT:sp_spread,0,1.1510792319313623e-10,942.0,1.1887721332805494e-08,957.0,0.03779387223401409,924.0,0.0,954.5,0.0,701.5,-12.0,952.5,-586.0,979.0,0.0,971.0,922.6875,0.0
SPAT:sp_coverage,0,0.0,982.5,0.0,983.0,0.08541698625609895,864.0,0.0,954.5,0.0,701.5,-12.0,952.5,-586.0,979.0,0.0,971.0,923.5,0.0
TIME:log_energy,0,1.1141310096718371e-11,944.0,2.0858639256558646e-09,958.0,0.010488845800936009,944.0,0.0,954.5,0.0,701.5,-12.0,952.5,-586.0,979.0,0.0,971.0,925.5625,0.0
SPAT:st_std,0,0.0,982.5,0.0,983.0,0.06387337204629961,894.0,0.0,954.5,0.0,701.5,-12.0,952.5,-586.0,979.0,0.0,971.0,927.25,0.0
TIME:hjorth_activity,0,0.0,982.5,0.0,983.0,0.05719067853127324,899.0,0.0,954.5,0.0,701.5,-12.0,952.5,-586.0,979.0,0.0,971.0,927.875,0.0
SPAT:sp_entropy,0,2.0463630789890885e-12,945.0,1.7890396093982966e-09,959.0,0.0,979.0,0.0,954.5,0.0,701.5,-12.0,952.5,-586.0,979.0,0.0,971.0,930.1875,0.0
FREQ:hist_b16,0,0.0,982.5,0.0,983.0,0.03984647744396863,922.0,0.0,954.5,0.0,701.5,-12.0,952.5,-586.0,979.0,0.0,971.0,930.75,0.0
SPAT:sp_flatness,0,0.0,982.5,0.0,983.0,0.03821985012625628,923.0,0.0,954.5,0.0,701.5,-12.0,952.5,-586.0,979.0,0.0,971.0,930.875,0.0
SPAT:sp_top3_frac,0,0.0,982.5,0.0,983.0,0.03240263863495585,927.0,0.0,954.5,0.0,701.5,-12.0,952.5,-586.0,979.0,0.0,971.0,931.375,0.0
SPAT:sp_active_frac,0,0.0,982.5,0.0,983.0,0.026610403194610388,930.0,0.0,954.5,0.0,701.5,-12.0,952.5,-586.0,979.0,0.0,971.0,931.75,0.0
TIME:energy,0,0.0,982.5,0.0,983.0,0.02395079971815184,933.0,0.0,954.5,0.0,701.5,-12.0,952.5,-586.0,979.0,0.0,971.0,932.125,0.0
SPAT:sp_active50,0,0.0,982.5,0.0,983.0,0.022994241671007387,934.0,0.0,954.5,0.0,701.5,-12.0,952.5,-586.0,979.0,0.0,971.0,932.25,0.0
TIME:zero_frac,0,0.0,982.5,0.0,983.0,0.01709717606983041,938.0,0.0,954.5,0.0,701.5,-12.0,952.5,-586.0,979.0,0.0,971.0,932.75,0.0
FREQ:hist_b13,0,0.0,982.5,0.0,983.0,0.012759323959286917,941.0,0.0,954.5,0.0,701.5,-12.0,952.5,-586.0,979.0,0.0,971.0,933.125,0.0
FREQ:hist_b14,0,0.0,982.5,0.0,983.0,0.005225103420306798,952.0,0.0,954.5,0.0,701.5,-12.0,952.5,-586.0,979.0,0.0,971.0,934.5,0.0
FREQ:hist_b2,0,0.0,982.5,0.0,983.0,0.0050749991226215485,953.0,0.0,954.5,0.0,701.5,-12.0,952.5,-586.0,979.0,0.0,971.0,934.625,0.0
TIME:std,0,0.0,982.5,0.0,983.0,0.0,979.0,0.0,954.5,0.0,701.5,-12.0,952.5,-586.0,979.0,0.0,971.0,937.875,0.0
TIME:var,0,0.0,982.5,0.0,983.0,0.0,979.0,0.0,954.5,0.0,701.5,-12.0,952.5,-586.0,979.0,0.0,971.0,937.875,0.0
TIME:mean_power,0,0.0,982.5,0.0,983.0,0.0,979.0,0.0,954.5,0.0,701.5,-12.0,952.5,-586.0,979.0,0.0,971.0,937.875,0.0
FREQ:hist_b1,0,0.0,982.5,0.0,983.0,0.0,979.0,0.0,954.5,0.0,701.5,-12.0,952.5,-586.0,979.0,0.0,971.0,937.875,0.0
FREQ:hist_b3,0,0.0,982.5,0.0,983.0,0.0,979.0,0.0,954.5,0.0,701.5,-12.0,952.5,-586.0,979.0,0.0,971.0,937.875,0.0
FREQ:hist_b4,0,0.0,982.5,0.0,983.0,0.0,979.0,0.0,954.5,0.0,701.5,-12.0,952.5,-586.0,979.0,0.0,971.0,937.875,0.0
FREQ:hist_b5,0,0.0,982.5,0.0,983.0,0.0,979.0,0.0,954.5,0.0,701.5,-12.0,952.5,-586.0,979.0,0.0,971.0,937.875,0.0
FREQ:hist_b6,0,0.0,982.5,0.0,983.0,0.0,979.0,0.0,954.5,0.0,701.5,-12.0,952.5,-586.0,979.0,0.0,971.0,937.875,0.0
FREQ:hist_b7,0,0.0,982.5,0.0,983.0,0.0,979.0,0.0,954.5,0.0,701.5,-12.0,952.5,-586.0,979.0,0.0,971.0,937.875,0.0
FREQ:hist_b9,0,0.0,982.5,0.0,983.0,0.0,979.0,0.0,954.5,0.0,701.5,-12.0,952.5,-586.0,979.0,0.0,971.0,937.875,0.0
FREQ:hist_b10,0,0.0,982.5,0.0,983.0,0.0,979.0,0.0,954.5,0.0,701.5,-12.0,952.5,-586.0,979.0,0.0,971.0,937.875,0.0
FREQ:hist_b11,0,0.0,982.5,0.0,983.0,0.0,979.0,0.0,954.5,0.0,701.5,-12.0,952.5,-586.0,979.0,0.0,971.0,937.875,0.0
FREQ:hist_b12,0,0.0,982.5,0.0,983.0,0.0,979.0,0.0,954.5,0.0,701.5,-12.0,952.5,-586.0,979.0,0.0,971.0,937.875,0.0
FREQ:hist_b15,0,0.0,982.5,0.0,983.0,0.0,979.0,0.0,954.5,0.0,701.5,-12.0,952.5,-586.0,979.0,0.0,971.0,937.875,0.0
FREQ:hist_b17,0,0.0,982.5,0.0,983.0,0.0,979.0,0.0,954.5,0.0,701.5,-12.0,952.5,-586.0,979.0,0.0,971.0,937.875,0.0
SPAT:sp_centroid,0,0.0,982.5,0.0,983.0,0.0,979.0,0.0,954.5,0.0,701.5,-12.0,952.5,-586.0,979.0,0.0,971.0,937.875,0.0
SPAT:sp_smoothness,0,0.0,982.5,0.0,983.0,0.0,979.0,0.0,954.5,0.0,701.5,-12.0,952.5,-586.0,979.0,0.0,971.0,937.875,0.0
SPAT:sp_n_clusters,0,0.0,982.5,0.0,983.0,0.0,979.0,0.0,954.5,0.0,701.5,-12.0,952.5,-586.0,979.0,0.0,971.0,937.875,0.0
SPAT:sp_cluster_mean,0,0.0,982.5,0.0,983.0,0.0,979.0,0.0,954.5,0.0,701.5,-12.0,952.5,-586.0,979.0,0.0,971.0,937.875,0.0
SPAT:sp_cluster_max,0,0.0,982.5,0.0,983.0,0.0,979.0,0.0,954.5,0.0,701.5,-12.0,952.5,-586.0,979.0,0.0,971.0,937.875,0.0
SPAT:sp_cluster_std,0,0.0,982.5,0.0,983.0,0.0,979.0,0.0,954.5,0.0,701.5,-12.0,952.5,-586.0,979.0,0.0,971.0,937.875,0.0
SPAT:st_energy,0,0.0,982.5,0.0,983.0,0.0,979.0,0.0,954.5,0.0,701.5,-12.0,952.5,-586.0,979.0,0.0,971.0,937.875,0.0
