feature,votes,score_variance,rank_variance,score_pearson,rank_pearson,score_mutual_info,rank_mutual_info,score_relieff,rank_relieff,score_mrmr,rank_mrmr,score_rfe,rank_rfe,score_boruta,rank_boruta,score_shap,rank_shap,avg_rank,selection_pct
TF:DWT_L4_entropy,8,0.6756967306137085,272.0,0.31592677624227333,11.0,0.806359689672125,2.0,0.21922969357062655,96.0,354.0,47.0,-3.0,52.5,-1.0,382.0,0.003857197679623949,27.0,111.1875,100.0
TF:mod4_centroid,8,2.9470481872558594,198.0,0.3187936871870717,5.0,0.46117464587156265,173.0,0.24817994294715598,45.0,382.0,19.0,-3.0,52.5,-1.0,382.0,0.0030753778282222206,32.0,113.3125,100.0
TF:Et_min,8,0.03401680663228035,490.0,0.34807190152659756,1.0,0.675936636782946,25.0,0.2970926034052922,18.0,391.0,10.0,-3.0,52.5,-1.0,382.0,0.0036304199964732184,28.0,125.8125,100.0
TF:DWT_L2_entropy,8,0.5176898241043091,304.0,0.3095434907732854,25.0,0.6723844603984874,28.0,0.21602195853389325,108.0,356.0,45.0,-3.0,52.5,-1.0,382.0,0.0011960981825500587,86.0,128.8125,100.0
TF:mod5_centroid,8,2.7117197513580322,202.0,0.3112946189641133,20.0,0.42412323481032477,226.0,0.23365075565794918,67.0,368.0,33.0,-4.0,152.5,-1.0,382.0,0.0034608222411541445,29.0,138.9375,100.0
TF:mod2_centroid,8,2.7848410606384277,200.0,0.3031603877111622,40.0,0.4532980132863691,181.0,0.2463821674459666,47.0,360.0,41.0,-4.0,152.5,-1.0,382.0,0.0014092237384223584,75.0,139.8125,100.0
TF:DWT_L1_entropy,8,0.43004265427589417,316.0,0.30290700981237784,41.0,0.5673924301407265,67.0,0.23060471914427413,73.0,308.0,93.0,-3.0,52.5,-1.0,382.0,0.0010765571891692687,95.0,139.9375,100.0
TF:WPT_aadd_entropy,8,0.7362557649612427,264.0,0.3164919439451477,9.0,0.7446036165852605,10.0,0.21165421557047837,132.0,361.0,40.0,-5.0,252.5,-1.0,382.0,0.002302360017581846,49.0,142.3125,100.0
TF:mod6_centroid,8,2.626305341720581,205.0,0.3059018439770076,31.0,0.40443738351020864,270.0,0.21592840402410782,109.0,355.0,46.0,-3.0,52.5,-1.0,382.0,0.0018580334166366525,55.0,143.8125,100.0
TF:mod8_centroid,8,2.4963769912719727,211.0,0.29950600650900155,50.0,0.3753277316389374,297.0,0.21249987607202725,127.0,343.0,58.0,-3.0,52.5,-1.0,382.0,0.0028968782951872794,37.0,151.8125,100.0
TF:mod7_centroid,8,2.5810182094573975,207.0,0.3041510899750386,39.0,0.3918215962058125,285.0,0.21591788659941666,110.0,349.0,52.0,-4.0,152.5,-1.0,382.0,0.004000769628679311,21.0,156.0625,100.0
TF:DWT_L3_entropy,8,0.6303408741950989,284.5,0.3174996360675374,6.5,0.7178654013326629,16.0,0.21188885822500117,130.5,357.0,44.0,-6.0,352.5,-1.0,382.0,0.0025249746062455222,46.0,157.75,100.0
TF:WPT_aaad_entropy,8,0.6303408741950989,284.5,0.3174996360675374,6.5,0.71791851751135,15.0,0.21188885822500117,130.5,352.0,49.0,-6.0,352.5,-1.0,382.0,0.0017522125379031224,57.0,159.625,100.0
TF:DWT_L5_entropy,8,0.6463368535041809,279.0,0.31664027232735154,8.0,0.7606961140312094,6.0,0.2212148201597737,92.0,320.0,81.0,-7.0,452.5,-1.0,382.0,0.009862892561665138,1.0,162.6875,100.0
TF:mod3_centroid,8,2.934588670730591,199.0,0.31400820537660407,16.0,0.4670858010165917,164.0,0.2440670253539134,51.0,379.0,22.0,-7.0,452.5,-1.0,382.0,0.0029156273858356617,36.0,165.3125,100.0
TF:DWT_L2_iqr,8,0.6286594867706299,286.0,0.292930649483031,60.0,0.4354797398525201,204.0,0.2764223829159445,26.0,271.0,130.0,-3.0,52.5,-1.0,382.0,0.0004211396706928962,198.0,167.3125,100.0
TIME:mean_peak_amp,8,0.06138629838824272,460.0,0.26925811913822767,117.0,0.6028705425410914,51.0,0.2379285233014351,58.0,332.0,69.0,-4.0,152.5,-1.0,382.0,0.0018437083452646093,56.0,168.1875,100.0
TIME:energy_gini,8,0.038241446018218994,485.0,0.3350997019504572,4.0,0.6707300254616415,31.0,0.26904683896848836,30.0,389.0,12.0,-6.0,352.5,-1.0,382.0,0.0016285604260016131,61.0,169.6875,100.0
TF:DWT_L3_iqr,8,0.4068859815597534,318.5,0.30429341631476725,34.5,0.49947326508456413,126.0,0.2353073915332343,62.5,330.0,71.0,-5.0,252.5,-1.0,382.0,0.0008812577029525334,115.0,170.25,100.0
TF:mod9_centroid,8,2.2874643802642822,215.0,0.29105587179371867,61.0,0.3660048143182695,314.0,0.20139052216997735,158.0,327.0,74.0,-4.0,152.5,-1.0,382.0,0.003028756541530375,33.0,173.6875,100.0
TF:DWT_L6_entropy,8,0.6443691849708557,281.0,0.3041865999115524,38.0,0.720498252346792,14.0,0.22566590188554211,80.0,270.0,131.0,-7.0,452.5,-1.0,382.0,0.004646564882428822,13.0,173.9375,100.0
TIME:n_valleys,8,13350.97265625,50.0,0.2997682316708873,48.0,0.4936778247044886,135.0,0.13753450347881116,378.0,275.0,126.0,-3.0,52.5,-1.0,382.0,0.0003568776994035902,223.0,174.3125,100.0
TF:mod3_entropy,8,0.04062912240624428,483.0,0.3109915373283823,23.0,0.41834908799916315,240.0,0.20765623345414763,141.0,363.0,38.0,-3.0,52.5,-1.0,382.0,0.0025502708484770554,42.0,175.1875,100.0
TF:WPT_aaad_iqr,8,0.4068859815597534,318.5,0.30429341631476725,34.5,0.49949233762533396,125.0,0.2353073915332343,62.5,326.0,75.0,-5.0,252.5,-1.0,382.0,0.0005325603003959804,163.0,176.625,100.0
TF:mod1_centroid,8,2.5162553787231445,210.0,0.2948299274146859,55.0,0.40616719746388963,267.0,0.20843446089978632,140.0,318.0,83.0,-4.0,152.5,-1.0,382.0,0.0006571598036276118,139.0,178.5625,100.0
TF:Et_p25,8,0.045819640159606934,473.0,0.3451954662182279,3.0,0.6785410011237714,24.0,0.2836142985259182,24.0,385.0,16.0,-6.0,352.5,-1.0,382.0,0.0005599343301282547,160.0,179.3125,100.0
TF:Et_iqr,8,0.13120219111442566,401.0,0.3110586464030431,22.0,0.5800401791416867,58.0,0.21883098708285678,99.0,278.0,123.0,-5.0,252.5,-1.0,382.0,0.0008164885289272839,119.0,182.0625,100.0
TF:DWT_L2_mad,8,0.1572413593530655,387.0,0.29347252864581136,59.0,0.4383611715297544,199.0,0.27621247835246565,27.0,277.0,124.0,-3.0,52.5,-1.0,382.0,0.00033394360977419377,236.0,183.3125,100.0
TF:mod4_entropy,8,0.039940450340509415,484.0,0.3099352899033458,24.0,0.4176088161136473,244.0,0.20133884561709267,159.0,375.0,26.0,-4.0,152.5,-1.0,382.0,0.002607675201135289,41.0,189.0625,100.0
TF:DWT_L3_mad,8,0.10194357484579086,413.5,0.3042163689684932,36.5,0.5032443297949651,116.0,0.2350717021378266,64.5,323.0,78.0,-5.0,252.5,-1.0,382.0,0.0004405477678538804,186.0,191.125,100.0
TF:flux_max,8,0.06519583612680435,457.0,0.2986501457244585,51.0,0.6057786571983788,49.0,0.18333285226114956,215.0,280.0,121.0,-4.0,152.5,-1.0,382.0,0.0009151452239692775,112.0,192.4375,100.0
TIME:p99,8,0.1956857442855835,374.0,0.2775799640879419,94.0,0.5361337960182477,80.0,0.2901856822462668,20.0,321.0,80.0,-6.0,352.5,-1.0,382.0,0.0005651770596123288,159.0,192.6875,100.0
TIME:std_peak_amp,8,0.08111244440078735,448.0,0.2685204182886372,118.0,0.5862461977520352,54.0,0.23803537475635253,57.0,336.0,65.0,-6.0,352.5,-1.0,382.0,0.0015763039479182138,66.0,192.8125,100.0
TIME:p1,8,0.15542107820510864,388.0,0.26573300243725534,132.0,0.5660579348403241,69.0,0.3086430972566438,14.0,350.0,51.0,-7.0,452.5,-1.0,382.0,0.0012583389874226698,81.0,196.1875,100.0
TF:WPT_aaad_mad,8,0.10194357484579086,413.5,0.3042163689684932,36.5,0.5032647371950514,115.0,0.2350717021378266,64.5,322.0,79.0,-5.0,252.5,-1.0,382.0,0.0003493014284041771,228.0,196.375,100.0
TF:WPT_adad_entropy,8,0.5440419912338257,299.0,0.28707837280396514,70.0,0.5325078919131214,81.0,0.20545830419697264,145.0,211.0,190.0,-5.0,252.5,-1.0,382.0,0.0005097979686498172,168.0,198.4375,100.0
TF:Et_range,8,2.7027275562286377,203.0,0.28455138694258025,78.0,0.6102713682171395,45.0,0.14954838019950972,338.0,237.0,164.0,-6.0,352.5,-1.0,382.0,0.0015387723876201908,68.0,203.8125,100.0
TIME:iqr,8,0.07057573646306992,452.0,0.26983638925763015,116.0,0.5821724227923193,56.0,0.22007945008329002,95.0,328.0,73.0,-6.0,352.5,-1.0,382.0,0.0007824174952802114,124.0,206.3125,100.0
TIME:hist_entropy,8,0.15046927332878113,391.0,0.24949701120310205,233.0,0.3983727315953609,277.0,0.22148057354611192,91.0,302.0,99.0,-3.0,52.5,-1.0,382.0,0.0005293156987013657,164.0,211.1875,100.0
SPAT:st_hist_contrast,8,0.45316654443740845,314.0,0.2565617445806135,170.0,0.373338317329194,301.0,0.1936463921206637,181.0,269.0,132.0,-3.0,52.5,-1.0,382.0,0.0003315224426684164,239.0,221.4375,100.0
TF:mod2_entropy,8,0.037781860679388046,486.0,0.29952489968043333,49.0,0.3920883264915447,282.0,0.1949187818558788,178.0,333.0,68.0,-6.0,352.5,-1.0,382.0,0.0013102141438858488,78.0,234.4375,100.0
TIME:env_skew,8,0.4046088755130768,320.0,0.24720541974734958,247.0,0.4400047617974723,197.0,0.21730137099503552,105.0,215.0,186.0,-5.0,252.5,-1.0,382.0,0.0003223608775264007,244.0,241.6875,100.0
FREQ:spec_rolloff85,8,37270.8828125,38.0,0.20282415627454833,473.0,0.4571600701787406,177.0,0.11785930071862918,447.0,95.0,306.0,-4.0,152.5,-1.0,382.0,0.0015863115559365943,64.0,254.9375,100.0
TF:stft_skew,8,71.59088134765625,103.0,0.26109063844479174,152.0,0.40301743308313,272.0,0.14157634192406887,359.0,127.0,274.0,-5.0,252.5,-1.0,382.0,0.00030963531084389153,256.0,256.3125,100.0
TIME:longest_run_above,8,940.1104125976562,63.0,0.2783928477134371,92.0,0.37137223634001737,303.0,0.12325782456140341,426.0,205.0,196.0,-5.0,252.5,-1.0,382.0,0.00015260008695481886,414.0,266.0625,100.0
TF:Et_spread,8,10.109285354614258,150.0,0.2365266315075054,327.0,0.440240752298243,195.0,0.15400586324740007,326.0,174.0,227.0,-7.0,452.5,-1.0,382.0,0.0003651154286509149,220.0,284.9375,100.0
FREQ:peak_count,8,5375.55322265625,56.0,0.22798123465547215,363.0,0.41786402528216193,241.0,0.13363455017301026,392.0,0.0,701.5,-3.0,52.5,-1.0,382.0,0.0004536945241985151,183.0,296.375,100.0
TIME:env_crest,8,4.59868049621582,180.0,0.2227488427777559,384.0,0.40558155861096745,268.0,0.14633410289567667,349.0,240.0,161.0,-5.0,252.5,-1.0,382.0,0.00016135886968085227,400.0,297.0625,100.0
TF:WPT_ddaa_entropy,8,0.6815597414970398,270.0,0.23865391490069046,312.0,0.4186844279571247,239.0,0.20017957030982325,165.0,20.0,381.0,-7.0,452.5,-1.0,382.0,0.00029884446330853226,263.0,308.0625,100.0
TIME:energy_spread,8,0.2707209885120392,359.0,0.24201737068675747,291.0,0.4148651749788548,248.0,0.15709944458547787,313.0,182.0,219.0,-7.0,452.5,-1.0,382.0,0.00027595447748007335,277.0,317.6875,100.0
TF:DWT_L3_min,8,5.220489501953125,176.5,0.22421045158063568,377.5,0.3504932863691965,370.0,0.15268918751801103,333.5,128.0,273.0,-5.0,252.5,-1.0,382.0,0.00012354778657768553,463.0,328.5,100.0
TF:WPT_aaad_min,8,5.220489501953125,176.5,0.22421045158063568,377.5,0.3504590069231521,371.0,0.15268918751801103,333.5,125.0,276.0,-5.0,252.5,-1.0,382.0,0.00010869648533369965,500.0,333.625,100.0
TF:mod1_entropy,8,0.032326601445674896,498.0,0.27027973694429996,115.0,0.33287396840810324,445.0,0.16091575540987763,298.0,281.0,120.0,-7.0,452.5,-1.0,382.0,0.00012787837688703192,455.0,345.6875,100.0
SPAT:st_grad_c_energy,7,435619328.0,10.0,0.2864099536594796,72.0,0.5368979336162449,78.0,0.35461106865190306,4.0,395.0,6.0,-3.0,52.5,-1.0,382.0,0.005137382925207132,10.0,76.8125,87.5
SPAT:st_skew,7,0.04502088576555252,474.0,0.3123962964059026,19.0,0.6970550882453952,21.0,0.38894202996459315,1.0,386.0,15.0,-1.0,1.0,-1.0,382.0,0.003996074623565498,22.0,116.875,87.5
SPAT:st_burstiness,7,0.05720905959606171,466.0,0.2647133765703789,139.0,0.7765840048520383,3.0,0.2550766057847635,41.0,365.0,36.0,-3.0,52.5,-1.0,382.0,0.006553676515671622,5.0,140.5625,87.5
SPAT:st_entropy,7,0.03365242853760719,492.0,0.2575851258329096,166.0,0.7629474375161922,5.0,0.232476969800037,69.0,393.0,8.0,-3.0,52.5,-1.0,382.0,0.005356314319968911,8.0,147.8125,87.5
SPAT:sp_skew,7,0.3160996735095978,338.0,0.24352603156190297,280.0,0.4671318228502743,163.0,0.2888736000371962,21.0,347.0,54.0,-2.0,2.0,-1.0,382.0,0.004017279712821603,20.0,157.5,87.5
TF:tf_ridge_density,7,0.03760900720953941,487.0,0.28711425886722264,69.0,0.5538832016580502,73.0,0.20468933359315547,146.0,362.0,39.0,-3.0,52.5,-1.0,382.0,0.002685949358586851,40.0,161.0625,87.5
TIME:env_std,7,0.018331468105316162,539.0,0.2882816800487436,65.0,0.6284174992183864,39.0,0.24389483572191215,53.0,358.0,43.0,-3.0,52.5,-1.0,382.0,0.0008061457389266987,120.0,161.6875,87.5
SPAT:sp_kurt,7,2.0148839950561523,226.0,0.23785711583260558,317.0,0.4699799236379665,158.0,0.20423892046277406,148.0,329.0,72.0,-3.0,52.5,-1.0,382.0,0.004301586427168039,18.0,171.6875,87.5
TIME:median,7,0.004815499298274517,621.0,0.2756122425819669,101.0,0.5181696628944654,96.0,0.31743880068613795,11.0,392.0,9.0,-4.0,152.5,-1.0,382.0,0.0015239384995088337,69.0,180.1875,87.5
TIME:burst_count,7,8314.9638671875,53.0,0.2938139358527031,57.0,0.6337264899837387,37.0,0.21047943755169593,135.5,346.0,55.0,-9.0,652.5,-1.0,382.0,0.001399768005650321,76.0,181.0,87.5
TIME:burst_rate,7,12390.0244140625,51.0,0.293817160065865,56.0,0.6320053182032788,38.0,0.21047943755169593,135.5,345.0,56.0,-9.0,652.5,-1.0,382.0,0.0011563910899224947,88.0,182.375,87.5
TIME:env_entropy,7,0.031676627695560455,502.0,0.2754100549763164,102.0,0.6528438964056504,33.0,0.18055236047104678,228.0,312.0,89.0,-3.0,52.5,-1.0,382.0,0.001254860790931879,82.0,183.8125,87.5
TIME:activity_factor,7,0.0012278900248929858,700.0,0.2899269561673581,62.0,0.613849141196428,44.0,0.21781508170002853,103.0,340.0,61.0,-3.0,52.5,-1.0,382.0,0.0014350879253234548,73.0,184.6875,87.5
TF:WPT_aada_entropy,7,0.6688731908798218,274.0,0.31463753072154793,15.0,0.7094151100650419,18.0,0.21572179694142418,111.0,334.0,67.0,-8.0,552.5,-1.0,382.0,0.0015037869241002826,70.0,186.1875,87.5
TF:WPT_ddad_entropy,7,0.6954845786094666,266.0,0.2559347576333308,172.0,0.5160597186645082,98.0,0.21297775755643597,125.0,107.0,294.0,-3.0,52.5,-1.0,382.0,0.000880798366914037,116.0,188.1875,87.5
TF:WPT_dadd_entropy,7,0.5635902285575867,296.0,0.31122919089202855,21.0,0.6280096950353444,41.0,0.20672019580626597,144.0,290.0,111.0,-6.0,352.5,-1.0,382.0,0.0004907921941849986,173.0,190.0625,87.5
SPAT:st_kurt,7,2.2674527168273926,216.0,0.23498967956217753,333.0,0.7027206872839868,19.0,0.12172483802262225,436.0,305.0,96.0,-3.0,52.5,-1.0,382.0,0.005283578390298986,9.0,192.9375,87.5
TF:WPT_dddd_entropy,7,0.682960569858551,269.0,0.2726680200406503,106.0,0.5610754589640798,71.0,0.21242521957730578,128.0,171.0,230.0,-5.0,252.5,-1.0,382.0,0.0009523947909515381,107.0,193.1875,87.5
TIME:env_mean,7,0.011376121081411839,573.0,0.27599424584081994,100.0,0.628372013984281,40.0,0.20873331837632253,139.0,348.0,53.0,-4.0,152.5,-1.0,382.0,0.0007947715068509934,122.0,195.1875,87.5
TIME:p5,7,0.024473628029227257,520.0,0.24964405539325207,229.0,0.4730827565301987,151.0,0.287437833415552,22.0,369.0,32.0,-4.0,152.5,-1.0,382.0,0.0010435687797237395,98.0,198.3125,87.5
TIME:mad,7,0.017410436645150185,543.0,0.2596762429404974,157.0,0.5793062089005021,60.0,0.2254847055816667,81.0,315.0,86.0,-4.0,152.5,-1.0,382.0,0.0006946578140044534,131.0,199.0625,87.5
TF:Et_std,7,0.13240456581115723,400.0,0.3159177032690358,12.0,0.7098998401576673,17.0,0.21830103585108923,102.0,367.0,34.0,-8.0,552.5,-1.0,382.0,0.0009116530097682171,113.0,201.5625,87.5
TF:WPT_ddda_entropy,7,0.6796009540557861,271.0,0.2979432603568298,52.0,0.609888452758792,46.0,0.2149343143933558,115.0,266.0,135.0,-8.0,552.5,-1.0,382.0,0.0016370302312263068,60.0,201.6875,87.5
TIME:p10,7,0.016722047701478004,551.0,0.26761966613547333,123.0,0.48610712623166785,139.0,0.22423445099784486,86.0,247.0,154.0,-3.0,52.5,-1.0,382.0,0.0007626755096518806,127.0,201.8125,87.5
TF:WPT_daad_entropy,7,0.48733365535736084,307.0,0.2961514472249633,54.0,0.5038771948231116,113.0,0.18731672336707725,203.0,256.0,145.0,-3.0,52.5,-1.0,382.0,0.00018298682081890427,370.0,203.3125,87.5
TF:das_tonal_ratio,7,5.1461710929870605,178.0,0.25026268546417463,220.0,0.40524096476471927,269.0,0.28485112969047877,23.0,286.0,115.0,-5.0,252.5,-1.0,382.0,0.00043219331356949035,194.0,204.1875,87.5
TIME:p25,7,0.01883106864988804,538.0,0.2795413731640118,91.0,0.5321288617112319,82.0,0.2169039909623371,107.0,344.0,57.0,-5.0,252.5,-1.0,382.0,0.0006666729470170917,138.0,205.9375,87.5
SPAT:st_grad_t_energy,7,31152380.0,11.0,0.2222141815130112,385.0,0.32005229749977726,486.0,0.27457684272678656,28.0,180.0,221.0,-3.0,52.5,-1.0,382.0,0.0012257310463191441,84.0,206.1875,87.5
SPAT:st_t_skew,7,5.975029468536377,171.0,0.24664892656664414,253.0,0.44890078887145046,186.0,0.15691977337282065,314.0,196.0,205.0,-3.0,52.5,-1.0,382.0,0.0009735297864136992,104.0,208.4375,87.5
TF:glcm_73_correlation_d4_a2,7,3.0523879104293883e-06,887.0,0.28850239930314164,64.0,0.5219850329150582,93.0,0.31640591560512626,12.0,254.0,147.0,-3.0,52.5,-1.0,382.0,0.003215737808870775,31.0,208.5625,87.5
TF:Et_entropy,7,0.20630089938640594,370.0,0.3004320934372013,47.0,0.7424949893470163,11.0,0.1996059725455111,167.0,376.0,25.0,-9.0,652.5,-1.0,382.0,0.004399299211215874,15.0,208.6875,87.5
TIME:skew,7,0.2936095595359802,354.0,0.26268928962940347,150.0,0.4998935376045681,124.0,0.26640547823308025,32.0,291.0,110.0,-8.0,552.5,-1.0,382.0,0.0015765784504740297,65.0,221.1875,87.5
TIME:above_3std_frac,7,4.7295729018514976e-05,831.0,0.25653085036635226,171.0,0.5054493160051323,109.0,0.25652554845580333,37.0,294.0,107.0,-3.0,52.5,-1.0,382.0,0.0009166142090895012,111.0,225.0625,87.5
TIME:burst_std_dur,7,161.674560546875,85.0,0.2441324656087462,271.0,0.6090755196275759,47.0,0.062347135463537325,650.0,142.0,259.0,-3.0,52.5,-1.0,382.0,0.0012961905975861102,80.0,228.3125,87.5
TF:stft_p90,7,8.629305739304982e-06,871.0,0.28781612382788196,68.0,0.5258760944008918,90.0,0.2074693985242574,142.0,292.0,109.0,-3.0,52.5,-1.0,382.0,0.000502291959105929,170.0,235.5625,87.5
TF:glcm_68_correlation_d4_a1,7,3.77031319658272e-05,841.0,0.25954812200221655,158.0,0.5181288516111944,97.0,0.20048097433356143,164.0,253.0,148.0,-3.0,52.5,-1.0,382.0,0.0019723974513601796,52.0,236.8125,87.5
TIME:above_1std_frac,7,0.0023190989159047604,668.0,0.24085008262251514,300.0,0.4979440814278475,131.0,0.2463340124858117,48.0,317.0,84.0,-3.0,52.5,-1.0,382.0,0.0003008421453192712,262.0,240.9375,87.5
SPAT:st_hist_entropy,7,0.07101006805896759,451.0,0.26050258236906587,153.0,0.38760581732544575,288.0,0.20118948952414156,161.0,309.0,92.0,-5.0,252.5,-1.0,382.0,0.0005756445773209481,157.0,242.0625,87.5
TF:WPT_aadd_iqr,7,0.3624778687953949,324.0,0.31341869899502944,18.0,0.5031656948714467,117.0,0.1839932462024806,210.0,306.0,95.0,-8.0,552.5,-1.0,382.0,0.0003284933838451721,241.0,242.4375,87.5
TF:stft_entropy,7,1.3408435583114624,237.0,0.28431027719061813,79.0,0.5306121275730784,85.0,0.16310538301457744,295.0,242.0,159.0,-8.0,552.5,-1.0,382.0,0.0006019403207524993,151.0,242.5625,87.5
TF:mod6_entropy,7,0.030755843967199326,504.0,0.2831465328422632,84.0,0.32727888258627313,472.0,0.15546582836932563,322.0,325.0,76.0,-3.0,52.5,-1.0,382.0,0.0017296638558391565,58.0,243.8125,87.5
TIME:mean_abs,7,0.0046534109860658646,624.0,0.26013132476789014,154.0,0.5788753151721333,62.0,0.20680185639868232,143.0,353.0,48.0,-7.0,452.5,-1.0,382.0,0.0011249547346881663,92.0,244.6875,87.5
TIME:p90,7,0.027860628440976143,513.0,0.2474228538336586,246.0,0.4274836716426327,216.0,0.14547570085717978,351.0,370.0,31.0,-4.0,152.5,-1.0,382.0,0.0014158542783513418,74.0,245.6875,87.5
TF:das_transient_index,7,0.875809371471405,254.0,0.25074459772269675,218.0,0.7218822952446216,13.0,0.12368282665994097,424.0,224.0,177.0,-7.0,452.5,-1.0,382.0,0.002343997055461309,48.0,246.0625,87.5
SPAT:st_hist_uniformity,7,0.0023382275830954313,665.5,0.255660278175096,175.0,0.4415254616366906,194.0,0.18938769109429388,198.0,342.0,59.0,-5.0,252.5,-1.0,382.0,0.0011161507397253738,94.0,252.5,87.5
TF:WPT_aadd_mad,7,0.090959332883358,432.0,0.3135265038187519,17.0,0.5106227532834073,102.0,0.18373023952430673,211.0,303.0,98.0,-8.0,552.5,-1.0,382.0,0.00034235717950530494,234.0,253.5625,87.5
TIME:energy_entropy,7,0.160387322306633,385.0,0.28397835488740736,82.0,0.671606877445952,29.0,0.1763861257507106,241.0,372.0,29.0,-11.0,852.5,-1.0,382.0,0.002546484430141854,43.0,255.4375,87.5
FREQ:spec_rolloff,7,16443.658203125,46.0,0.1929361556543732,542.0,0.44337371357222244,190.0,0.14533640110978957,352.0,56.0,345.0,-4.0,152.5,-1.0,382.0,0.0018945620814110379,54.0,257.9375,87.5
TIME:clearance_factor,7,10.538270950317383,148.5,0.2510778380913736,215.0,0.42406931566678896,228.0,0.16409535775324222,288.5,272.0,129.0,-8.0,552.5,-1.0,382.0,0.0007644469491008387,126.0,258.6875,87.5
TIME:impulse_factor,7,10.538270950317383,148.5,0.25107783808365575,216.0,0.42407001162596236,227.0,0.16409535775324222,288.5,274.0,127.0,-8.0,552.5,-1.0,382.0,0.00048779016682604825,174.0,264.4375,87.5
TF:novelty,7,0.011059144511818886,574.0,0.2710528216348401,113.0,0.45112283277247744,185.0,0.1649368125754786,286.0,183.0,218.0,-3.0,52.5,-1.0,382.0,0.00024433030834626086,305.0,264.4375,87.5
TIME:ssc_rate,7,0.0009452804806642234,717.0,0.22668168674281455,368.0,0.47387921220641216,149.0,0.23807489711075816,56.0,144.0,257.0,-3.0,52.5,-1.0,382.0,0.0006132620816792144,148.0,266.1875,87.5
TIME:margin_factor,7,23.778900146484375,125.0,0.2376191734600691,318.0,0.4547556797815897,180.0,0.14296696222806582,357.0,288.0,113.0,-8.0,552.5,-1.0,382.0,0.000684810254013199,134.0,270.1875,87.5
TF:mod7_entropy,7,0.029025854542851448,509.0,0.27726521858078984,95.0,0.3170765648155096,496.0,0.14920032020362906,339.0,319.0,82.0,-4.0,152.5,-1.0,382.0,0.0009554553341789704,106.0,270.1875,87.5
TF:WPT_aada_iqr,7,0.3546675741672516,327.0,0.3008136092294657,45.0,0.5096277393678412,107.0,0.12204742805722758,435.0,261.0,140.0,-8.0,552.5,-1.0,382.0,0.00047141924858089035,178.0,270.8125,87.5
TF:Ef_kurt,7,1228.4954833984375,62.0,0.19756364716585526,510.0,0.35816259290346464,334.0,0.18740831201505137,202.0,70.0,331.0,-4.0,152.5,-1.0,382.0,0.0004265816515792924,196.0,271.1875,87.5
TF:DWT_L6_zcr,7,0.000684099446516484,734.0,0.21438327740231186,404.0,0.41285214933571845,251.0,0.2356810888766996,61.0,273.0,128.0,-3.0,52.5,-1.0,382.0,0.0005236590563047983,165.0,272.1875,87.5
TIME:n_peaks,7,14046.982421875,49.0,0.3024016588066272,43.0,0.5738149862953188,63.0,0.16060540880503185,301.5,313.0,88.0,-11.0,852.5,-1.0,382.0,0.00016276372624793463,399.0,272.25,87.5
TIME:peak_rate,7,20931.384765625,44.0,0.3024028891430061,42.0,0.565990417523011,70.0,0.16060540880503185,301.5,314.0,87.0,-11.0,852.5,-1.0,382.0,0.00015728456358672852,408.0,273.375,87.5
TF:glcm_30_contrast_d2_a2,7,0.146391823887825,395.0,0.23877589462329488,311.0,0.4272640269562058,217.0,0.17009248648340272,268.0,192.0,209.0,-5.0,252.5,-1.0,382.0,0.0005410405318173716,162.0,274.5625,87.5
TF:DWT_L3_kurt,7,68.02071380615234,104.5,0.2502460371980689,221.5,0.6452721377762889,35.5,0.07820404571088788,599.5,75.0,326.0,-7.0,452.5,-1.0,382.0,0.00137909025005171,77.0,274.8125,87.5
TF:DWT_L2_kurt,7,36.72956466674805,115.0,0.24040482729198695,305.0,0.5818387992485645,57.0,0.08961584140917658,554.0,89.0,312.0,-5.0,252.5,-1.0,382.0,0.0003290786285049809,240.0,277.1875,87.5
TF:DWT_L4_mad,7,0.0857151597738266,444.0,0.3151799088835478,13.0,0.5283339730065606,87.0,0.15818328991958933,309.0,295.0,106.0,-10.0,752.5,-1.0,382.0,0.0007689178386430349,125.0,277.3125,87.5
TF:WPT_adda_iqr,7,0.35469433665275574,325.0,0.28640056047260926,73.0,0.49566091006716695,134.0,0.1154456934109537,454.0,218.0,183.0,-7.0,452.5,-1.0,382.0,0.00037516059165273194,216.0,277.4375,87.5
TF:DWT_L4_iqr,7,0.3425435423851013,330.0,0.31517789893412057,14.0,0.5321278470385895,83.0,0.1581450270075006,310.0,298.0,103.0,-10.0,752.5,-1.0,382.0,0.00032001765302337135,248.0,277.8125,87.5
TIME:kurt,7,13.933813095092773,140.0,0.19938622417986848,498.0,0.49231775682995815,136.0,0.07913912736691447,595.0,143.0,258.0,-4.0,152.5,-1.0,382.0,0.0011437468116747113,89.0,281.3125,87.5
TF:mod5_entropy,7,0.0332939475774765,496.0,0.29362972109747937,58.0,0.3542709407602862,348.0,0.17053907034307905,265.0,338.0,63.0,-8.0,552.5,-1.0,382.0,0.0010454251911181645,97.0,282.6875,87.5
TIME:crest_factor,7,2.9562814235687256,196.5,0.26493360889610257,137.5,0.36674055347818335,310.0,0.18547056087326044,208.5,260.0,141.0,-9.0,652.5,-1.0,382.0,0.00033166776080478246,238.0,283.25,87.5
TF:glcm_78_correlation_d4_a3,7,3.584966907510534e-05,842.0,0.25181001027951905,210.0,0.4988791035210185,128.0,0.18962698258506452,196.0,232.0,169.0,-5.0,252.5,-1.0,382.0,0.0011259837504273965,91.0,283.8125,87.5
TF:WPT_aaad_kurt,7,68.02071380615234,104.5,0.2502460371980689,221.5,0.6452721377762889,35.5,0.07820404571088788,599.5,74.0,327.0,-7.0,452.5,-1.0,382.0,0.0006051525196103098,149.0,283.9375,87.5
TF:WPT_aaad_range,7,18.30255699157715,130.5,0.23384671043639452,344.5,0.43150832117925164,211.0,0.19302531194622644,184.5,208.0,193.0,-9.0,652.5,-1.0,382.0,0.00047043065267969944,179.0,284.625,87.5
TF:flux_mean,7,0.0020704453345388174,670.0,0.2236665314943136,381.0,0.42297713216177213,232.0,0.24401727974280518,52.0,212.0,189.0,-5.0,252.5,-1.0,382.0,0.0006457356403243837,142.0,287.5625,87.5
TF:WPT_aaad_p2p,7,18.30255699157715,130.5,0.23384671043639452,344.5,0.4315662953363617,208.0,0.19302531194622644,184.5,206.0,195.0,-9.0,652.5,-1.0,382.0,0.0003762458181281488,214.0,288.875,87.5
TIME:rms_to_mad,7,0.5917301774024963,289.0,0.23939674242592276,309.0,0.5794415327732452,59.0,0.11435810254003864,461.0,199.0,202.0,-7.0,452.5,-1.0,382.0,0.0005750055343366438,158.0,289.0625,87.5
TF:WPT_aaad_abs_mean,7,0.08750323206186295,441.0,0.2547304907914358,177.0,0.41112461206417805,256.0,0.23412246838267473,66.0,194.0,207.0,-9.0,652.5,-1.0,382.0,0.0006905246696927437,132.0,289.1875,87.5
TIME:max_peak_amp,7,3.108283042907715,192.5,0.26789755411576716,121.5,0.3976872455867917,280.0,0.19623904616993085,173.5,279.0,122.0,-11.0,852.5,-1.0,382.0,0.0004185949414111263,203.0,290.875,87.5
TIME:hist_b10,7,0.0018395952647551894,681.0,0.24298390219636737,284.0,0.4032714894955447,271.0,0.22306406594478612,88.0,250.0,151.0,-5.0,252.5,-1.0,382.0,0.0003487442943346153,229.0,292.3125,87.5
TIME:max_abs,7,2.9562814235687256,196.5,0.26493360889610257,137.5,0.3667777525632143,309.0,0.18547056087326044,208.5,264.0,137.0,-11.0,852.5,-1.0,382.0,0.0007919635093534788,123.0,293.25,87.5
TF:DWT_L3_range,7,18.30255699157715,130.5,0.23384671043639452,344.5,0.43152665879939933,210.0,0.19302531194622644,184.5,217.0,184.0,-9.0,652.5,-1.0,382.0,0.0003041937514233859,261.0,293.625,87.5
TIME:burst_mean_dur,7,34.81087112426758,116.0,0.22932752283407476,358.0,0.6737839631747669,27.0,0.05284741670042282,709.0,111.0,290.0,-5.0,252.5,-1.0,382.0,0.00037238194367201344,218.0,294.0625,87.5
TIME:max,7,3.108283042907715,192.5,0.26789755411576716,121.5,0.39769253444332353,279.0,0.19623904616993085,173.5,285.0,116.0,-11.0,852.5,-1.0,382.0,0.00031858401198284615,250.0,295.875,87.5
TF:glcm_10_contrast_d1_a2,7,0.06564652919769287,456.0,0.250130873558772,225.0,0.42390873055090683,229.0,0.15368742639298907,327.0,149.0,252.0,-5.0,252.5,-1.0,382.0,0.00031906466491349723,249.0,296.5625,87.5
TF:WPT_aaaa_iqr,7,0.8803460001945496,253.0,0.19392234219953808,534.0,0.32396655815604714,478.0,0.25829994791308325,36.0,148.0,253.0,-3.0,52.5,-1.0,382.0,0.00016683801540829743,389.0,297.1875,87.5
TF:WPT_adda_mad,7,0.08894719183444977,437.0,0.2862236900530135,74.0,0.5049202398254993,110.0,0.11499048811748637,459.0,216.0,185.0,-7.0,452.5,-1.0,382.0,0.0002680112123272913,282.0,297.6875,87.5
TIME:katz_fd,7,0.332905113697052,333.0,0.2670628406500602,126.0,0.464828415305103,169.0,0.1785665433541278,235.0,221.0,180.0,-5.0,252.5,-1.0,382.0,5.054319131706161e-05,705.0,297.8125,87.5
TF:WPT_aaaa_entropy,7,0.26113012433052063,360.0,0.2417532712535392,294.0,0.4401055223295329,196.0,0.20183794844055125,157.0,252.0,149.0,-8.0,552.5,-1.0,382.0,0.00022340171162361284,322.0,301.5625,87.5
TF:coherence_std,7,0.0001919916830956936,801.0,0.25929894102003653,159.0,0.46593023988696025,168.0,0.16450450371633868,287.0,335.0,66.0,-6.0,352.5,-1.0,382.0,0.00041599571243835885,206.0,302.6875,87.5
TF:DWT_L3_p2p,7,18.30255699157715,130.5,0.23384671043639452,344.5,0.4315282791260966,209.0,0.19302531194622644,184.5,213.0,188.0,-9.0,652.5,-1.0,382.0,0.0002109137785252617,336.0,303.375,87.5
TF:WPT_ddaa_energy,7,22.506996154785156,126.0,0.24554894753736653,264.0,0.35104273121831975,356.0,0.0767003714161527,608.0,65.0,336.0,-4.0,152.5,-1.0,382.0,0.0002757527409635406,278.0,312.8125,87.5
TF:glcm_50_contrast_d3_a2,7,0.14257650077342987,398.0,0.24874137254519893,237.0,0.39275209962398705,281.0,0.16014214633599758,303.0,195.0,206.0,-7.0,452.5,-1.0,382.0,0.0002883209164245799,269.0,316.0625,87.5
TF:WPT_aada_mad,7,0.08899138867855072,436.0,0.3007926997948737,46.0,0.5195193020038746,95.0,0.12118218845034275,439.0,263.0,138.0,-8.0,552.5,-1.0,382.0,0.00013137767724990073,450.0,317.3125,87.5
TF:WPT_aaad_tk_std,7,9.614086151123047,153.5,0.2129529849569903,419.5,0.40652695866494515,265.0,0.1810250359927902,224.5,113.0,288.0,-9.0,652.5,-1.0,382.0,0.0005773428448993509,156.0,317.625,87.5
TF:lbp_b3,7,1.9678149328683503e-05,855.0,0.2232293626673871,383.0,0.36692303183608166,308.0,0.2330565478976861,68.0,293.0,108.0,-4.0,152.5,-1.0,382.0,0.00026366030767932725,287.0,317.9375,87.5
TF:DWT_L2_p2p,7,29.30223846435547,121.5,0.2718239120513135,109.5,0.40688935530165127,263.0,0.13649146566646014,384.5,177.0,224.0,-9.0,652.5,-1.0,382.0,0.00013909521010291922,438.0,321.875,87.5
TIME:std_peak_interval,7,4593.1650390625,57.0,0.24047479651400097,304.0,0.4990770655831276,127.0,0.06137731194092742,657.0,69.0,332.0,-7.0,452.5,-1.0,382.0,0.00027288687698847226,279.0,323.8125,87.5
TF:WPT_ddda_iqr,7,0.008125334978103638,592.0,0.27439620777278423,104.0,0.49824201189271866,130.0,0.11722603125028619,448.0,184.0,217.0,-7.0,452.5,-1.0,382.0,0.00024217974095392964,306.0,328.9375,87.5
TF:glcm_40_contrast_d3_a0,7,1.2551270723342896,238.0,0.20297248534606108,472.0,0.3267637819394644,473.0,0.17487581345084327,250.0,33.0,368.0,-6.0,352.5,-1.0,382.0,0.0010406104237274962,99.0,329.3125,87.5
TF:stft_p75,7,1.0564101557974936e-06,910.0,0.2978658227487759,53.0,0.5302219845355425,86.0,0.13095130143320496,397.0,246.0,155.0,-7.0,452.5,-1.0,382.0,0.00037829402685767027,213.0,331.0625,87.5
TF:WPT_aaaa_mad,7,0.2164762020111084,368.0,0.19562078785873802,519.0,0.32598867646921414,475.0,0.2562938849461379,38.0,156.0,245.0,-5.0,252.5,-1.0,382.0,0.00017800892512379314,376.0,331.9375,87.5
TIME:hist_b11,7,0.0006935755955055356,730.0,0.2318916830831609,352.0,0.3501735563127335,374.0,0.18166378935939248,221.0,209.0,192.0,-4.0,152.5,-1.0,382.0,0.00031222525074007726,255.0,332.3125,87.5
TF:WPT_ddda_mad,7,0.0020346702076494694,671.0,0.2745659156074765,103.0,0.49833762028192163,129.0,0.11722076038927787,449.0,187.0,214.0,-7.0,452.5,-1.0,382.0,0.0002881143221769818,270.0,333.8125,87.5
TIME:tkeo_std,7,0.05996064096689224,461.0,0.21825807441471134,395.0,0.31238798564843506,506.0,0.1591711276976151,305.0,198.0,203.0,-4.0,152.5,-1.0,382.0,0.00024011622350476755,307.0,338.9375,87.5
TF:stft_max,7,0.3111860752105713,341.5,0.2438237703641941,277.5,0.4251120923967471,223.0,0.10502408965299607,504.5,84.0,317.0,-7.0,452.5,-1.0,382.0,0.00032046335843228456,246.0,343.0,87.5
TF:WPT_aadd_abs_mean,7,0.08873574435710907,438.0,0.26661188836953587,127.0,0.42563338585805655,220.0,0.15280204246874982,332.0,207.0,194.0,-9.0,652.5,-1.0,382.0,0.0001538353587062016,413.0,344.8125,87.5
TF:stft_p25,7,2.614823516356337e-23,957.0,0.20487705443383306,456.0,0.44837132206251207,188.0,0.14128280667131643,362.0,234.0,167.0,-4.0,152.5,-1.0,382.0,0.001061819715075599,96.0,345.0625,87.5
TF:WPT_aadd_tk_std,7,3.7138278484344482,188.0,0.2033130151083686,468.0,0.2766937847417501,585.0,0.18250860340496153,217.0,59.0,342.0,-4.0,152.5,-1.0,382.0,0.0001413514269949664,434.0,346.0625,87.5
TIME:hist_contrast,7,2.142646551132202,224.0,0.22704981765148105,366.0,0.3201357879570397,485.0,0.1916682734204893,188.0,186.0,215.0,-8.0,552.5,-1.0,382.0,0.00018539083365201633,367.0,347.4375,87.5
TF:DWT_L3_tk_max,7,2205.5966796875,59.5,0.2000418798933901,491.5,0.3846303635104995,290.0,0.10373699980415922,512.5,50.0,351.0,-6.0,352.5,-1.0,382.0,0.00019861412387447793,352.0,348.875,87.5
TF:DWT_L3_tk_std,7,9.614086151123047,153.5,0.2129529849569903,419.5,0.40647344629685467,266.0,0.1810250359927902,224.5,116.0,285.0,-9.0,652.5,-1.0,382.0,0.00015219655985878957,416.0,349.875,87.5
TF:WPT_aaad_tk_max,7,2205.5966796875,59.5,0.2000418798933901,491.5,0.3846315061587009,289.0,0.10373699980415922,512.5,47.0,354.0,-6.0,352.5,-1.0,382.0,0.00019317309479003128,358.0,349.875,87.5
TF:glcm_70_contrast_d4_a2,7,0.13501790165901184,399.0,0.2589050673753841,160.0,0.3621169245496838,323.0,0.14627987337552056,350.0,175.0,226.0,-7.0,452.5,-1.0,382.0,0.00010226179563994777,509.0,350.1875,87.5
TF:DWT_L5_iqr,7,0.1667274385690689,381.0,0.2810567905309224,86.0,0.5230154725092722,91.0,0.11470353086991085,460.0,251.0,150.0,-12.0,952.5,-1.0,382.0,0.00022669728815799425,319.0,352.6875,87.5
TF:stft_range,7,0.3111860752105713,341.5,0.2438237703641941,277.5,0.4250956382626456,224.0,0.10502408965299607,504.5,82.0,319.0,-7.0,452.5,-1.0,382.0,0.00021583441886227682,330.0,353.875,87.5
TF:lbp_b7,7,2.5142873710137792e-05,851.0,0.2131196333514099,418.0,0.34445202086921967,400.0,0.21122274569759078,133.0,73.0,328.0,-4.0,152.5,-1.0,382.0,0.00044007817054235546,187.0,356.4375,87.5
TF:DWT_L5_mad,7,0.04172177612781525,481.0,0.2810892175255451,85.0,0.5267975894924715,88.0,0.11428016910227388,463.0,249.0,152.0,-12.0,952.5,-1.0,382.0,0.0003089063579614946,257.0,357.5625,87.5
TF:glcm_35_contrast_d2_a3,7,0.09537187218666077,427.5,0.20740408521892695,438.5,0.3200110900980797,487.0,0.15489401829089472,324.5,27.0,374.0,-5.0,252.5,-1.0,382.0,0.00043236289933141424,193.0,359.875,87.5
TIME:burst_occupancy,7,0.00028164114337414503,786.0,0.20221760912205736,481.0,0.31663352724803406,499.0,0.2037871045117077,152.0,190.0,211.0,-4.0,152.5,-1.0,382.0,0.0003436339913520521,232.0,361.9375,87.5
TF:DWT_L1_iqr,7,2.239691972732544,219.0,0.18259962561324125,592.0,0.32815877429155593,464.0,0.22453751622901968,84.0,0.0,701.5,-5.0,252.5,-1.0,382.0,0.0003915396249741855,212.0,363.375,87.5
TF:glcm_15_contrast_d1_a3,7,0.09537187218666077,427.5,0.20740408521892695,438.5,0.31908157950873317,488.0,0.15489401829089472,324.5,31.0,370.0,-5.0,252.5,-1.0,382.0,0.0003044813839856683,260.0,367.875,87.5
TF:Ef_p25,7,3.6457375452572937e-19,953.0,0.22886337446286717,360.0,0.4099749230486065,258.0,0.10943019737248989,483.0,119.0,282.0,-3.0,52.5,-1.0,382.0,0.00039683459405519906,210.0,372.5625,87.5
TF:lbp_b30,7,1.1832156815216877e-05,866.0,0.2240973246018834,379.0,0.3308441825793791,450.0,0.2221499275503961,90.0,282.0,119.0,-6.0,352.5,-1.0,382.0,0.00020842335125856708,342.0,372.5625,87.5
TF:DWT_L4_max,7,3.0492935180664062,194.0,0.213862760506227,405.0,0.23506252040352704,660.0,0.1733291499256441,255.0,133.0,268.0,-6.0,352.5,-1.0,382.0,0.0001221219250155632,466.0,372.8125,87.5
TF:stft_p50,7,3.8347811037731105e-11,948.0,0.24809038063500136,240.0,0.4484437610159522,187.0,0.11332336496193417,468.0,140.0,261.0,-6.0,352.5,-1.0,382.0,0.0004422447054568789,185.0,377.9375,87.5
TF:DWT_L3_tk_mean,7,0.8329272270202637,258.5,0.20002652098056894,493.5,0.24527554797767515,640.0,0.19939302813142173,168.5,51.0,350.0,-5.0,252.5,-1.0,382.0,0.00011439335339998678,481.0,378.25,87.5
FREQ:bandP_1,7,7607837786112.0,4.0,0.2096411178014196,431.0,0.36461253276943184,318.0,0.10524535198541086,502.0,0.0,701.5,-5.0,252.5,-1.0,382.0,0.00012854531156614488,454.0,380.625,87.5
TF:WPT_aaad_tk_mean,7,0.8329272270202637,258.5,0.20002652098056894,493.5,0.24531596135700795,639.0,0.19939302813142173,168.5,40.0,361.0,-5.0,252.5,-1.0,382.0,0.00010986017947305802,497.0,381.5,87.5
TF:WPT_aaad_max,7,5.853421211242676,173.5,0.2138181341908043,407.5,0.34481611203172635,396.0,0.14657773920156836,347.5,106.0,295.0,-9.0,652.5,-1.0,382.0,0.00015144925192785957,417.0,383.875,87.5
TF:glcm_71_energy_d4_a2,7,0.00038965363637544215,757.0,0.20192634603673565,483.0,0.4258248672813072,219.0,0.1797265154246767,233.0,41.0,360.0,-6.0,352.5,-1.0,382.0,0.0002364720634540146,308.0,386.8125,87.5
TF:DWT_L1_mad,7,0.5624098777770996,297.0,0.18222693415493618,595.0,0.33036163755373193,451.0,0.22406229272859846,87.0,0.0,701.5,-5.0,252.5,-1.0,382.0,0.0001951609850535476,354.0,390.0,87.5
FREQ:bandP_4,7,4712868347904.0,6.0,0.20396675214012036,461.0,0.27416963105843184,590.0,0.2039847251268014,150.0,0.0,701.5,-7.0,452.5,-1.0,382.0,0.00013376185233348432,446.0,398.625,87.5
TF:lbp_b31,7,0.00026084246928803623,789.0,0.2035014127930769,467.0,0.36874964256094067,306.0,0.1687542368642847,276.0,32.0,369.0,-6.0,352.5,-1.0,382.0,0.00031710213049274355,253.0,399.3125,87.5
TF:DWT_L2_tk_std,7,39.85993194580078,114.0,0.24800530483135305,241.0,0.33917615063435225,422.0,0.11720729793872302,450.0,60.0,341.0,-11.0,852.5,-1.0,382.0,0.00014142041789161683,433.0,404.4375,87.5
SPAT:st_grad_c_mean,6,0.008362206630408764,590.0,0.2890530650246142,63.0,0.5316034602777715,84.0,0.36303394899689345,3.0,390.0,11.0,-3.0,52.5,-1.0,382.0,0.0059904755433020885,7.0,149.0625,75.0
SPAT:st_t_entropy,6,0.015507258474826813,553.0,0.2557573845250328,173.0,0.8131172525198358,1.0,0.27058787636707327,29.0,384.0,17.0,-3.0,52.5,-1.0,382.0,0.007965906028277866,4.0,151.4375,75.0
TF:tf_burstiness,6,0.22040095925331116,367.0,0.31615054275096766,10.0,0.7219712119794812,12.0,0.22025737937737844,94.0,364.0,37.0,-8.0,552.5,-1.0,382.0,0.004039092481264689,19.0,184.1875,75.0
SPAT:st_edge_density_c,6,0.00017520882829558104,802.0,0.27053800773171305,114.0,0.6861501466529445,22.0,0.38007805086030483,2.0,374.0,27.0,-4.0,152.5,-1.0,382.0,0.009473861176424108,2.0,187.9375,75.0
SPAT:st_active_dur_frac,6,0.0005720588378608227,740.0,0.2798259389225735,89.0,0.47317516269638293,150.0,0.2948812079378779,19.0,351.0,50.0,-3.0,52.5,-1.0,382.0,0.0020018208532978257,51.0,191.6875,75.0
SPAT:st_edge_density_t,6,0.00028895496507175267,785.0,0.265676349980338,133.0,0.5959776965625982,52.0,0.31007216649913055,13.0,316.0,85.0,-3.0,52.5,-1.0,382.0,0.0021664813199044034,50.0,194.0625,75.0
SPAT:sp_grad_std,6,1.3259815886943705e-20,955.0,0.28582228269094717,76.0,0.5400599527033059,75.0,0.2986937400463321,17.0,388.0,13.0,-3.0,52.5,-1.0,382.0,0.003253123196359244,30.0,200.0625,75.0
TF:glcm_53_correlation_d3_a2,6,3.069794502152945e-06,886.0,0.2838301221960577,83.0,0.5159926536538335,99.0,0.32722672831020594,9.0,337.0,64.0,-3.0,52.5,-1.0,382.0,0.002528934663204768,45.0,202.5625,75.0
TF:flux_std,6,0.00895013753324747,587.0,0.3457571240141361,2.0,0.7710339873687984,4.0,0.28238242260079904,25.0,394.0,7.0,-9.0,652.5,-1.0,382.0,0.0048200202219637125,12.0,208.9375,75.0
SPAT:st_grad_corr,6,0.0003234739415347576,778.0,0.2455618377220455,262.0,0.4564431183927984,178.0,0.347124273668931,6.0,377.0,24.0,-3.0,52.5,-1.0,382.0,0.005120335290352793,11.0,211.6875,75.0
TF:WPT_adda_entropy,6,0.6921368837356567,267.0,0.3081812697711658,26.0,0.668380377451586,32.0,0.2174535206751198,104.0,304.0,97.0,-10.0,752.5,-1.0,382.0,0.0011324420198580468,90.0,218.8125,75.0
TF:glcm_8_correlation_d1_a1,6,2.629911250551231e-06,889.5,0.3080676120792399,28.5,0.5007151500860756,122.0,0.2362650741296876,59.5,381.0,20.0,-5.0,252.5,-1.0,382.0,0.00434975843459028,16.0,221.25,75.0
TF:glcm_28_correlation_d2_a1,6,2.629911250551231e-06,889.5,0.3080676120792399,28.5,0.5013422694819791,121.0,0.2362650741296876,59.5,378.0,23.0,-5.0,252.5,-1.0,382.0,0.0039356324827655425,25.0,222.625,75.0
SPAT:sp_grad_max,6,8.54410235095537e-20,954.0,0.27981205205737486,90.0,0.45955575939716464,174.0,0.29887362021857833,16.0,366.0,35.0,-3.0,52.5,-1.0,382.0,0.0013061463474708073,79.0,222.8125,75.0
TF:WPT_dada_entropy,6,0.6904696822166443,268.0,0.3065269093508576,30.0,0.6709195435941893,30.0,0.2152005098527042,112.0,301.0,100.0,-10.0,752.5,-1.0,382.0,0.0009093905195589926,114.0,223.5625,75.0
SPAT:sp_grad_mean_abs,6,5.563729891131037e-21,956.0,0.2600877399679747,155.0,0.46747493436051,162.0,0.25621621014558926,39.0,373.0,28.0,-3.0,52.5,-1.0,382.0,0.003955520171704448,24.0,224.8125,75.0
TF:das_cyclostationary_index,6,0.026310786604881287,516.0,0.27998196907968187,87.0,0.377711321434512,296.0,0.2410934449548015,54.0,248.0,153.0,-3.0,52.5,-1.0,382.0,0.0002931599608864244,266.0,225.8125,75.0
TF:glcm_33_correlation_d2_a2,6,2.7996188691759016e-06,888.0,0.27295119110143906,105.0,0.4978318524500751,132.0,0.3274144305618291,8.0,311.0,90.0,-4.0,152.5,-1.0,382.0,0.0014490950003953576,72.0,228.6875,75.0
TF:WPT_addd_entropy,6,0.5671994090080261,295.0,0.30808197934354725,27.0,0.6262694018078871,42.0,0.211067465860063,134.0,284.0,117.0,-10.0,752.5,-1.0,382.0,0.0005834684407930996,155.0,238.0625,75.0
TF:glcm_63_correlation_d4_a0,6,5.415288615040481e-05,827.0,0.2524923341490502,205.0,0.5394606880900379,76.0,0.20391668599093996,151.0,219.0,182.0,-3.0,52.5,-1.0,382.0,0.0030043894068632056,35.0,238.8125,75.0
TF:glcm_18_correlation_d1_a3,6,2.5458352865825873e-06,892.5,0.3048622053694244,32.5,0.5044185660332601,111.0,0.2287536597767702,76.5,397.0,4.0,-7.0,452.5,-1.0,382.0,0.004343968759610641,17.0,246.0,75.0
TIME:p75,6,0.01921861432492733,536.0,0.2514988070430917,213.0,0.5877226731416583,53.0,0.2613319946290354,35.0,299.0,102.0,-8.0,552.5,-1.0,382.0,0.0009217512437160123,110.0,247.9375,75.0
TF:glcm_38_correlation_d2_a3,6,2.5458352865825873e-06,892.5,0.3048622053694244,32.5,0.5042201582668815,112.0,0.2287536597767702,76.5,387.0,14.0,-7.0,452.5,-1.0,382.0,0.003864970810311048,26.0,248.5,75.0
SPAT:st_grad_t_mean,6,0.0027459580451250076,656.0,0.24393858473746732,276.0,0.3584937534524717,333.0,0.26870500212232606,31.0,228.0,173.0,-3.0,52.5,-1.0,382.0,0.0011965489859891607,85.0,248.5625,75.0
TF:glcm_48_correlation_d3_a1,6,1.7071442925953306e-05,856.0,0.26180633498619493,151.0,0.5125403936955553,100.0,0.20122816210699446,160.0,296.0,105.0,-5.0,252.5,-1.0,382.0,0.0030155153012896042,34.0,255.0625,75.0
SPAT:st_hist_energy,6,0.0023382275830954313,665.5,0.25566027830010807,174.0,0.4415535524041889,193.0,0.1893876911087932,197.0,339.0,62.0,-5.0,252.5,-1.0,382.0,0.0006996069278160974,129.0,256.875,75.0
TF:glcm_13_correlation_d1_a2,6,1.1078628858740558e-06,908.0,0.26737649790195733,124.0,0.48426750635369054,140.0,0.3047847018292645,15.0,267.0,134.0,-5.0,252.5,-1.0,382.0,0.0010182167364815842,102.0,257.1875,75.0
TIME:trimmed_mean10,6,0.0013476115418598056,697.0,0.2437707793151949,279.0,0.5227203525757909,92.0,0.3177878659883894,10.0,383.0,18.0,-8.0,552.5,-1.0,382.0,0.0011204564973077162,93.0,265.4375,75.0
TF:glcm_43_correlation_d3_a0,6,3.552575799403712e-05,843.0,0.24637927740239887,258.0,0.5698542425737809,64.0,0.1947377280650134,179.0,244.0,157.0,-5.0,252.5,-1.0,382.0,0.0016922485289879588,59.0,274.3125,75.0
TIME:shape_factor,6,0.021740760654211044,527.0,0.2537226313053603,185.0,0.5789427038276989,61.0,0.16341394367796933,294.0,331.0,70.0,-8.0,552.5,-1.0,382.0,0.0006974018830464231,130.0,275.1875,75.0
SPAT:st_t_spread,6,0.0003090228419750929,781.0,0.25997804862222296,156.0,0.42091144595857477,237.0,0.16970891329530588,269.0,202.0,199.0,-3.0,52.5,-1.0,382.0,0.0006532826052762977,140.0,277.0625,75.0
TF:DWT_L5_zcr,6,0.00034692269400693476,771.0,0.2568707577133354,167.0,0.2971307100955318,543.0,0.1909839853496575,190.0,341.0,60.0,-3.0,52.5,-1.0,382.0,0.0008607562834355847,117.0,285.3125,75.0
FREQ:hist_b29,6,0.002531765727326274,658.0,0.19722186848227918,512.0,0.40130637645696376,273.0,0.2484461863718647,44.0,283.0,118.0,-3.0,52.5,-1.0,382.0,0.00027769466562295995,276.0,289.4375,75.0
TF:glcm_58_correlation_d3_a3,6,1.6397834770032205e-05,857.0,0.2555586754051394,176.0,0.5075411915817591,108.0,0.19101697184263247,189.0,268.0,133.0,-7.0,452.5,-1.0,382.0,0.0024280439476965085,47.0,293.0625,75.0
TF:glcm_60_contrast_d4_a0,6,1.8336979150772095,228.0,0.20625221041214206,447.0,0.40067347246091334,275.0,0.18298172724691122,216.0,0.0,701.5,-3.0,52.5,-1.0,382.0,0.0016085376577943426,62.0,295.5,75.0
TIME:p95,6,0.018956797197461128,537.0,0.2121629424864332,423.0,0.42548683644814034,221.0,0.2228504030425006,89.0,300.0,101.0,-8.0,552.5,-1.0,382.0,0.000688974317495243,133.0,304.8125,75.0
TF:tf_occupancy,6,0.0009672117885202169,715.5,0.2630030453106772,148.5,0.46630631238065456,167.0,0.18243264639723553,219.5,132.0,269.0,-7.0,452.5,-1.0,382.0,0.000990637622939359,103.0,307.125,75.0
TIME:waveform_length,6,944762.3125,14.0,0.2723034506657139,107.0,0.457822160257523,175.0,0.05777909541818521,677.0,157.0,244.0,-8.0,552.5,-1.0,382.0,0.000220799222697791,325.0,309.5625,75.0
TF:mod8_entropy,6,0.02607397362589836,517.0,0.2634306739110589,143.0,0.27342878825262407,592.0,0.13671322851633627,383.0,297.0,104.0,-5.0,252.5,-1.0,382.0,0.0009488284663674747,108.0,310.1875,75.0
TIME:burst_mean_gap,6,620.6903686523438,67.0,0.1623784534132884,677.0,0.5571823093154369,72.0,0.08826273354944826,564.0,98.0,303.0,-5.0,252.5,-1.0,382.0,0.0005049554181553017,169.0,310.8125,75.0
TF:DWT_L4_kurt,6,146.06398010253906,88.0,0.23102808350521595,355.0,0.7568975018171802,8.0,0.05484097597782993,696.0,34.0,367.0,-8.0,552.5,-1.0,382.0,0.002775968114353133,39.0,310.9375,75.0
FREQ:hist_b31,6,0.0012040298897773027,704.0,0.19788561468149535,506.0,0.42291352230980817,233.0,0.14742848436946143,346.0,257.0,144.0,-3.0,52.5,-1.0,382.0,0.0005992423326914585,153.0,315.0625,75.0
TF:Et_max,6,2.304715871810913,214.0,0.26585648840742854,130.0,0.5687860705795047,65.0,0.1278839488459727,407.0,193.0,208.0,-8.0,552.5,-1.0,382.0,8.50909013963117e-05,564.0,315.3125,75.0
TF:tf_area,6,0.0009672117885202169,715.5,0.2630030453106772,148.5,0.4686504060803647,160.0,0.18243264639723553,219.5,134.0,267.0,-7.0,452.5,-1.0,382.0,0.00043638828669073177,190.0,316.875,75.0
TF:stft_crest,6,179.44036865234375,81.0,0.2652495736616547,136.0,0.31375445105015265,505.0,0.14151381815723382,360.0,114.0,287.0,-5.0,252.5,-1.0,382.0,9.020402056734574e-05,539.0,317.8125,75.0
TF:stft_gini,6,0.003225921420380473,646.0,0.3014589867392672,44.0,0.5439182547834225,74.0,0.137405093716639,380.0,265.0,136.0,-9.0,652.5,-1.0,382.0,0.0003327911401335396,237.0,318.9375,75.0
TF:tf_perimeter,6,0.003995595499873161,630.0,0.2581202164817797,161.0,0.47844529183403184,146.0,0.15653061694230994,318.0,93.0,308.0,-7.0,452.5,-1.0,382.0,0.00042089451473741133,199.0,324.5625,75.0
SPAT:st_traj_var,6,0.008304398506879807,591.0,0.22916595968255207,359.0,0.3660406766596336,313.0,0.11968554241872767,444.0,105.0,296.0,-3.0,52.5,-1.0,382.0,0.0004938462108036366,171.0,326.0625,75.0
SPAT:st_t_max,6,9.324471079708019e-07,913.0,0.2479472221703051,242.0,0.46796400632117985,161.0,0.13208808403526925,395.0,233.0,168.0,-5.0,252.5,-1.0,382.0,0.0010313665925269352,100.0,326.6875,75.0
TF:tf_sparsity,6,0.0009672138839960098,714.0,0.2630031085090474,147.0,0.46892898807653527,159.0,0.18243265458227897,218.0,130.0,271.0,-7.0,452.5,-1.0,382.0,0.0002565195624641781,293.0,329.5625,75.0
TF:divergence_std,6,0.01277894526720047,569.0,0.2463867334945787,257.0,0.4365901732021191,203.0,0.13746984191445194,379.0,287.0,114.0,-8.0,552.5,-1.0,382.0,0.00045885985155006244,181.0,329.6875,75.0
TF:mod9_entropy,6,0.023151345551013947,521.0,0.24750953345341162,245.0,0.23927181761236715,649.0,0.12113924519557737,440.0,276.0,125.0,-4.0,152.5,-1.0,382.0,0.0006371603336918564,144.0,332.3125,75.0
TF:DWT_L2_range,6,29.30223846435547,121.5,0.2718239120513135,109.5,0.4068715797235174,264.0,0.13649146566646014,384.5,178.0,223.0,-9.0,652.5,-1.0,382.0,9.508357039964788e-05,526.0,332.875,75.0
TF:DWT_L1_kurt,6,20.765615463256836,127.0,0.22399653444379475,380.0,0.5005850930588767,123.0,0.10033026783083812,527.0,72.0,329.0,-9.0,652.5,-1.0,382.0,0.0006385461306827862,143.0,332.9375,75.0
TF:glcm_6_energy_d1_a1,6,0.00036227499367669225,764.5,0.20014580787821065,489.5,0.421127105814846,235.0,0.17572696023085677,244.5,23.0,378.0,-3.0,52.5,-1.0,382.0,0.0007180872477621598,128.0,334.25,75.0
TF:mod0_centroid,6,2.2160933017730713,220.0,0.2799651837168176,88.0,0.3041536577520678,529.0,0.1723850815995441,259.0,197.0,204.0,-8.0,552.5,-1.0,382.0,0.0001370390487409201,440.0,334.3125,75.0
TIME:hist_b8,6,0.006021477747708559,605.0,0.21798981537199805,398.0,0.40987432724882256,259.0,0.23893902794022098,55.0,155.0,246.0,-8.0,552.5,-1.0,382.0,0.00045038670551608256,184.0,335.1875,75.0
TF:DWT_L2_min,6,8.493741989135742,163.0,0.2566732711274308,169.0,0.3324043157941099,446.0,0.10132302369010344,523.0,92.0,309.0,-4.0,152.5,-1.0,382.0,9.161518592698654e-05,537.0,335.1875,75.0
FREQ:mag_range,6,360719.8125,20.0,0.18536601568480063,572.0,0.35100098181988004,360.0,0.18336908020721848,213.0,235.0,166.0,-10.0,752.5,-1.0,382.0,0.00034998762857511043,227.0,336.5625,75.0
TF:WPT_aaaa_tk_std,6,86.17732238769531,98.0,0.2658179768175643,131.0,0.42474128748337225,225.0,0.08518692779424672,570.0,124.0,277.0,-6.0,352.5,-1.0,382.0,6.0276432979759e-05,666.0,337.6875,75.0
TF:glcm_55_contrast_d3_a3,6,0.5691059827804565,294.0,0.20515575046978954,453.0,0.25980709568670957,615.0,0.1594705660541254,304.0,136.0,265.0,-5.0,252.5,-1.0,382.0,0.0006482719052485758,141.0,338.3125,75.0
TIME:hist_b9,6,0.003520913189277053,640.0,0.2463684685035943,259.0,0.40887398804913655,260.0,0.2513020047449591,43.0,241.0,160.0,-10.0,752.5,-1.0,382.0,0.0003954156934526786,211.0,338.4375,75.0
TF:DWT_L4_range,6,9.444873809814453,156.5,0.22725912602952794,364.5,0.2964247056635201,545.0,0.21355337805820956,123.5,173.0,228.0,-8.0,552.5,-1.0,382.0,0.00018937369117982535,364.0,339.5,75.0
TF:glcm_45_contrast_d3_a1,6,0.5785290598869324,292.0,0.20257381444700404,474.0,0.2578111602017361,619.0,0.1635967627381203,292.0,117.0,284.0,-5.0,252.5,-1.0,382.0,0.0006037476720919268,150.0,343.1875,75.0
TIME:above_2std_frac,6,0.00011123096919618547,812.0,0.26451747406350234,140.0,0.4158722681952187,246.0,0.16961943204073618,273.0,179.0,222.0,-3.0,52.5,-1.0,382.0,6.565284598306264e-05,634.0,345.1875,75.0
FREQ:peak1_amp,6,360719.8125,20.0,0.18536601568480063,572.0,0.35101112426306935,357.0,0.18336908020721848,213.0,231.0,170.0,-10.0,752.5,-1.0,382.0,0.00023300484760941658,313.0,347.4375,75.0
FREQ:spec_centroid,6,22348.75,41.0,0.2527366845556979,202.0,0.4267147369221691,218.0,0.09586984309237627,540.0,170.0,231.0,-11.0,852.5,-1.0,382.0,0.0002211068575929892,324.0,348.8125,75.0
TF:WPT_aadd_kurt,6,145.0161590576172,89.0,0.23253515931872246,349.0,0.6976644272570076,20.0,0.054089828056894954,700.0,43.0,358.0,-8.0,552.5,-1.0,382.0,0.0002056836193744808,347.0,349.6875,75.0
TF:stft_kurt,6,198350.5,24.0,0.20899522179491412,433.0,0.375015740853887,298.0,0.08330183729940724,580.0,0.0,701.5,-3.0,52.5,-1.0,382.0,0.0002205304144485575,327.0,349.75,75.0
TF:stft_rms,6,7.957591151352972e-05,819.0,0.2631675644968353,146.0,0.47935196636408506,145.0,0.14411247702698385,354.0,163.0,238.0,-8.0,552.5,-1.0,382.0,0.0005154496008057432,166.0,350.3125,75.0
TIME:hist_b7,6,0.008585687726736069,589.0,0.14397358733493956,741.0,0.35673167310474785,341.0,0.2044726028368794,147.0,94.0,307.0,-3.0,52.5,-1.0,382.0,0.00028451748747795175,274.0,354.1875,75.0
TF:hog_b7,6,0.00011961880954913795,809.0,0.2073050676083994,442.0,0.40073216605410966,274.0,0.26404874686867713,34.0,168.0,233.0,-6.0,352.5,-1.0,382.0,0.00022982057135453797,315.0,355.1875,75.0
FREQ:mag_max,6,360719.8125,20.0,0.18536601568480063,572.0,0.35100501225171765,359.0,0.18336908020721848,213.0,245.0,156.0,-10.0,752.5,-1.0,382.0,0.00015790638468050214,407.0,357.6875,75.0
TF:stft_std,6,8.213248656829819e-05,817.0,0.26343137129492117,142.0,0.48399788541504973,141.0,0.14518809920254386,353.0,165.0,236.0,-8.0,552.5,-1.0,382.0,0.0003142151306764763,254.0,359.6875,75.0
TIME:mean_peak_interval,6,122.76710510253906,91.0,0.23431887060081033,340.0,0.4196125864042455,238.0,0.08565827210635764,568.0,37.0,364.0,-6.0,352.5,-1.0,382.0,8.868289087566998e-05,545.0,360.0625,75.0
TF:WPT_daaa_iqr,6,8.633653123979457e-06,870.0,0.28796694442577697,67.0,0.48070834243380967,143.0,0.10819569729303832,487.0,238.0,163.0,-6.0,352.5,-1.0,382.0,0.00014684086825776256,425.0,361.1875,75.0
TF:tfband_4,6,5.0682268142700195,179.0,0.18524698018657046,574.0,0.26990059428839785,598.0,0.2250757434480531,82.0,24.0,377.0,-6.0,352.5,-1.0,382.0,0.0002064156560102193,346.0,361.3125,75.0
TF:DWT_L0_mad,6,0.5321757197380066,300.0,0.17800869385859833,614.0,0.25733951564813795,621.0,0.21191704272376016,129.0,36.0,365.0,-4.0,152.5,-1.0,382.0,0.00021431387911233316,333.0,362.0625,75.0
TIME:d1_max_abs,6,0.5790947079658508,291.0,0.22543245404257836,370.0,0.26348783426586175,607.0,0.1968885633808013,172.0,226.0,175.0,-6.0,352.5,-1.0,382.0,8.674746860476281e-05,556.0,363.1875,75.0
TF:glcm_26_energy_d2_a1,6,0.00036227499367669225,764.5,0.20014580787821065,489.5,0.4211354205229534,234.0,0.17572696023085677,244.5,19.0,382.0,-3.0,52.5,-1.0,382.0,0.00018516426890462576,368.0,364.625,75.0
TF:hog_b1,6,5.91752068430651e-05,825.0,0.204054347893029,459.0,0.3423346348058409,409.0,0.21357956986249751,122.0,76.0,325.0,-4.0,152.5,-1.0,382.0,0.00030803657134056126,258.0,366.5625,75.0
TF:glcm_31_energy_d2_a2,6,0.0003855935065075755,759.0,0.20248370322313222,477.0,0.4374190610173656,202.0,0.18083650521451375,226.0,54.0,347.0,-6.0,352.5,-1.0,382.0,0.00043684686362836583,189.0,366.8125,75.0
TF:Ef_skew,6,7.513056755065918,167.0,0.19523089382533254,524.0,0.38440831744421455,291.0,0.22808937134121995,78.0,14.0,387.0,-10.0,752.5,-1.0,382.0,0.0001870890714207026,366.0,368.4375,75.0
TF:hog_b6,6,5.9646714362315834e-05,824.0,0.2021248204506514,482.0,0.3496749041817746,376.0,0.21426396774395176,117.0,86.0,315.0,-4.0,152.5,-1.0,382.0,0.0002363872999814979,309.0,369.6875,75.0
TF:DWT_L0_iqr,6,2.105588912963867,225.0,0.17876947791684802,611.0,0.2499027145221251,630.0,0.21402985048608894,121.0,42.0,359.0,-6.0,352.5,-1.0,382.0,0.00022406002500242333,321.0,375.1875,75.0
TF:WPT_aaaa_min,6,10.635930061340332,146.0,0.23614447560461047,330.0,0.2898476247845485,553.0,0.12134659712365578,437.0,55.0,346.0,-4.0,152.5,-1.0,382.0,6.091227503467519e-05,662.0,376.0625,75.0
TF:WPT_ddaa_tk_mean,6,6.623253284487873e-05,820.0,0.2441199606434088,272.0,0.3556510878506485,343.0,0.07835061481167285,598.0,58.0,343.0,-3.0,52.5,-1.0,382.0,0.0004144432466366354,207.0,377.1875,75.0
TF:DWT_L4_tk_max,6,710.6529541015625,66.0,0.19363490180584075,538.0,0.271514809957202,597.0,0.12130067054567151,438.0,101.0,300.0,-6.0,352.5,-1.0,382.0,0.00020662127125569728,345.0,377.3125,75.0
TF:WPT_adaa_iqr,6,0.009915722534060478,583.0,0.25263861881469013,203.0,0.4646391887858612,170.0,0.12696532887127235,414.0,181.0,220.0,-10.0,752.5,-1.0,382.0,0.00024451658582635755,304.0,378.5625,75.0
TF:WPT_addd_mad,6,0.056661222130060196,467.0,0.2766688972565637,99.0,0.5015523378670137,120.0,0.10978485641902329,480.0,229.0,172.0,-11.0,852.5,-1.0,382.0,0.0001274962099379277,456.0,378.5625,75.0
TIME:p2p,6,4.220274448394775,184.5,0.2244977335095407,373.5,0.3030389912274023,532.0,0.16631030594528484,279.5,259.0,142.0,-11.0,852.5,-1.0,382.0,0.00026461564492190006,286.0,379.0,75.0
TF:DWT_L6_iqr,6,0.006854571867734194,596.0,0.2581143132232557,162.0,0.510438603374431,103.0,0.124210157198067,423.0,210.0,191.0,-12.0,952.5,-1.0,382.0,0.00035036148401754397,226.0,379.4375,75.0
TF:glcm_72_homogeneity_d4_a2,6,0.0003983679926022887,756.0,0.23476900816756593,336.0,0.43510003174918177,205.0,0.1565836886330288,317.0,191.0,210.0,-9.0,652.5,-1.0,382.0,0.00046797002040293917,180.0,379.8125,75.0
SPAT:st_traj_range,6,0.24332569539546967,364.0,0.21378157782665697,409.0,0.24733214605738052,636.0,0.1277111108033291,408.0,68.0,333.0,-4.0,152.5,-1.0,382.0,0.00019425118798951541,355.0,379.9375,75.0
TF:WPT_aadd_range,6,9.796284675598145,151.5,0.21352278032037578,410.5,0.30512945371477684,527.0,0.19512313782340834,176.5,121.0,280.0,-9.0,652.5,-1.0,382.0,0.0001251825802863719,460.0,380.0,75.0
TIME:hist_b2,6,0.0054324036464095116,611.0,0.2321591068970361,350.0,0.2891773128960131,554.0,0.12944137672505343,404.0,359.0,42.0,-7.0,452.5,-1.0,382.0,0.00028526275062671117,272.0,383.4375,75.0
TF:lbp_b2,6,4.356097269919701e-05,836.0,0.19958522426423428,497.0,0.4721476069136692,155.0,0.24662547322315503,46.0,129.0,272.0,-10.0,752.5,-1.0,382.0,0.0006246139732828412,145.0,385.6875,75.0
TF:glcm_51_energy_d3_a2,6,0.00038727125502191484,758.0,0.20225807416535543,479.0,0.4393251477373563,198.0,0.18059580017101803,227.0,49.0,352.0,-6.0,352.5,-1.0,382.0,0.00020881193082710739,340.0,386.0625,75.0
TF:hog_b0,6,0.00030220436747185886,782.0,0.21669609195449133,399.0,0.4305707880928549,212.0,0.19333186281993642,182.0,152.0,249.0,-9.0,652.5,-1.0,382.0,0.0003463217419434449,230.0,386.0625,75.0
TF:lbp_b15,6,4.373809861135669e-05,835.0,0.21000572661409111,430.0,0.33991131019242493,421.0,0.1869083260410148,204.0,13.0,388.0,-4.0,152.5,-1.0,382.0,0.0002610005320861361,289.0,387.6875,75.0
TIME:range_over_std,6,4.220274448394775,184.5,0.2244977335095407,373.5,0.3030173815312134,533.0,0.16631030594528484,279.5,255.0,146.0,-11.0,852.5,-1.0,382.0,0.0001989991934745004,351.0,387.75,75.0
TF:glcm_25_contrast_d2_a1,6,0.09552901983261108,425.5,0.2058370472476849,449.5,0.3078429201960571,525.0,0.15311181790041717,330.5,1.0,400.0,-7.0,452.5,-1.0,382.0,0.0005996972730319064,152.0,389.625,75.0
TF:DWT_L5_p2p,6,4.30016565322876,181.5,0.19896213224852954,501.5,0.2173728393157477,691.0,0.18112214420690304,222.5,81.0,320.0,-5.0,252.5,-1.0,382.0,8.071811548106893e-05,579.0,391.25,75.0
TIME:higuchi_fd,6,0.014476106502115726,555.0,0.2158422725563626,401.0,0.41775623144093466,242.0,0.16280284212983984,296.0,97.0,304.0,-9.0,652.5,-1.0,382.0,0.00024953593949643925,300.0,391.5625,75.0
TF:DWT_L6_mad,6,0.0017143384320661426,682.0,0.2580976062833914,163.0,0.5103361435034999,104.0,0.12430392731534123,422.0,204.0,197.0,-12.0,952.5,-1.0,382.0,0.0003224989934296609,243.0,393.1875,75.0
FREQ:spec_entropy_renyi,6,2.1791903972625732,221.0,0.19544153693931635,520.0,0.39175273410512235,286.0,0.2246334343421481,83.0,0.0,701.5,-8.0,552.5,-1.0,382.0,0.00015961420650703606,402.0,393.5,75.0
TF:WPT_aaaa_range,6,45.478336334228516,111.5,0.2679785658359816,119.5,0.3502700920284525,372.0,0.10799466584280548,488.5,153.0,248.0,-10.0,752.5,-1.0,382.0,5.8157321785821756e-05,675.0,393.625,75.0
TF:DWT_L6_energy,6,2903.3642578125,58.0,0.2538620868031129,182.0,0.359083369686795,329.0,0.04911349980768954,739.0,4.0,397.0,-10.0,752.5,-1.0,382.0,0.00023467708614227512,310.0,393.6875,75.0
TF:glcm_11_energy_d1_a2,6,0.0003769281320273876,760.0,0.20241732043564598,478.0,0.4277944225337631,214.0,0.18038151246123932,229.0,52.0,349.0,-6.0,352.5,-1.0,382.0,0.00016964606299722524,387.0,393.9375,75.0
TF:glcm_5_contrast_d1_a1,6,0.09552901983261108,425.5,0.2058370472476849,449.5,0.30910303584630494,519.0,0.15311181790041717,330.5,9.0,392.0,-7.0,452.5,-1.0,382.0,0.0004018912581250205,208.0,394.875,75.0
TF:DWT_L3_max,6,5.853421211242676,173.5,0.2138181341908043,407.5,0.34481143919231094,397.0,0.14657773920156836,347.5,110.0,291.0,-9.0,652.5,-1.0,382.0,0.0001013650463343559,511.0,395.25,75.0
TF:WPT_adad_mad,6,0.021813903003931046,525.0,0.25779765857589904,165.0,0.4763169884455256,147.0,0.1134393655483557,467.0,185.0,216.0,-11.0,852.5,-1.0,382.0,0.00015537218662841276,411.0,395.6875,75.0
TF:lbp_b16,6,2.022079388552811e-05,854.0,0.20506455537602972,455.0,0.3557207093228727,342.0,0.20370175886821373,153.0,6.0,395.0,-5.0,252.5,-1.0,382.0,0.0002096654524047743,339.0,396.5625,75.0
TF:WPT_adad_iqr,6,0.0870383232831955,442.0,0.25796296927760903,164.0,0.47094177882797794,156.0,0.1129088766586347,469.0,188.0,213.0,-11.0,852.5,-1.0,382.0,0.0001054344683882587,506.0,398.0625,75.0
TF:WPT_ddaa_mad,6,0.0012272855965420604,702.0,0.23700067980598336,323.0,0.47008300872508846,157.0,0.13992681757883,370.0,162.0,239.0,-10.0,752.5,-1.0,382.0,0.00030656267686777203,259.0,398.0625,75.0
TF:WPT_aada_abs_mean,6,0.09485302120447159,429.0,0.27800257624193614,93.0,0.445629453253785,189.0,0.07123780343334071,627.0,167.0,234.0,-12.0,952.5,-1.0,382.0,0.000266611701555438,283.0,398.6875,75.0
TF:glcm_36_energy_d2_a3,6,0.00036250732955522835,762.5,0.20019645351304324,487.5,0.4232122665101956,231.0,0.17575881942376148,242.5,25.0,376.0,-6.0,352.5,-1.0,382.0,0.00019052862808065755,362.0,399.5,75.0
FREQ:pow_std,6,1384811520.0,9.0,0.15231769680994722,711.0,0.3919293426132242,284.0,0.13475761986424759,389.0,0.0,701.5,-7.0,452.5,-1.0,382.0,0.0002884015201707044,268.0,399.625,75.0
TF:DWT_L2_tk_max,6,5449.87939453125,55.0,0.2313400443088733,354.0,0.38264245966501864,292.0,0.0733432037691067,621.0,15.0,386.0,-10.0,752.5,-1.0,382.0,0.00017966970907503732,373.0,401.9375,75.0
TIME:env_kurt,6,13.935198783874512,139.0,0.1949885748433907,525.0,0.37494131046595447,299.0,0.11829558576821228,445.0,0.0,701.5,-7.0,452.5,-1.0,382.0,0.00026071933201505284,290.0,404.25,75.0
TF:glcm_16_energy_d1_a3,6,0.00036250732955522835,762.5,0.20019645351304324,487.5,0.42326215830049785,230.0,0.17575881942376148,242.5,26.0,375.0,-6.0,352.5,-1.0,382.0,0.00013637987785526366,442.0,409.25,75.0
FREQ:peak2_amp,6,83807.5625,32.0,0.18270085061642394,591.0,0.3051826675945959,526.0,0.19983078680655708,166.0,0.0,701.5,-7.0,452.5,-1.0,382.0,0.00014607445922269882,426.0,409.625,75.0
TF:WPT_ddaa_iqr,6,0.0048975772224366665,620.0,0.23692693760773567,326.0,0.47233640224556783,153.0,0.14068029578365696,366.0,164.0,237.0,-11.0,852.5,-1.0,382.0,0.00018018410942019343,372.0,413.5625,75.0
FREQ:spec_slope,6,1.3760174624621868e-05,863.0,0.19294356418352773,541.0,0.32565103390032757,476.0,0.21411860516499429,119.0,0.0,701.5,-3.0,52.5,-1.0,382.0,0.00033527583421503516,235.0,421.25,75.0
FREQ:pow_max,6,5660475916288.0,5.0,0.15144744732040386,718.0,0.3509781779128045,364.0,0.10732862697211973,494.0,17.0,384.0,-10.0,752.5,-1.0,382.0,0.00028463191542755215,273.0,421.5625,75.0
TF:lbp_b0,6,4.28639177698642e-05,837.0,0.2153432238643508,402.0,0.3660710871594608,312.0,0.16902382358425316,274.0,35.0,366.0,-4.0,152.5,-1.0,382.0,5.661716844151848e-05,683.0,426.0625,75.0
FREQ:bandP_6,6,1790114136064.0,8.0,0.2527393233527761,201.0,0.3506507663635148,367.0,0.052019910851969615,717.0,7.0,394.0,-11.0,852.5,-1.0,382.0,0.00011139739913307231,493.0,426.8125,75.0
FREQ:spec_skew,6,17.39468002319336,134.0,0.1440574504555697,740.0,0.3884051577664387,287.0,0.1301095326254995,403.0,0.0,701.5,-7.0,452.5,-1.0,382.0,0.00021755826548333241,329.0,428.625,75.0
TF:WPT_adaa_energy,6,161.83245849609375,84.0,0.2371320071598074,322.0,0.34173989099853364,412.0,0.051858282059758475,723.0,0.0,701.5,-6.0,352.5,-1.0,382.0,0.0001141256767876543,483.0,432.5,75.0
FREQ:bandP_rel_1,6,0.0067571173422038555,599.0,0.20964111766146867,432.0,0.36461076982649265,319.0,0.10524535197719963,503.0,0.0,701.5,-5.0,252.5,-1.0,382.0,0.00025038484880552595,299.0,436.0,75.0
TF:Et_p75,6,0.042327653616666794,480.0,0.18849470045270675,553.0,0.46322925679480775,171.0,0.13925389716712816,374.0,0.0,701.5,-7.0,452.5,-1.0,382.0,0.0001655138082612602,391.0,438.125,75.0
TF:Ef_entropy,6,0.6449478268623352,280.0,0.1754564061471192,622.0,0.35203443599298856,350.0,0.12818589933292265,406.0,0.0,701.5,-7.0,452.5,-1.0,382.0,0.0002285959684983814,317.0,438.875,75.0
TF:WPT_ddad_tk_mean,6,0.0011526338057592511,707.0,0.2485305367645276,238.0,0.34336510381284446,405.0,0.06389279937243476,640.0,11.0,390.0,-6.0,352.5,-1.0,382.0,0.00014194915163921444,431.0,443.1875,75.0
TF:mod0_entropy,6,0.03386223316192627,491.0,0.24007605075084623,306.0,0.2571368592252008,622.0,0.13882618910992695,377.0,88.0,313.0,-7.0,452.5,-1.0,382.0,6.485377652136771e-05,639.0,447.8125,75.0
FREQ:bandP_rel_4,6,0.004185867961496115,628.0,0.20396675215966573,460.0,0.27416061792343616,591.0,0.20398472519608865,149.0,0.0,701.5,-7.0,452.5,-1.0,382.0,0.0003206116468318089,245.0,451.125,75.0
FREQ:bandP_2,6,10367709216768.0,3.0,0.06572593762711151,864.0,0.21914102818026127,686.0,0.10654027568882647,498.0,0.0,701.5,-4.0,152.5,-1.0,382.0,0.00015862423355727178,403.0,461.25,75.0
FREQ:frac_low,6,0.02922206185758114,507.0,0.21271393575587527,421.0,0.3468862714058738,387.0,0.15727525822682986,312.0,0.0,701.5,-8.0,552.5,-1.0,382.0,0.00012913125449853885,453.0,464.5,75.0
FREQ:spec_entropy_shannon,6,1.0216444730758667,247.0,0.1557466602011375,699.0,0.3347712190177692,436.0,0.1709360904879356,263.0,0.0,701.5,-9.0,652.5,-1.0,382.0,0.00011725718811430612,473.0,481.75,75.0
TF:tfband_3,6,7.294895172119141,168.0,0.13506839133634527,757.0,0.16896178428718134,761.0,0.1613933520351323,297.0,0.0,701.5,-6.0,352.5,-1.0,382.0,0.00012075737331858152,468.0,485.875,75.0
FREQ:ratio_low_high,6,33.361392974853516,117.0,0.11651697794635985,796.0,0.3596949766351796,325.0,0.018386010217608974,890.0,0.0,701.5,-7.0,452.5,-1.0,382.0,0.00012163466053588155,467.0,516.375,75.0
TF:glcm_3_correlation_d1_a0,5,2.4882708657969488e-06,894.0,0.28463978669052653,77.0,0.5112195505017061,101.0,0.20082492577486266,163.0,310.0,91.0,-8.0,552.5,-1.0,382.0,0.0025356325520969484,44.0,288.0625,62.5
SPAT:sp_gini,5,1.4125193916723753e-28,959.0,0.003534005414204837,950.0,0.5363565346331436,79.0,0.3492783696248651,5.0,400.0,1.0,-3.0,52.5,-1.0,382.0,0.008119747502233085,3.0,303.9375,62.5
TF:glcm_23_correlation_d2_a0,5,1.6121517546707764e-05,858.0,0.2508821693305852,217.0,0.5675744078003091,66.0,0.19017967966077226,193.0,289.0,112.0,-8.0,552.5,-1.0,382.0,0.001913926972469325,53.0,304.1875,62.5
TF:DWT_L4_zcr,5,0.0018826806917786598,679.0,0.19708365040928602,515.0,0.29434616049130824,547.0,0.21721039028099431,106.0,258.0,143.0,-3.0,52.5,-1.0,382.0,0.0005123126751655926,167.0,323.9375,62.5
TF:WPT_dada_iqr,5,0.003558512544259429,638.0,0.2862169445943346,75.0,0.5021146031364423,119.0,0.11360467392894169,466.0,220.0,181.0,-8.0,552.5,-1.0,382.0,0.000425448141263966,197.0,326.3125,62.5
SPAT:sp_tv_norm,5,6.966424442882685e-29,961.0,0.002181715279065906,955.0,0.46664362259801706,166.0,0.2562162098688179,40.0,371.0,30.0,-3.0,52.5,-1.0,382.0,0.002778027029007542,38.0,328.0625,62.5
TF:WPT_dada_mad,5,0.0008920409018173814,719.0,0.28641321601897535,71.0,0.5099762729043968,105.0,0.11434102839619714,462.0,223.0,178.0,-8.0,552.5,-1.0,382.0,0.00048439702957758443,176.0,330.6875,62.5
TF:glcm_52_homogeneity_d3_a2,5,0.00043446497875265777,750.0,0.22505110501909664,371.0,0.4523850762496644,183.0,0.17723716357845637,238.0,201.0,200.0,-8.0,552.5,-1.0,382.0,0.0006727085929634954,136.0,351.5625,62.5
SPAT:sp_argmax,5,2.605128049850464,206.0,0.11440052085127843,799.0,0.26838461325864804,601.0,0.15132666666666691,336.0,108.0,293.0,-3.0,52.5,-1.0,382.0,0.0004196090887605673,201.0,358.8125,62.5
TF:glcm_65_contrast_d4_a1,5,1.2437267303466797,239.0,0.20430103313336226,458.0,0.28730523035221367,556.0,0.1704274028019583,266.0,0.0,701.5,-4.0,152.5,-1.0,382.0,0.0008519117552337321,118.0,359.125,62.5
TF:divergence_mean,5,0.012174604460597038,572.0,0.18465050491688495,579.0,0.28551940392302644,560.0,0.19805845606495068,170.0,222.0,179.0,-4.0,152.5,-1.0,382.0,0.00026303468978821325,288.0,360.3125,62.5
TF:WPT_adad_kurt,5,81.54603576660156,101.0,0.21325374727715599,416.0,0.538634290931554,77.0,0.06865265871603837,631.0,0.0,701.5,-8.0,552.5,-1.0,382.0,0.0015687630529541106,67.0,366.0,62.5
TF:glcm_20_contrast_d2_a0,5,0.5897290706634521,290.0,0.21334418587605963,415.0,0.26853821715319137,600.0,0.17169755601697664,262.0,176.0,225.0,-9.0,652.5,-1.0,382.0,0.0009612046523439973,105.0,366.4375,62.5
TF:hog_b8,5,0.00011967981845373288,808.0,0.21064137634752403,429.0,0.3919342301784088,283.0,0.25394260173116384,42.0,166.0,235.0,-8.0,552.5,-1.0,382.0,0.00037388953584795354,217.0,368.5625,62.5
TF:DWT_L4_p2p,5,9.444873809814453,156.5,0.22725912602952794,364.5,0.296445874728537,544.0,0.21355337805820956,123.5,169.0,232.0,-8.0,552.5,-1.0,382.0,7.108011341320362e-05,619.0,371.75,62.5
TF:glcm_32_homogeneity_d2_a2,5,0.00048639942542649806,748.0,0.21258050888744007,422.0,0.48617143185593426,138.0,0.18582993484520166,206.0,172.0,229.0,-9.0,652.5,-1.0,382.0,0.00036922309486895705,219.0,374.5625,62.5
TIME:hist_b3,5,0.007946721278131008,593.0,0.19243011956254016,545.0,0.32523461586224167,477.0,0.19787081474499943,171.0,324.0,77.0,-9.0,652.5,-1.0,382.0,0.0009477370408287375,109.0,375.8125,62.5
TF:WPT_dddd_iqr,5,0.020640969276428223,533.0,0.2496021441700701,230.0,0.47993765869473926,144.0,0.12356022660389714,425.0,161.0,240.0,-9.0,652.5,-1.0,382.0,0.00016110294313976745,401.0,375.9375,62.5
FREQ:hist_b30,5,0.005495698191225529,610.0,0.18292688424255796,589.0,0.3689691558306998,305.0,0.220744532836194,93.0,0.0,701.5,-3.0,52.5,-1.0,382.0,0.0002839925765488889,275.0,376.0,62.5
TF:WPT_dddd_kurt,5,155.41354370117188,87.0,0.18962210374432384,549.0,0.583617524681491,55.0,0.05736146337880224,682.0,0.0,701.5,-7.0,452.5,-1.0,382.0,0.0010225050663771411,101.0,376.25,62.5
TF:DWT_L2_max,5,9.552327156066895,155.0,0.23405053288612296,342.0,0.30389034660319103,530.0,0.10055451531635974,526.0,38.0,363.0,-4.0,152.5,-1.0,382.0,8.149396069715529e-05,578.0,378.5625,62.5
TF:coherence_mean,5,0.000275174475973472,787.0,0.18339579468527398,588.0,0.2864168671499008,559.0,0.20307276941686986,154.0,214.0,187.0,-4.0,152.5,-1.0,382.0,0.0003518898345436258,225.0,379.3125,62.5
TF:glcm_0_contrast_d1_a0,5,0.09450037032365799,430.0,0.2022203316260378,480.0,0.298172015140147,541.0,0.1689283286998287,275.0,102.0,299.0,-8.0,552.5,-1.0,382.0,0.0011609237800757235,87.0,380.8125,62.5
TF:DWT_L6_min,5,0.04901690036058426,470.0,0.19532498016165337,522.0,0.2177329339702183,689.0,0.16671163911494996,278.0,399.0,2.0,-4.0,152.5,-1.0,382.0,8.478144424759211e-05,566.0,382.6875,62.5
TF:WPT_addd_iqr,5,0.22614538669586182,365.0,0.27675769269974,98.0,0.5033335866247639,114.0,0.10957274962849471,481.0,230.0,171.0,-12.0,952.5,-1.0,382.0,0.00010604746371131384,504.0,383.4375,62.5
FREQ:spec_spread,5,1955.65185546875,61.0,0.1858544700224586,566.0,0.2792192456288083,582.0,0.18578238713314985,207.0,0.0,701.5,-4.0,152.5,-1.0,382.0,0.0001492840456200735,420.0,384.0,62.5
TF:glcm_75_contrast_d4_a3,5,1.2087162733078003,241.0,0.196826580324456,516.0,0.28530340931190556,561.0,0.16502570586483814,285.0,0.0,701.5,-5.0,252.5,-1.0,382.0,0.000674240350941656,135.0,384.25,62.5
TF:glcm_12_homogeneity_d1_a2,5,0.0004166115541011095,753.0,0.21318877759284038,417.0,0.4730418792198079,152.0,0.1756467382404417,246.0,150.0,251.0,-9.0,652.5,-1.0,382.0,0.00036144935267292506,222.0,384.4375,62.5
TF:DWT_L4_min,5,2.6815435886383057,204.0,0.19845112997011705,505.0,0.2281033285849552,671.0,0.15516900744999124,323.0,90.0,311.0,-4.0,152.5,-1.0,382.0,9.403921488774238e-05,530.0,384.8125,62.5
TF:WPT_aadd_p2p,5,9.796284675598145,151.5,0.21352278032037578,410.5,0.3051100702461955,528.0,0.19512313782340834,176.5,118.0,283.0,-9.0,652.5,-1.0,382.0,0.0001034545635932957,507.0,386.375,62.5
TF:hog_b15,5,0.0002984934253618121,784.0,0.21383437798852156,406.0,0.4318969239035235,207.0,0.1867383121411878,205.0,131.0,270.0,-9.0,652.5,-1.0,382.0,0.0004387367803389263,188.0,386.8125,62.5
TF:WPT_ddad_energy,5,296.3016052246094,73.0,0.24905643430524083,234.0,0.3571466371774341,338.0,0.060320507593096345,666.0,28.0,373.0,-8.0,552.5,-1.0,382.0,0.00011123694483296658,494.0,389.0625,62.5
TF:WPT_ddad_iqr,5,0.017858857288956642,540.0,0.2384353440607949,314.0,0.45548058026427585,179.0,0.13074709548101993,398.0,145.0,256.0,-10.0,752.5,-1.0,382.0,0.000246403122633751,301.0,390.3125,62.5
TF:DWT_L6_kurt,5,225.3426513671875,74.0,0.19967434100461667,496.0,0.7458460264248805,9.0,0.05339066337987673,703.0,0.0,701.5,-10.0,752.5,-1.0,382.0,0.006079350798080125,6.0,390.5,62.5
TF:WPT_ddad_mad,5,0.004479734227061272,625.0,0.23850156239448247,313.0,0.4721710988358998,154.0,0.13042078491987108,401.0,146.0,255.0,-9.0,652.5,-1.0,382.0,0.00020704820546096195,344.0,390.8125,62.5
TF:WPT_adaa_mad,5,0.002483510412275791,662.0,0.25275916833820083,198.0,0.4612416759134579,172.0,0.12731189732937784,411.0,189.0,212.0,-8.0,552.5,-1.0,382.0,9.009395788905728e-05,540.0,391.1875,62.5
TF:WPT_dddd_mad,5,0.005175257101655006,615.0,0.24957358688437228,232.0,0.4751912874356985,148.0,0.124484896526671,421.0,160.0,241.0,-10.0,752.5,-1.0,382.0,0.00020071070147794785,350.0,392.6875,62.5
TF:WPT_daaa_mad,5,2.1682940314349253e-06,898.0,0.28805522731721817,66.0,0.4888461240817481,137.0,0.10752239106185316,492.0,243.0,158.0,-6.0,352.5,-1.0,382.0,6.045245945647984e-05,664.0,393.6875,62.5
TF:WPT_dadd_mad,5,0.00029961479594931006,783.0,0.2840015180678716,81.0,0.5029479205122711,118.0,0.10713925027729554,497.0,236.0,165.0,-10.0,752.5,-1.0,382.0,0.00018028174526773613,371.0,393.6875,62.5
TF:DWT_L5_kurt,5,202.0047149658203,77.0,0.21095365314431566,427.0,0.7577667894852909,7.0,0.05441427857711299,698.0,0.0,701.5,-11.0,852.5,-1.0,382.0,0.004639005053413451,14.0,394.875,62.5
TF:WPT_ddaa_var,5,8.370882278541103e-05,816.0,0.24555005642684313,263.0,0.35512068235308236,345.0,0.07673364737143139,607.0,64.0,337.0,-4.0,152.5,-1.0,382.0,0.0002915150580704863,267.0,396.1875,62.5
TIME:zcr,5,131074.375,29.0,0.218177277214887,397.0,0.31174079148688083,507.0,0.07735768124507496,604.0,0.0,701.5,-6.0,352.5,-1.0,382.0,0.0004199648752806887,200.0,396.625,62.5
TF:WPT_aada_kurt,5,171.572021484375,82.0,0.21155157366739655,426.0,0.6859761348134024,23.0,0.04737188974121953,753.0,0.0,701.5,-9.0,652.5,-1.0,382.0,0.0005981307161041371,154.0,396.75,62.5
TF:WPT_adda_abs_mean,5,0.09650313854217529,424.0,0.2711968340557853,112.0,0.44302562554099145,191.0,0.059485332026505286,674.0,139.0,262.0,-10.0,752.5,-1.0,382.0,0.00017591487747198683,379.0,397.0625,62.5
TIME:min,5,0.8299164175987244,260.0,0.19393840391280745,533.0,0.31439085605226946,504.0,0.2141557021419891,118.0,200.0,201.0,-10.0,752.5,-1.0,382.0,0.00014414646604009781,427.0,397.1875,62.5
TF:WPT_ddaa_rel_energy,5,3.163037263220758e-07,922.0,0.24522238761009874,266.0,0.3633413135598129,322.0,0.07635265888242139,610.0,62.0,339.0,-4.0,152.5,-1.0,382.0,0.00043495081694515397,191.0,398.0625,62.5
TF:WPT_aaad_energy,5,226327.6875,22.5,0.1929853620538933,539.5,0.2798515137417463,578.0,0.23053733895757655,74.5,67.0,334.0,-11.0,852.5,-1.0,382.0,0.00014165829659143267,432.0,401.875,62.5
TF:WPT_dadd_iqr,5,0.0011941952398046851,705.0,0.28400620748039435,80.0,0.5097599257899259,106.0,0.10568438284338648,501.0,239.0,162.0,-11.0,852.5,-1.0,382.0,0.00014069157103757053,435.0,402.9375,62.5
TF:WPT_aadd_min,5,3.29106068611145,190.0,0.18875154012949427,551.0,0.21771595393082466,690.0,0.13589167631325505,386.0,2.0,399.0,-3.0,52.5,-1.0,382.0,7.893980438050369e-05,583.0,404.1875,62.5
TF:DWT_L3_energy,5,226327.6875,22.5,0.1929853620538933,539.5,0.2798170302664005,580.0,0.23053733895757655,74.5,78.0,323.0,-11.0,852.5,-1.0,382.0,0.00012290994599399523,464.0,404.75,62.5
SPAT:st_vel_std,5,0.008761761710047722,588.0,0.2073284459436728,441.0,0.2340906823591924,663.0,0.13459646363074595,390.0,12.0,389.0,-3.0,52.5,-1.0,382.0,0.0001936893565440085,356.0,407.6875,62.5
TF:DWT_L5_range,5,4.30016565322876,181.5,0.19896213224852954,501.5,0.21733631276919274,692.0,0.18112214420690304,222.5,83.0,318.0,-5.0,252.5,-1.0,382.0,4.7033662615766924e-05,723.0,409.125,62.5
TIME:zcr_rate,5,48840.86328125,35.0,0.21817734004893974,396.0,0.3087008000627387,523.0,0.07735768120027156,605.0,0.0,701.5,-6.0,352.5,-1.0,382.0,0.00025902259591823666,291.0,410.75,62.5
TF:WPT_aadd_max,5,3.009127616882324,195.0,0.1878646593996778,559.0,0.22469870560020366,678.0,0.1403502391661726,368.0,5.0,396.0,-3.0,52.5,-1.0,382.0,5.947815541230129e-05,670.0,412.5625,62.5
TF:DWT_L5_min,5,1.194379448890686,242.0,0.19530956019540846,523.0,0.19255715757173064,726.0,0.15547119512330615,321.0,44.0,357.0,-3.0,52.5,-1.0,382.0,4.869925009283007e-05,717.0,415.0625,62.5
TF:WPT_aaad_var,5,0.8413956165313721,256.5,0.19286892117717946,543.5,0.27613724968726094,589.0,0.23068750913628414,71.5,57.0,344.0,-11.0,852.5,-1.0,382.0,0.0002130151152431258,334.0,421.625,62.5
TIME:seg_energy_0,5,0.0041156793013215065,629.0,0.18045707572372194,601.0,0.3815158494962705,294.0,0.14919509518991242,340.0,0.0,701.5,-5.0,252.5,-1.0,382.0,0.0004795390961302565,177.0,422.125,62.5
TF:DWT_L3_var,5,0.8413956165313721,256.5,0.19286892117717946,543.5,0.2761422363592567,588.0,0.23068750913628414,71.5,63.0,338.0,-11.0,852.5,-1.0,382.0,0.00016581452911556885,390.0,427.75,62.5
TF:lbp_b1,5,5.211925781622995e-06,878.0,0.19439213099144445,530.0,0.30948189754910205,514.0,0.1721474179394348,261.0,71.0,330.0,-3.0,52.5,-1.0,382.0,0.00011304883801195981,486.0,429.1875,62.5
TF:WPT_aada_tk_mean,5,0.5240967273712158,302.0,0.241542064915071,295.0,0.3107850320988277,510.0,0.05069247388590179,729.0,0.0,701.5,-3.0,52.5,-1.0,382.0,0.00012388214361735658,462.0,429.25,62.5
TIME:d2_mean_abs,5,0.013334490358829498,564.0,0.26716958948872543,125.0,0.451678548874654,184.0,0.0637388998539791,642.0,147.0,254.0,-12.0,952.5,-1.0,382.0,0.00020811604367142197,343.0,430.8125,62.5
TF:glcm_66_energy_d4_a1,5,0.0003514735435601324,769.0,0.19535089177641216,521.0,0.41203371611879813,254.0,0.17554539588771995,247.0,0.0,701.5,-6.0,352.5,-1.0,382.0,0.000362216643843888,221.0,431.0,62.5
TF:Ef_rolloff85,5,148973.609375,26.0,0.23180935229186295,353.0,0.3678353382413868,307.0,0.05772941666666655,679.0,0.0,701.5,-7.0,452.5,-1.0,382.0,8.428099685847225e-05,568.0,433.625,62.5
TF:Ef_max,5,12.710916519165039,143.0,0.17965372151363365,606.0,0.32867956803713305,461.0,0.1697074864628503,271.0,0.0,701.5,-9.0,652.5,-1.0,382.0,0.00029418525599196594,265.0,435.25,62.5
TF:glcm_76_energy_d4_a3,5,0.00035176644450984895,768.0,0.19572273114260078,518.0,0.4102266231681613,257.0,0.17523105363452515,248.0,0.0,701.5,-6.0,352.5,-1.0,382.0,0.0002980243238884034,264.0,436.375,62.5
TF:WPT_ddda_abs_mean,5,0.0022365639451891184,669.0,0.2638314081440439,141.0,0.4345092264604773,206.0,0.0605281942472158,665.0,115.0,286.0,-9.0,652.5,-1.0,382.0,0.0001117068595406252,492.0,436.6875,62.5
TF:Ef_peak_amp,5,12.710916519165039,143.0,0.17965372151363365,606.0,0.3286872074565368,458.5,0.1697074864628503,271.0,0.0,701.5,-9.0,652.5,-1.0,382.0,0.0002684973690328517,280.0,436.8125,62.5
TF:Ef_harmonic_ratio,5,0.0026659041177481413,657.0,0.18375436484133237,586.0,0.1733787831819673,752.0,0.13061626306630028,399.0,262.0,139.0,-4.0,152.5,-1.0,382.0,0.000143226701088539,428.0,436.9375,62.5
TF:WPT_ddad_abs_mean,5,0.00513765774667263,616.0,0.24641081838647672,256.0,0.4176993011175294,243.0,0.08897509011412116,559.0,96.0,305.0,-11.0,852.5,-1.0,382.0,0.000256369128292538,294.0,438.4375,62.5
TF:Ef_range,5,12.710916519165039,143.0,0.17965372151363365,606.0,0.3286872074565368,458.5,0.1697074864628503,271.0,0.0,701.5,-9.0,652.5,-1.0,382.0,0.00025465991198260355,296.0,438.8125,62.5
TF:WPT_adaa_abs_mean,5,0.0030936046969145536,650.0,0.252633614283915,204.0,0.41428586814390833,249.0,0.09152564904616882,549.0,112.0,289.0,-10.0,752.5,-1.0,382.0,0.00012467925553922914,461.0,442.0625,62.5
TF:WPT_aaaa_p2p,5,45.478336334228516,111.5,0.2679785658359816,119.5,0.35019888400820376,373.0,0.10799466584280548,488.5,151.0,250.0,-10.0,752.5,-2.0,774.0,5.9099599486222434e-05,672.0,442.625,62.5
TF:WPT_ddda_kurt,5,170.30355834960938,83.0,0.2032347409235433,469.0,0.6046686011528561,50.0,0.049976189710650404,735.0,0.0,701.5,-11.0,852.5,-1.0,382.0,0.00025844420641518375,292.0,445.625,62.5
TF:WPT_ddaa_abs_mean,5,0.0014555499656125903,693.0,0.2405383409429586,303.0,0.42108258687531697,236.0,0.10953600911897109,482.0,100.0,301.0,-11.0,852.5,-1.0,382.0,0.00022063700432606862,326.0,446.9375,62.5
TF:WPT_ddaa_log_energy,5,0.24896439909934998,362.0,0.19061149660692847,547.0,0.35100903776348336,358.0,0.09811426640404082,537.0,0.0,701.5,-6.0,352.5,-1.0,382.0,0.0001840780747292264,369.0,451.125,62.5
FREQ:bandP_3,5,3724143755264.0,7.0,0.1401240167062697,748.0,0.15673359585180968,785.0,0.1879456401153741,200.0,0.0,701.5,-6.0,352.5,-1.0,382.0,9.916312597371444e-05,518.0,461.75,62.5
TF:Ef_centroid,5,47141.08984375,36.0,0.2488837453379703,236.0,0.34246574071099367,408.0,0.04513248147938265,759.0,0.0,701.5,-11.0,852.5,-1.0,382.0,0.00022514374556808228,320.0,461.875,62.5
TF:hog_b9,5,6.049633157090284e-05,823.0,0.20811511078937475,437.0,0.3366106420649051,430.0,0.2150800516946259,113.0,80.0,321.0,-10.0,752.5,-1.0,382.0,0.0001355818131837291,443.0,462.6875,62.5
TF:DWT_L6_tk_max,5,0.08753602206707001,440.0,0.20592889367376696,448.0,0.2286792594281435,669.0,0.1275986437073335,409.0,159.0,242.0,-8.0,552.5,-1.0,382.0,7.866486051326888e-05,584.0,465.8125,62.5
TF:WPT_aaaa_kurt,5,18.084779739379883,133.0,0.15922080423893475,687.0,0.3469056203863272,386.0,0.07173438620855098,625.0,0.0,701.5,-7.0,452.5,-1.0,382.0,0.00017487575983219728,380.0,468.375,62.5
TF:WPT_adad_energy,5,8115.9296875,54.0,0.25018510743181477,223.0,0.3473824205381888,383.0,0.053087023773768525,707.0,0.0,701.5,-11.0,852.5,-1.0,382.0,0.00012284486108760038,465.0,471.0,62.5
TF:lbp_b24,5,5.0364476919639856e-05,829.0,0.2035187829911791,466.0,0.34338426342838435,404.0,0.1882249324259336,199.0,0.0,701.5,-7.0,452.5,-1.0,382.0,0.00020860031370130045,341.0,471.875,62.5
TF:DWT_L6_log_energy,5,0.18125976622104645,377.0,0.20569997851375543,452.0,0.35897769480700603,332.0,0.06069251547944798,663.0,0.0,701.5,-8.0,552.5,-1.0,382.0,0.000210845628913624,337.0,474.625,62.5
TF:WPT_aada_energy,5,136936.515625,28.0,0.24452003591293903,269.0,0.3181503429468444,493.0,0.04821584633223764,749.0,0.0,701.5,-10.0,752.5,-1.0,382.0,0.00013368575927794993,447.0,477.75,62.5
TF:DWT_L6_var,5,0.00017280074825976044,803.0,0.2538620588694414,183.0,0.3590963958762914,328.0,0.04911349776839151,740.0,3.0,398.0,-10.0,752.5,-1.0,382.0,0.0003230046663222314,242.0,478.5625,62.5
TF:DWT_L4_tk_std,5,2.24749755859375,218.0,0.2025561496040825,475.0,0.2523576092124351,627.0,0.19094880930482455,191.0,0.0,701.5,-10.0,752.5,-1.0,382.0,0.00011429730020134475,482.0,478.625,62.5
FREQ:spec_kurt,5,35257.10546875,40.0,0.11427090847125941,801.0,0.3981654236317582,278.0,0.0623746871940203,649.0,0.0,701.5,-10.0,752.5,-1.0,382.0,0.0003176422869379669,251.0,481.875,62.5
TF:Ef_flatness,5,2.0770247743939763e-09,940.0,0.2270066449106599,367.0,0.3823855284119153,293.0,0.08520844931103522,569.0,0.0,701.5,-6.0,352.5,-1.0,382.0,0.00031717742517666745,252.0,482.125,62.5
TF:DWT_L0_energy,5,1657916.625,13.0,0.16022906420346686,684.0,0.2073719784380823,712.0,0.14036130490224386,367.0,0.0,701.5,-7.0,452.5,-1.0,382.0,8.704105915524446e-05,554.0,483.25,62.5
TF:WPT_adad_log_energy,5,0.18263490498065948,376.0,0.2066166113627684,444.0,0.34737118138164247,384.0,0.06309557114014262,645.0,0.0,701.5,-8.0,552.5,-1.0,382.0,0.00015236249808780198,415.0,487.5,62.5
TF:Ef_std,5,0.05898016318678856,463.0,0.1613018248369788,680.0,0.3477876428602227,381.0,0.1586763012368927,307.0,0.0,701.5,-9.0,652.5,-1.0,382.0,0.00020112325279898757,349.0,489.5,62.5
FREQ:ratio_high_tail,5,0.0015899407444521785,685.5,0.2527393453750672,199.5,0.35066323161662183,365.0,0.05201991074686887,718.5,8.0,393.0,-11.0,852.5,-1.0,382.0,0.0001907413723381421,361.0,494.625,62.5
TF:DWT_L3_log_energy,5,0.04479687660932541,475.5,0.17081842538321915,645.5,0.279886644175364,577.0,0.17705619932038802,239.5,0.0,701.5,-9.0,652.5,-1.0,382.0,0.0002661847482997865,284.0,494.6875,62.5
TF:WPT_adaa_var,5,0.0006014682585373521,738.0,0.23720008828361014,321.0,0.3505670444400417,368.0,0.05190186057790736,722.0,0.0,701.5,-6.0,352.5,-1.0,382.0,0.00017282198559580097,383.0,496.0,62.5
TF:DWT_L0_var,5,91.02777862548828,97.0,0.1624244553576947,676.0,0.21324194219178416,695.0,0.14121307829494611,364.0,0.0,701.5,-7.0,452.5,-1.0,382.0,7.404959303288077e-05,604.0,496.5,62.5
TIME:seg_energy_2,5,0.0029958095401525497,653.0,0.11007989063263145,809.0,0.3595906884690363,326.0,0.11658881614222534,451.0,0.0,701.5,-4.0,152.5,-1.0,382.0,0.00010906494670180389,498.0,496.625,62.5
TF:WPT_ddaa_rms,5,0.0019832616671919823,673.0,0.23311183623487933,347.0,0.3510716980362618,355.0,0.08471327629765232,576.0,18.0,383.0,-12.0,952.5,-1.0,382.0,0.0002295919174560442,316.0,498.0625,62.5
FREQ:bandP_rel_6,5,0.0015899407444521785,685.5,0.2527393453750672,199.5,0.35065787365278656,366.0,0.05201991074686887,718.5,10.0,391.0,-11.0,852.5,-1.0,382.0,0.00015832097662455926,405.0,500.0,62.5
FREQ:psd_max,5,0.0008434722549282014,723.5,0.15144785273050493,716.5,0.35098360433523457,363.0,0.1073286269417624,495.5,29.0,372.0,-10.0,752.5,-1.0,382.0,0.0004175155833065475,205.0,501.25,62.5
TF:WPT_ddad_p2p,5,0.30128219723701477,348.5,0.1754049360365824,623.5,0.20690826469465273,715.0,0.12723781914692278,412.5,0.0,701.5,-7.0,452.5,-1.0,382.0,0.00017369868813799598,382.0,502.1875,62.5
TF:WPT_aaaa_energy,5,2484791.25,12.0,0.21335701084848882,414.0,0.31708354731402677,495.0,0.11154249027587604,474.0,0.0,701.5,-12.0,952.5,-1.0,382.0,7.432611413025903e-05,603.0,504.25,62.5
FREQ:ratio_low_mid,5,2.530701160430908,209.0,0.08336473152690899,844.0,0.2785153735703698,584.0,0.061273338199039205,659.0,0.0,701.5,-5.0,252.5,-1.0,382.0,0.00014272357757729373,430.0,507.75,62.5
TF:tfband_2,5,32.889495849609375,119.0,0.14696860615012128,732.0,0.3008656717591931,540.0,0.13050715929441678,400.0,0.0,701.5,-10.0,752.5,-1.0,382.0,0.00012747185875998035,457.0,510.5,62.5
FREQ:bandP_5,5,14198241230848.0,1.0,0.2476748628570816,243.0,0.33320215937815956,443.5,0.04233219549507172,770.0,0.0,701.5,-12.0,952.5,-1.0,382.0,7.397968988432113e-05,605.0,512.3125,62.5
TF:DWT_L3_std,5,0.09888183325529099,419.5,0.18795114129587706,557.5,0.2762129658312311,586.0,0.21890322938579665,97.5,0.0,701.5,-12.0,952.5,-1.0,382.0,0.00015581601503974408,410.0,513.3125,62.5
TF:DWT_L3_rms,5,0.09901680052280426,417.5,0.18803158673007583,554.5,0.2798242401412643,579.0,0.21882903719830532,100.5,0.0,701.5,-12.0,952.5,-1.0,382.0,0.00013077079888050049,451.0,517.3125,62.5
FREQ:psd_range,5,0.0008434722549282014,723.5,0.15144785273050493,716.5,0.35098592776880455,362.0,0.1073286269417624,495.5,22.0,379.0,-10.0,752.5,-1.0,382.0,0.00021828515939364523,328.0,517.375,62.5
TF:DWT_L4_var,5,0.4703229069709778,311.0,0.22430499328548592,376.0,0.3092072661342802,517.0,0.09885707113432142,534.0,0.0,701.5,-11.0,852.5,-1.0,382.0,0.00011618133456276652,477.0,518.875,62.5
TF:WPT_adad_rms,5,0.033558622002601624,493.0,0.24103845036205526,299.0,0.34736335460671164,385.0,0.050625214037505854,730.0,0.0,701.5,-11.0,852.5,-1.0,382.0,0.00016503452685796082,393.0,529.5,62.5
TF:DWT_L5_tk_std,5,0.19814573228359222,373.0,0.20827994606222452,436.0,0.2310077310573191,665.0,0.12271302460522493,431.0,0.0,701.5,-10.0,752.5,-1.0,382.0,0.00011063566954094267,496.0,529.625,62.5
TF:DWT_L0_kurt,5,16.41216468811035,137.0,0.11780382788668682,793.0,0.16221303997956893,776.0,0.07210323234620705,624.0,0.0,701.5,-6.0,352.5,-1.0,382.0,0.00011338149603019618,485.0,531.375,62.5
FREQ:bandP_rel_3,5,0.0033077041152864695,644.0,0.14012401726269083,747.0,0.15671187172375012,786.0,0.18794564011088521,201.0,0.0,701.5,-6.0,352.5,-1.0,382.0,0.00011929938320486618,471.0,535.625,62.5
TIME:hjorth_complexity,5,0.6308522820472717,283.0,0.1788366590601349,610.0,0.3518760062154911,351.0,0.048809480255497695,744.0,0.0,701.5,-11.0,852.5,-1.0,382.0,0.0001581154523699701,406.0,541.25,62.5
TF:DWT_L5_log_energy,5,0.15116076171398163,390.0,0.20319086012344742,471.0,0.3455779790178317,393.0,0.05328927719967404,706.0,0.0,701.5,-7.0,452.5,-1.0,382.0,3.24464553176791e-05,840.0,542.0,62.5
TF:DWT_L5_std,5,0.05836907774209976,465.0,0.24139230452149074,297.0,0.3456272152526978,391.0,0.04100892341958146,784.0,0.0,701.5,-11.0,852.5,-1.0,382.0,0.00011711297685009216,475.0,543.5,62.5
FREQ:bandP_rel_2,5,0.009208375588059425,586.0,0.06572593764316198,863.0,0.2191505318611644,685.0,0.10654027568770137,499.0,0.0,701.5,-4.0,152.5,-1.0,382.0,0.00011489660909135246,480.0,543.625,62.5
FREQ:frac_high,5,0.03698934614658356,489.0,0.2341129024117831,341.0,0.34063829109369514,416.0,0.07622304283560269,611.0,0.0,701.5,-11.0,852.5,-1.0,382.0,7.246501917990963e-05,616.0,551.125,62.5
TF:DWT_L2_zcr,5,0.0031177254859358072,649.0,0.10590586085373753,813.0,0.09406301797995509,872.0,0.13416697915744655,391.0,0.0,701.5,-5.0,252.5,-1.0,382.0,0.00019184346256845934,360.0,552.625,62.5
TIME:hjorth_mobility,5,0.017313195392489433,544.5,0.2407322647710428,301.5,0.34624033359328266,389.0,0.042538865202983764,766.5,0.0,701.5,-12.0,952.5,-1.0,382.0,0.00013999297120965138,437.0,559.3125,62.5
TF:WPT_aaaa_rel_energy,5,0.03718193247914314,488.0,0.2163082915328269,400.0,0.3160407760417172,500.0,0.10790417340983154,491.0,0.0,701.5,-12.0,952.5,-1.0,382.0,7.674822692471649e-05,592.0,563.375,62.5
TF:DWT_L1_rms,5,0.6500550508499146,277.0,0.12824261360201036,775.0,0.2473142950302294,637.0,0.1257322881756476,420.0,0.0,701.5,-11.0,852.5,-1.0,382.0,0.00010879994606291455,499.0,568.0,62.5
TF:WPT_ddad_kurt,4,135.54281616210938,90.0,0.18288403084835303,590.0,0.5260839698015083,89.0,0.05665140830161479,685.0,0.0,701.5,-5.0,252.5,-1.0,382.0,0.0004328367180944049,192.0,372.75,50.0
TF:glcm_64_entropy_d4_a0,4,0.021221783012151718,530.0,0.1500692057693267,721.0,0.3332037841868223,442.0,0.26636321044543404,33.0,0.0,701.5,-3.0,52.5,-1.0,382.0,0.000804538588249793,121.0,372.875,50.0
TF:tf_fill_ratio,4,0.006486883386969566,602.0,0.21974745047498487,393.0,0.3037759507341167,531.0,0.21408380088620943,120.0,0.0,701.5,-3.0,52.5,-1.0,382.0,0.00041774727383419425,204.0,373.25,50.0
TF:WPT_adda_kurt,4,188.19337463378906,78.0,0.20670665586961465,443.0,0.646443953601914,34.0,0.046012338386247326,757.0,0.0,701.5,-8.0,552.5,-1.0,382.0,0.001252667190192824,83.0,378.875,50.0
TF:WPT_dada_kurt,4,181.2865447998047,80.0,0.20842672441961238,435.0,0.6752817897700023,26.0,0.05156681547260252,725.0,0.0,701.5,-10.0,752.5,-1.0,382.0,0.001503772059119385,71.0,396.625,50.0
TF:WPT_dadd_kurt,4,94.62895965576172,94.0,0.22073789895736942,390.0,0.6063840396985936,48.0,0.06250437637252401,648.0,0.0,701.5,-8.0,552.5,-1.0,382.0,0.00017782074462300939,377.0,399.125,50.0
TF:glcm_41_energy_d3_a0,4,0.00033872900530695915,775.0,0.19367760182327434,536.0,0.4079413323762342,262.0,0.17256133914257044,257.0,0.0,701.5,-3.0,52.5,-1.0,382.0,0.000320144551302164,247.0,401.625,50.0
TIME:d1_mean_abs,4,0.014081497676670551,558.0,0.2723033519046812,108.0,0.457771576673923,176.0,0.05777909519425193,678.0,158.0,243.0,-8.0,552.5,-1.0,382.0,9.447717370275903e-05,529.0,403.3125,50.0
TF:tf_aspect_ratio,4,1.6380233764648438,230.0,0.10304618827955762,818.0,0.5212865589488356,94.0,0.06841874755167911,632.0,0.0,701.5,-3.0,52.5,-1.0,382.0,0.00021442366622749243,332.0,405.25,50.0
TF:WPT_addd_kurt,4,108.35586547851562,92.0,0.21191284680762948,425.0,0.6164700394645517,43.0,0.05388576866452457,701.0,0.0,701.5,-10.0,752.5,-1.0,382.0,0.0006140966621939957,147.0,405.5,50.0
TF:glcm_56_energy_d3_a3,4,0.0003548316890373826,766.0,0.1976923167322349,509.0,0.412489100204132,253.0,0.17458840699452752,252.0,0.0,701.5,-3.0,52.5,-1.0,382.0,0.00019702692767028658,353.0,408.625,50.0
TF:tfband_0,4,5.684632778167725,175.0,0.19013242858017124,548.0,0.29785661946634034,542.0,0.09288090502683505,547.0,0.0,701.5,-3.0,52.5,-1.0,382.0,0.00017448533273628456,381.0,416.125,50.0
TF:WPT_dddd_abs_mean,4,0.005808585323393345,608.0,0.25309874108092595,190.0,0.42752816665653537,215.0,0.0761056493476386,613.0,104.0,297.0,-11.0,852.5,-1.0,382.0,0.00039922859382904416,209.0,420.8125,50.0
SPAT:sp_grad_energy,4,7.514953357300468e-37,965.0,2.5107687289942043e-07,960.0,0.0036262994301305973,961.0,0.3321174213341397,7.0,380.0,21.0,-3.0,52.5,-1.0,382.0,0.003975514094890472,23.0,421.4375,50.0
TF:WPT_daad_iqr,4,0.0001652153441682458,804.0,0.27683600177383105,96.0,0.4829034103816756,142.0,0.10059077800486367,525.0,225.0,176.0,-11.0,852.5,-1.0,382.0,0.00015526720945765275,412.0,423.6875,50.0
TF:glcm_1_energy_d1_a0,4,0.000349991925759241,770.0,0.1986904615352322,504.0,0.41680020817311236,245.0,0.17329022243273035,256.0,0.0,701.5,-6.0,352.5,-1.0,382.0,0.0004190110207508538,202.0,426.625,50.0
TF:WPT_daad_mad,4,4.1418421460548416e-05,839.0,0.27680713125784007,97.0,0.4974366508493553,133.0,0.10061676860271958,524.0,227.0,174.0,-11.0,852.5,-1.0,382.0,0.0001405781279688342,436.0,429.6875,50.0
TF:WPT_adad_abs_mean,4,0.02519969828426838,519.0,0.25676500104031796,168.0,0.43786578639454543,200.0,0.07301967421349191,622.0,109.0,292.0,-12.0,952.5,-1.0,382.0,0.00022165694914589925,323.0,432.3125,50.0
TF:WPT_aaaa_median,4,0.020738491788506508,531.0,0.1733534497335865,631.0,0.20776828892198784,710.0,0.1800554728269838,230.0,203.0,198.0,-4.0,152.5,-1.0,382.0,6.595005756229196e-05,633.0,433.4375,50.0
TF:WPT_dada_abs_mean,4,0.0009698595385998487,713.0,0.27159114104936444,111.0,0.4420121768308962,192.0,0.05756262800391159,680.0,141.0,260.0,-11.0,852.5,-1.0,382.0,0.00025266356077133494,297.0,435.9375,50.0
TF:glcm_46_energy_d3_a1,4,0.0003547343658283353,767.0,0.19749456971668145,511.0,0.41280063417592494,252.0,0.17443893683610126,253.0,0.0,701.5,-6.0,352.5,-1.0,382.0,0.00026532972459200984,285.0,438.0,50.0
TF:glcm_77_homogeneity_d4_a3,4,0.0004107658169232309,755.0,0.13911705370660662,750.0,0.2928695606405691,550.0,0.19222608582564296,187.0,0.0,701.5,-3.0,52.5,-1.0,382.0,0.0006231005307170702,146.0,440.5,50.0
TF:hog_b14,4,5.748906551161781e-05,826.0,0.1978565499816148,507.0,0.3091565415745303,518.0,0.20263403489122622,156.0,46.0,355.0,-6.0,352.5,-1.0,382.0,0.00013037248378314556,452.0,443.5625,50.0
TF:WPT_addd_abs_mean,4,0.06329213827848434,458.0,0.2654622100500807,135.0,0.43761690814794907,201.0,0.06278705998085712,647.0,137.0,264.0,-12.0,952.5,-1.0,382.0,0.00010151765638627905,510.0,443.6875,50.0
TIME:autocorr_first_zero,4,372.8474426269531,71.0,0.18546228506643403,570.0,0.24137851502688656,648.0,0.11504913690476196,458.0,0.0,701.5,-4.0,152.5,-1.0,382.0,7.621030968508131e-05,593.0,447.0,50.0
TF:WPT_ddad_log_energy,4,0.21564626693725586,369.0,0.1977398603682747,508.0,0.35706735413701285,340.0,0.0749892406812885,617.0,0.0,701.5,-6.0,352.5,-1.0,382.0,0.00023390111805470632,312.0,447.75,50.0
TF:glcm_21_energy_d2_a0,4,0.00034637440694496036,772.0,0.19636860456399516,517.0,0.4128941829013595,250.0,0.17216564877969276,260.0,0.0,701.5,-6.0,352.5,-1.0,382.0,0.00019237892633059886,359.0,449.25,50.0
TF:WPT_ddad_var,4,0.0010984946275129914,710.0,0.24905278032614867,235.0,0.3512469193372203,354.0,0.06021491424251282,667.0,30.0,371.0,-8.0,552.5,-1.0,382.0,0.00021161811430004882,335.0,450.8125,50.0
TF:Ef_rolloff95,4,122335.8203125,31.0,0.18728987940125286,562.0,0.3721098921833783,302.0,0.06526399267399267,639.0,0.0,701.5,-8.0,552.5,-1.0,382.0,0.00012609862947738867,459.0,453.625,50.0
TF:Ef_spread,4,10195.4794921875,52.0,0.19410433402428195,532.0,0.3992545775429446,276.0,0.08336607209119096,579.0,0.0,701.5,-10.0,752.5,-1.0,382.0,0.00018774942338835714,365.0,455.0,50.0
TF:glcm_61_energy_d4_a0,4,0.0003339665709063411,776.0,0.19389925838545174,535.0,0.40833865099263944,261.0,0.17513677194450541,249.0,0.0,701.5,-6.0,352.5,-1.0,382.0,0.00017258495709232395,384.0,455.125,50.0
FREQ:hist_b28,4,0.0018841576529666781,678.0,0.184617533938605,580.0,0.30790902718992497,524.0,0.2098067050357606,137.0,0.0,701.5,-4.0,152.5,-1.0,382.0,0.00011202641276835278,490.0,455.625,50.0
TF:mod10_entropy,4,0.00988736841827631,584.0,0.22487291105543927,372.0,0.18817282368538013,733.0,0.0761224621856799,612.0,122.0,279.0,-4.0,152.5,-1.0,382.0,9.192710115303047e-05,535.0,456.1875,50.0
TF:WPT_addd_energy,4,54222.359375,34.0,0.25447396178437104,180.0,0.3481355311993375,378.0,0.04227512632898856,771.0,0.0,701.5,-10.0,752.5,-1.0,382.0,0.00011611770816188906,478.0,459.625,50.0
TF:Ef_rolloff99,4,62400.30078125,33.0,0.17127752559639012,641.0,0.36626718735003916,311.0,0.05733419999999997,683.0,0.0,701.5,-6.0,352.5,-1.0,382.0,7.365627253453881e-05,608.0,464.0,50.0
TF:glcm_69_entropy_d4_a1,4,0.016901763156056404,549.0,0.0969202977125236,825.0,0.2663571756524141,603.0,0.2267613849822926,79.0,0.0,701.5,-6.0,352.5,-1.0,382.0,0.00035593778681544994,224.0,464.5,50.0
TF:DWT_L6_range,4,0.173117533326149,378.5,0.19718488766233008,513.5,0.22360350957869235,681.0,0.18995924456387378,194.5,53.0,348.0,-9.0,652.5,-1.0,382.0,8.34924828253763e-05,571.0,465.125,50.0
TF:WPT_aaad_rel_energy,4,0.0033171330578625202,643.0,0.19364019170845612,537.0,0.269078819748934,599.0,0.23149184151832913,70.0,99.0,302.0,-11.0,852.5,-1.0,382.0,0.00016362339972586886,396.0,472.6875,50.0
TF:DWT_L1_p2p,4,52.923580169677734,107.5,0.26337173344223813,144.5,0.32899322928158803,456.0,0.08911193655995135,557.5,85.0,316.0,-9.0,652.5,-14.0,796.0,4.0689081621544765e-05,760.0,473.75,50.0
TF:tfband_1,4,8.796407699584961,160.0,0.184761079529518,577.0,0.2936548705015065,549.0,0.11810164478015713,446.0,0.0,701.5,-6.0,352.5,-1.0,382.0,6.811105346824491e-05,629.0,474.625,50.0
TF:WPT_low_high_ratio,4,699221.9375,15.0,0.13541729915376555,756.0,0.3577474414802393,335.0,0.022477363332075933,877.0,0.0,701.5,-6.0,352.5,-1.0,382.0,0.00016742257435945003,388.0,475.875,50.0
TF:DWT_L1_range,4,52.923580169677734,107.5,0.26337173344223813,144.5,0.32897121532497886,457.0,0.08911193655995135,557.5,87.0,314.0,-9.0,652.5,-11.0,793.0,3.4756818300238046e-05,814.0,480.0,50.0
TF:glcm_7_homogeneity_d1_a1,4,0.00021729979198426008,798.5,0.23635633288187027,328.5,0.3026799911240734,534.0,0.12010334484331077,441.5,0.0,701.5,-6.0,352.5,-1.0,382.0,0.0002448948709487966,303.0,480.1875,50.0
TF:DWT_L6_p2p,4,0.173117533326149,378.5,0.19718488766233008,513.5,0.22363180619223844,680.0,0.18995924456387378,194.5,39.0,362.0,-9.0,652.5,-1.0,382.0,5.7004124196419017e-05,680.0,480.375,50.0
FREQ:mag_mean,4,45.941802978515625,110.0,0.1676193907941532,656.0,0.3090569114971169,520.0,0.11993205194066668,443.0,0.0,701.5,-9.0,652.5,-1.0,382.0,0.0001711279324801715,386.0,481.375,50.0
TF:DWT_L4_energy,4,499901.9375,17.0,0.2243511324448604,375.0,0.3210358226012926,483.0,0.09876956140256371,535.0,0.0,701.5,-11.0,852.5,-1.0,382.0,0.00010063492135041451,513.0,482.375,50.0
SPAT:sp_q50,4,0.2435864359140396,363.0,0.10578270099956004,814.0,0.05706000688762858,902.0,0.08476333333333419,572.0,48.0,353.0,-3.0,52.5,-1.0,382.0,0.00014757829862463746,423.0,482.6875,50.0
TF:WPT_ddad_tk_std,4,0.0033357266802340746,642.0,0.2064797746451882,445.0,0.2442700311770163,645.0,0.08370574971077903,578.0,0.0,701.5,-3.0,52.5,-1.0,382.0,0.00014884814599200162,421.0,483.375,50.0
FREQ:mag_std,4,12.201340675354004,145.0,0.18940112072721424,550.0,0.30899093285902746,521.0,0.1227233275168222,430.0,0.0,701.5,-9.0,652.5,-1.0,382.0,0.00011298146144601774,487.0,483.625,50.0
TF:das_low_high_ratio,4,16.761808395385742,136.0,0.11435079005867459,800.0,0.3433088748636659,406.0,0.019833521175580855,885.0,0.0,701.5,-5.0,252.5,-1.0,382.0,0.00023391348327691556,311.0,484.25,50.0
TF:DWT_L0_tk_mean,4,184.75491333007812,79.0,0.18625278078613614,565.0,0.290839846756612,552.0,0.13041268878048837,402.0,0.0,701.5,-8.0,552.5,-1.0,382.0,6.322029036795911e-05,650.0,485.5,50.0
TF:glcm_27_homogeneity_d2_a1,4,0.00021729979198426008,798.5,0.23635633288187027,328.5,0.3026484117929389,535.0,0.12010334484331077,441.5,0.0,701.5,-6.0,352.5,-1.0,382.0,0.0002021882298912569,348.0,485.9375,50.0
TF:WPT_ddaa_std,4,0.001981180626899004,674.0,0.23310976258890762,348.0,0.3551694034037691,344.0,0.08472390257755717,573.0,16.0,385.0,-12.0,952.5,-1.0,382.0,0.000343265262987461,233.0,486.4375,50.0
TF:lbp_b28,4,3.7420529679366155e-06,883.0,0.20507301575261405,454.0,0.28055036596753036,574.0,0.17059510461494318,264.0,123.0,278.0,-9.0,652.5,-1.0,382.0,0.00015832837439266385,404.0,486.4375,50.0
TF:WPT_aaaa_abs_mean,4,0.16790170967578888,380.0,0.18465756808977737,578.0,0.2363961092455189,655.0,0.21495198217949651,114.0,0.0,701.5,-10.0,752.5,-1.0,382.0,0.00021037644885424681,338.0,487.625,50.0
TF:Ef_iqr,4,0.012998719699680805,567.5,0.25007997455399616,227.0,0.34150762671004253,414.0,0.056029637470474,690.0,0.0,701.5,-8.0,552.5,-1.0,382.0,0.00017868325583832894,374.0,488.5625,50.0
TF:WPT_aada_max,4,2.351933240890503,213.0,0.165770806658616,660.0,0.15137765777168077,793.0,0.12741324513963737,410.0,0.0,701.5,-5.0,252.5,-1.0,382.0,0.00010547671689989587,505.0,489.625,50.0
TF:DWT_L0_tk_std,4,931.1439819335938,64.0,0.22363045662851888,382.0,0.30214768861023167,536.0,0.10324044179297927,516.0,0.0,701.5,-9.0,652.5,-1.0,382.0,5.1975416155928155e-05,697.0,491.375,50.0
TF:DWT_L5_energy,4,457822.65625,18.0,0.2532786346635815,187.0,0.34544075566045995,395.0,0.033950477073301726,823.0,0.0,701.5,-12.0,952.5,-1.0,382.0,9.997652876626623e-05,514.0,496.625,50.0
TF:WPT_aaad_rms,4,0.09901680052280426,417.5,0.18803158673007583,554.5,0.2798051440660183,581.0,0.21882903719830532,100.5,0.0,701.5,-12.0,952.5,-1.0,382.0,0.0002522073694163021,298.0,498.4375,50.0
TF:WPT_ddad_rel_energy,4,4.169016847299645e-06,881.0,0.24850764014786755,239.0,0.354952541141242,346.0,0.06021416173210922,668.0,21.0,380.0,-8.0,552.5,-1.0,382.0,8.958661881861272e-05,544.0,499.0625,50.0
TF:WPT_ddaa_tk_std,4,0.00022920798801351339,793.0,0.2058046485054519,451.0,0.27217492110515984,595.0,0.07221554523211869,623.0,0.0,701.5,-4.0,152.5,-1.0,382.0,0.0002547475605938572,295.0,499.125,50.0
TF:WPT_aaad_log_energy,4,0.04479687660932541,475.5,0.17081842538321915,645.5,0.2799736907000181,576.0,0.17705619932038802,239.5,0.0,701.5,-9.0,652.5,-1.0,382.0,0.00018963795441463363,363.0,504.4375,50.0
TF:WPT_addd_var,4,0.20159871876239777,371.0,0.2544750465507075,179.0,0.3441971774747947,403.0,0.04223768483751406,772.0,0.0,701.5,-10.0,752.5,-1.0,382.0,0.0001119873581973527,491.0,506.5,50.0
TF:WPT_band_spread,4,0.29871469736099243,352.0,0.22137061191236465,389.0,0.36897487763417347,304.0,0.05925810522694088,675.0,0.0,701.5,-10.0,752.5,-1.0,382.0,0.00010837555232459675,501.0,507.125,50.0
TF:WPT_addd_log_energy,4,0.1601315438747406,386.0,0.20733422385282474,440.0,0.3480148149867377,379.0,0.05230846005289383,715.0,0.0,701.5,-9.0,652.5,-1.0,382.0,0.00014996291835251752,419.0,509.375,50.0
FREQ:bandP_0,4,14108018606080.0,2.0,0.1799462166588378,602.0,0.2611827291511175,612.0,0.11515939966540426,456.0,0.0,701.5,-10.0,752.5,-1.0,382.0,7.46842618537391e-05,599.0,513.375,50.0
TF:WPT_aaad_std,4,0.09888183325529099,419.5,0.18795114129587706,557.5,0.27615245891839146,587.0,0.21890322938579665,97.5,0.0,701.5,-12.0,952.5,-1.0,382.0,0.00015124242859582395,418.0,514.4375,50.0
TF:WPT_aaaa_var,4,9.263069152832031,158.0,0.21341688380384724,413.0,0.315521793320126,502.0,0.11151617860876671,475.0,0.0,701.5,-12.0,952.5,-1.0,382.0,8.97673672230236e-05,542.0,515.75,50.0
TF:WPT_aada_tk_std,4,2.256556749343872,217.0,0.1708754702059864,644.0,0.21953000052801697,684.0,0.1396809075494506,372.0,0.0,701.5,-7.0,452.5,-1.0,382.0,5.808421219804534e-05,676.0,516.125,50.0
FREQ:frac_mid,4,0.013234400190412998,566.0,0.07531000312201648,854.0,0.20109985157610444,719.0,0.155590891963185,320.0,0.0,701.5,-3.0,52.5,-1.0,382.0,8.673320164637576e-05,557.0,519.0,50.0
TF:WPT_adad_var,4,0.03004654496908188,506.0,0.25018407019983707,224.0,0.35735840943626496,337.0,0.05292883437084266,708.0,0.0,701.5,-11.0,852.5,-1.0,382.0,0.0001203091019109985,469.0,522.5,50.0
TF:DWT_L1_energy,4,511934.90625,16.0,0.09181446776038599,834.0,0.24731187080909933,638.0,0.10305514928078303,519.0,0.0,701.5,-7.0,452.5,-1.0,382.0,6.486240144867013e-05,638.0,522.625,50.0
TF:WPT_dddd_var,4,0.0014955084770917892,691.0,0.2530961789669233,191.0,0.3634458501847768,320.0,0.04954007788938895,736.0,0.0,701.5,-10.0,752.5,-1.0,382.0,0.0001475796298480753,422.0,524.5,50.0
TF:WPT_adaa_tk_mean,4,0.0003647236153483391,761.0,0.23533971987163063,332.0,0.342781310271814,407.0,0.0573077962301914,684.0,0.0,701.5,-6.0,352.5,-1.0,382.0,7.799989567844145e-05,591.0,526.375,50.0
TF:DWT_L6_tk_std,4,0.0003395745006855577,774.0,0.2037450309509556,465.0,0.23526661683607752,658.0,0.14408262483515577,355.0,0.0,701.5,-6.0,352.5,-1.0,382.0,9.390793286723922e-05,531.0,527.375,50.0
TF:DWT_L6_max,4,0.044687576591968536,477.0,0.18353849775726347,587.0,0.18973240480671416,730.0,0.15789272809246568,311.0,0.0,701.5,-6.0,352.5,-1.0,382.0,5.134168330272251e-05,701.0,530.25,50.0
TF:WPT_adaa_rel_energy,4,2.2164444999361876e-06,897.0,0.2390876873349629,310.0,0.34884146603596244,377.0,0.053444729854784954,702.0,0.0,701.5,-6.0,352.5,-1.0,382.0,9.518744607083363e-05,525.0,530.875,50.0
TF:WPT_aada_var,4,0.5083659291267395,305.0,0.24450217379109596,270.0,0.3184711204378532,491.0,0.048318300747112505,748.0,0.0,701.5,-10.0,752.5,-1.0,382.0,7.052719727541264e-05,623.0,534.125,50.0
TF:WPT_adaa_std,4,0.005061456933617592,618.0,0.2372551496539506,319.0,0.3505136297065339,369.0,0.06188545066585716,654.0,0.0,701.5,-10.0,752.5,-1.0,382.0,0.00011280905693865275,488.0,535.5,50.0
TF:WPT_adad_std,4,0.03344567492604256,494.0,0.24104238898223165,298.0,0.35738581583184725,336.0,0.050607275832557135,731.0,0.0,701.5,-11.0,852.5,-1.0,382.0,0.00010759250743458901,502.0,537.125,50.0
TF:DWT_L5_tk_mean,4,0.0983523577451706,423.0,0.2545841785485404,178.0,0.3517103005354203,352.0,0.0411919821363287,782.0,0.0,701.5,-11.0,852.5,-1.0,382.0,6.909949208080015e-05,627.0,537.25,50.0
TF:DWT_L2_log_energy,4,0.027556903660297394,514.0,0.11199378042667717,807.0,0.1260935363872031,827.0,0.13334636872168992,394.0,0.0,701.5,-4.0,152.5,-1.0,382.0,9.167281907494186e-05,536.0,539.25,50.0
TIME:seg_energy_1,4,0.003054352942854166,652.0,0.14627018171774506,736.0,0.3734789877281113,300.0,0.12623496427290049,417.0,0.0,701.5,-9.0,652.5,-1.0,382.0,0.00011693636244507544,476.0,539.625,50.0
TF:WPT_aaaa_std,4,0.2994469404220581,350.0,0.22173028462172215,386.0,0.3155728939110687,501.0,0.10352995034037178,515.0,0.0,701.5,-12.0,952.5,-1.0,382.0,8.855546523100644e-05,546.0,541.75,50.0
TF:DWT_L6_rms,4,0.0025088784750550985,660.0,0.24345726236817455,281.0,0.3590261443310787,331.0,0.047937083871719216,750.0,0.0,701.5,-12.0,952.5,-1.0,382.0,0.00026808478600730783,281.0,542.375,50.0
TF:DWT_L4_rms,4,0.09879226982593536,421.0,0.20384463896779548,463.0,0.3209865996069752,484.0,0.10302110100562599,520.0,0.0,701.5,-11.0,852.5,-1.0,382.0,9.97580498166368e-05,516.0,542.5,50.0
TF:DWT_L1_max,4,17.053556442260742,135.0,0.23463083896333156,337.0,0.24771771558064382,634.0,0.05825556840188524,676.0,0.0,701.5,-5.0,252.5,-56.0,838.5,4.021057313416997e-05,766.0,542.5625,50.0
TF:WPT_ddda_log_energy,4,0.16304859519004822,382.0,0.19928936954066348,499.0,0.3280324148298259,465.0,0.05248986564673982,711.0,0.0,701.5,-8.0,552.5,-1.0,382.0,6.165854052246935e-05,657.0,543.75,50.0
TF:DWT_L6_tk_mean,4,0.0002323172811884433,792.0,0.25406867930573596,181.0,0.3547089087347004,347.0,0.041530592824206576,781.0,0.0,701.5,-11.0,852.5,-1.0,382.0,0.00023096884998132113,314.0,543.875,50.0
TIME:hist_b12,4,0.0002619938750285655,788.0,0.18778302519583165,560.0,0.3094962294110397,513.0,0.11180689176179319,473.0,66.0,335.0,-7.0,452.5,-1.0,382.0,3.110098818356518e-05,852.0,544.4375,50.0
TIME:autocorr_lag10,4,0.04233840852975845,479.0,0.18413919534473808,584.0,0.2910006720132756,551.0,0.1773151965761717,237.0,0.0,701.5,-11.0,852.5,-1.0,382.0,7.856292367994073e-05,585.0,546.5,50.0
TF:DWT_L5_var,4,0.10862105339765549,408.0,0.2532786664962586,186.0,0.34557881050425676,392.0,0.03394767183096933,824.0,0.0,701.5,-12.0,952.5,-1.0,382.0,9.466271106418585e-05,527.0,546.625,50.0
TF:WPT_aaaa_tk_max,4,19255.796875,45.0,0.2010952886902981,484.0,0.3509874781826441,361.0,0.05178518889291426,724.0,0.0,701.5,-7.0,452.5,-2.0,774.0,3.192489459210734e-05,844.0,548.25,50.0
FREQ:ratio_mid_high,4,8.583808898925781,162.0,0.08080642082272736,846.0,0.3105051162492356,511.0,0.026479545152347437,863.0,0.0,701.5,-6.0,352.5,-1.0,382.0,8.309775718456324e-05,573.0,548.875,50.0
TF:WPT_aaaa_rms,4,0.29930442571640015,351.0,0.22166710408114354,387.0,0.31702868978763776,497.0,0.10359111236721125,514.0,0.0,701.5,-12.0,952.5,-1.0,382.0,7.368032483238067e-05,607.0,549.0,50.0
TF:WPT_ddda_max,4,0.048475880175828934,472.0,0.1539344910920141,706.0,0.145658308085876,802.0,0.10748887554242316,493.0,0.0,701.5,-4.0,152.5,-1.0,382.0,5.394800992104405e-05,687.0,549.5,50.0
TF:WPT_aaaa_log_energy,4,0.031897589564323425,501.0,0.22626494835122637,369.0,0.316997507388983,498.0,0.09432671256501718,544.0,0.0,701.5,-11.0,852.5,-1.0,382.0,8.768433918830739e-05,551.0,549.875,50.0
TF:WPT_ddda_tk_max,4,0.12271910905838013,403.0,0.15270943149659907,709.0,0.16881850059781645,762.0,0.09051675037555751,550.0,0.0,701.5,-7.0,452.5,-1.0,382.0,0.00011957719184854081,470.0,553.75,50.0
TF:WPT_adaa_log_energy,4,0.22330671548843384,366.0,0.20868406263219255,434.0,0.34193240586933227,410.0,0.07838358159028908,597.0,0.0,701.5,-10.0,752.5,-1.0,382.0,3.778971541792021e-05,794.0,554.625,50.0
TF:WPT_aada_std,4,0.11679638177156448,407.0,0.2283111334683006,362.0,0.31860318897642337,489.0,0.061020770023162384,660.0,0.0,701.5,-11.0,852.5,-1.0,382.0,7.800174111360519e-05,590.0,555.5,50.0
TF:DWT_L1_tk_max,4,14928.1474609375,48.0,0.2294675980090374,357.0,0.31806552621586626,494.0,0.05568832912419353,692.0,0.0,701.5,-10.0,752.5,-26.0,808.5,7.344999332534709e-05,610.0,557.9375,50.0
TF:WPT_dddd_std,4,0.007542290259152651,595.0,0.24240444068930686,289.0,0.3634249001377188,321.0,0.04853147520656576,746.0,0.0,701.5,-12.0,952.5,-1.0,382.0,0.00011579614259559735,479.0,558.25,50.0
TF:DWT_L0_std,4,1.3451975584030151,236.0,0.17092253023903747,643.0,0.21322351353342484,696.0,0.15677455926872513,315.0,0.0,701.5,-11.0,852.5,-1.0,382.0,6.37640224473667e-05,646.0,559.0,50.0
TF:DWT_L4_std,4,0.09869126230478287,422.0,0.2037994126067367,464.0,0.3092511570243701,516.0,0.10308556801054575,517.0,0.0,701.5,-11.0,852.5,-1.0,382.0,7.091271264168926e-05,620.0,559.375,50.0
TF:WPT_aada_rms,4,0.11703033745288849,406.0,0.22832966911954944,361.0,0.3183017693448895,492.0,0.06088739134810251,661.0,0.0,701.5,-11.0,852.5,-1.0,382.0,6.443177543954755e-05,640.0,562.0,50.0
TF:DWT_L0_entropy,4,0.40454715490341187,321.0,0.12803206966288447,777.0,0.2100470368053351,703.0,0.14122293461047272,363.0,0.0,701.5,-9.0,652.5,-1.0,382.0,7.270549138289195e-05,614.0,564.25,50.0
TIME:autocorr_lag1,4,0.0031278713140636683,647.5,0.2532624961594013,188.5,0.3444501278271703,401.0,0.035585050686361856,811.5,0.0,701.5,-12.0,952.5,-1.0,382.0,0.00013470630781149874,445.0,566.1875,50.0
TIME:d1_std,4,0.017313195392489433,544.5,0.2407322647710428,301.5,0.3462640103767902,388.0,0.042538865202983764,766.5,0.0,701.5,-12.0,952.5,-1.0,382.0,0.0001112101797370995,495.0,566.4375,50.0
TF:WPT_ddda_energy,4,67.34178161621094,106.0,0.246717386888652,251.0,0.3278738713152798,468.0,0.02987762754455224,849.0,0.0,701.5,-12.0,952.5,-1.0,382.0,3.36461315173491e-05,827.0,567.125,50.0
TF:DWT_L2_energy,4,177434.921875,25.0,0.1129773962435755,805.0,0.12617612804213518,826.0,0.139677376195944,373.0,0.0,701.5,-11.0,852.5,-1.0,382.0,8.265801546271758e-05,575.0,567.5,50.0
TF:DWT_L2_tk_mean,4,3.16579532623291,191.0,0.06815168337484279,860.0,0.1201682166076905,836.0,0.14356286047044475,356.0,0.0,701.5,-8.0,552.5,-1.0,382.0,6.005515912431805e-05,667.0,568.25,50.0
TF:WPT_aaaa_skew,4,0.3354526460170746,332.0,0.1504517793502187,720.0,0.20447664496901252,718.0,0.12213945267368817,434.0,0.0,701.5,-7.0,452.5,-1.0,382.0,3.5591419805669555e-05,808.0,568.5,50.0
TF:DWT_L1_log_energy,4,0.0590696819126606,462.0,0.1589987925744126,688.0,0.24736061052864722,635.0,0.13354617911325709,393.0,0.0,701.5,-10.0,752.5,-1.0,382.0,8.986772794522405e-05,541.0,569.375,50.0
TF:DWT_L0_p2p,4,94.09048461914062,95.5,0.2200553454990309,391.5,0.22754666067474982,672.0,0.1227666396531607,428.5,0.0,701.5,-10.0,752.5,-2.0,774.0,4.239056121836073e-05,751.0,570.8125,50.0
TF:DWT_L0_rms,4,1.3536009788513184,235.0,0.16915419908279747,651.0,0.20730887335448633,713.0,0.15571008393578756,319.0,0.0,701.5,-11.0,852.5,-1.0,382.0,4.757428452276475e-05,722.0,572.0,50.0
FREQ:peak2_freq,4,36230.2734375,39.0,0.1280342000337741,776.0,0.2059476647107097,716.0,0.041755132466281396,776.0,0.0,701.5,-7.0,452.5,-1.0,382.0,4.150545365659055e-05,755.0,574.75,50.0
TF:DWT_L5_rms,4,0.05836952477693558,464.0,0.24139232413692477,296.0,0.3455376234947303,394.0,0.041009040022101824,783.0,0.0,701.5,-11.0,852.5,-1.0,382.0,4.475568805511925e-05,732.0,575.625,50.0
TF:DWT_L0_range,4,94.09048461914062,95.5,0.2200553454990309,391.5,0.22753348074713164,673.0,0.1227666396531607,428.5,0.0,701.5,-10.0,752.5,-5.0,787.5,3.832926416478041e-05,791.0,577.625,50.0
TF:DWT_L1_std,4,0.6494758725166321,278.0,0.12772366979368946,778.0,0.23866323104250808,651.0,0.12588158121355528,419.0,0.0,701.5,-11.0,852.5,-1.0,382.0,8.060141410668289e-05,580.0,580.25,50.0
TF:DWT_L2_rms,4,0.14526963233947754,396.0,0.1132694783853022,803.0,0.1262423123945724,824.0,0.14083061321275464,365.0,0.0,701.5,-9.0,652.5,-1.0,382.0,8.777776751414531e-05,550.0,584.25,50.0
FREQ:bandP_rel_5,4,0.012610571458935738,570.0,0.24767486131892524,244.0,0.33320215937815956,443.5,0.042332196967099174,769.0,0.0,701.5,-12.0,952.5,-1.0,382.0,7.058723984023282e-05,622.0,585.5625,50.0
TF:DWT_L0_max,4,33.24590301513672,118.0,0.2003870297669914,486.0,0.19660290568735972,722.0,0.0842598551617996,577.0,0.0,701.5,-7.0,452.5,-32.0,814.5,3.294518212111148e-05,835.0,588.3125,50.0
TF:DWT_L2_std,4,0.14501698315143585,397.0,0.11333247451564528,802.0,0.11938160957629718,838.0,0.14134558680434275,361.0,0.0,701.5,-9.0,652.5,-1.0,382.0,7.457422097048287e-05,602.0,592.0,50.0
TF:DWT_L0_log_energy,4,0.07621750980615616,450.0,0.17569523951988117,621.0,0.2073900551428065,711.0,0.14008244879799933,369.0,0.0,701.5,-10.0,752.5,-1.0,382.0,3.446294699372705e-05,818.0,600.625,50.0
TF:DWT_L2_var,4,2.5731189250946045,208.0,0.11301720178478984,804.0,0.11951180334745626,837.0,0.1398883886231921,371.0,0.0,701.5,-11.0,852.5,-1.0,382.0,6.330436212225982e-05,649.0,600.625,50.0
TF:WPT_ddda_var,4,0.0002504626754671335,790.0,0.24669819343295266,252.0,0.333651460754937,438.0,0.029886454963942898,848.0,0.0,701.5,-12.0,952.5,-1.0,382.0,0.00011721178712362233,474.0,604.75,50.0
TF:glcm_62_homogeneity_d4_a0,3,0.0006358532700687647,736.0,0.17709969887887142,617.0,0.27246630256363513,594.0,0.24536946828942585,49.0,0.0,701.5,-3.0,52.5,-1.0,382.0,0.0006723766298268323,137.0,408.625,37.5
TF:tf_freq_time_var_ratio,3,208.26560974121094,76.0,0.13425452283044728,761.0,0.5669151812789197,68.0,0.043672475066251215,762.0,0.0,701.5,-9.0,652.5,-1.0,382.0,0.0015971840639335693,63.0,433.25,37.5
TF:glcm_34_entropy_d2_a2,3,0.014843168668448925,554.0,0.17218342809344409,638.0,0.2585751943748438,617.0,0.178853374697486,234.0,0.0,701.5,-3.0,52.5,-1.0,382.0,0.00024571330011031165,302.0,435.125,37.5
TF:glcm_67_homogeneity_d4_a1,3,0.00041192356729879975,754.0,0.1534157808090658,707.0,0.28844282202236915,555.0,0.2030433841652971,155.0,0.0,701.5,-3.0,52.5,-1.0,382.0,0.00048709592952884837,175.0,435.25,37.5
SPAT:st_anisotropy,3,0.0011034264462068677,709.0,0.166759584105971,657.0,0.2576559115918253,620.0,0.20879258475311008,138.0,0.0,701.5,-3.0,52.5,-1.0,382.0,0.0002876656811501552,271.0,441.375,37.5
TF:glcm_44_entropy_d3_a0,3,0.017815783619880676,541.0,0.11983974230847523,788.0,0.28158827190952973,572.0,0.24413828785526484,50.0,0.0,701.5,-6.0,352.5,-1.0,382.0,0.000544051279474306,161.0,443.5,37.5
TF:glcm_57_homogeneity_d3_a3,3,0.0003109530371148139,779.0,0.1740588667108821,629.0,0.29367085575231666,548.0,0.16353343576163148,293.0,0.0,701.5,-3.0,52.5,-1.0,382.0,0.00037561479080367317,215.0,450.0,37.5
TF:glcm_42_homogeneity_d3_a0,3,0.000492316554300487,745.0,0.16404231004885614,669.0,0.27157136514401525,596.0,0.2143639314388376,116.0,0.0,701.5,-5.0,252.5,-1.0,382.0,0.00045799851582432123,182.0,455.5,37.5
TF:glcm_47_homogeneity_d3_a1,3,0.0003099460154771805,780.0,0.16416863562965453,668.0,0.30175407347689465,538.0,0.17369032306190316,254.0,0.0,701.5,-4.0,152.5,-1.0,382.0,0.0004918237442549735,172.0,456.0,37.5
TF:tf_bbox_extent,3,0.010407238267362118,581.0,0.18582345179397455,567.0,0.45256910580904686,182.0,0.12614498042504063,418.0,0.0,701.5,-4.0,152.5,-1.0,382.0,4.5880928224074956e-05,728.0,464.0,37.5
TF:tf_elongation,3,1.5781314373016357,231.0,0.12247432288030143,782.0,0.4669886545291271,165.0,0.07948344780772912,593.0,0.0,701.5,-5.0,252.5,-1.0,382.0,6.031041411350444e-05,665.0,471.5,37.5
TF:WPT_adad_tk_mean,3,0.030426977202296257,505.0,0.2497619493526598,228.0,0.3539380719079621,349.0,0.05571500545640974,691.0,0.0,701.5,-8.0,552.5,-1.0,382.0,0.00016283713259496386,398.0,475.875,37.5
TF:WPT_dddd_energy,3,403.0898742675781,68.0,0.25309432135082033,192.0,0.3647933386993625,316.0,0.04948634576846751,737.0,0.0,701.5,-10.0,752.5,-1.0,382.0,4.839279861871262e-05,720.0,483.625,37.5
TF:glcm_79_entropy_d4_a3,3,0.016760513186454773,550.0,0.09273312885477891,830.0,0.26054287556184397,613.0,0.22425619774657907,85.0,0.0,701.5,-8.0,552.5,-1.0,382.0,0.0004287077828221769,195.0,488.625,37.5
TF:WPT_daad_kurt,3,83.72207641601562,99.0,0.20645168175735817,446.0,0.4154835183888581,247.0,0.05024603166517839,734.0,0.0,701.5,-9.0,652.5,-1.0,382.0,5.9876164867852376e-05,669.0,491.375,37.5
TF:DWT_L5_tk_max,3,48.712738037109375,109.0,0.1875158385305856,561.0,0.19476982321621783,723.0,0.10404005659774215,509.0,77.0,324.0,-9.0,652.5,-1.0,382.0,5.231641095753913e-05,696.0,494.5625,37.5
TF:WPT_aadd_energy,3,140876.890625,27.0,0.18436132759887747,583.0,0.2835325193696314,566.0,0.15365989030832353,328.0,0.0,701.5,-11.0,852.5,-1.0,382.0,9.618850403123195e-05,522.0,495.25,37.5
SPAT:sp_q25,3,0.0865267738699913,443.0,0.18377463362913113,585.0,0.11716778998768484,843.0,0.08266999999999794,583.0,154.0,247.0,-3.0,52.5,-1.0,382.0,3.2197157968398335e-05,843.0,497.3125,37.5
TF:WPT_dadd_energy,3,1.5629111528396606,232.0,0.25277030076261525,195.0,0.32780432522795255,470.0,0.03679522084857238,802.0,0.0,701.5,-8.0,552.5,-1.0,382.0,6.345822869733776e-05,648.0,497.875,37.5
TF:Ef_n_peaks,3,42.754024505615234,113.0,0.21525403551360256,403.0,0.31085308906140297,509.0,0.0819296875,584.0,0.0,701.5,-3.0,52.5,-2.0,774.0,3.154428408241027e-05,849.0,498.25,37.5
TIME:hist_b4,3,0.010271050967276096,582.0,0.1597225149276812,686.0,0.2865247375218689,558.0,0.15830461993060088,308.0,0.0,701.5,-4.0,152.5,-1.0,382.0,6.668018045086308e-05,630.0,500.0,37.5
TF:WPT_daad_abs_mean,3,4.6960176405264065e-05,832.0,0.26609341764161826,129.0,0.425288780354792,222.0,0.05640685117170323,687.0,126.0,275.0,-12.0,952.5,-1.0,382.0,9.621026946095621e-05,521.0,500.0625,37.5
TF:WPT_aada_tk_max,3,395.6384582519531,70.0,0.16511761942895306,661.0,0.19254609291068148,727.0,0.10189825255908042,521.0,0.0,701.5,-5.0,252.5,-1.0,382.0,5.2959290881368904e-05,693.0,501.0,37.5
TF:WPT_aadd_tk_max,3,822.1688842773438,65.0,0.17626714847208233,618.0,0.28383226752827007,562.0,0.11050233472232125,479.0,0.0,701.5,-9.0,652.5,-1.0,382.0,8.68454887940721e-05,555.0,501.875,37.5
TF:hog_b10,3,2.872708319046069e-05,846.0,0.19990362808339257,495.0,0.2357886901967574,657.0,0.1511385273132209,337.0,0.0,701.5,-3.0,52.5,-1.0,382.0,8.717292296957532e-05,553.0,503.0,37.5
TF:WPT_daaa_abs_mean,3,3.2519299111299915e-06,885.0,0.26551424646009114,134.0,0.4112469300795003,255.0,0.05990806005135975,672.0,120.0,281.0,-10.0,752.5,-1.0,382.0,5.835258001470739e-05,674.0,504.4375,37.5
TF:WPT_aadd_zcr,3,0.0009147243690676987,718.0,0.15588908592660478,698.0,0.12829557394718893,821.0,0.0893552649057429,555.0,103.0,298.0,-3.0,52.5,-1.0,382.0,9.558303208678537e-05,524.0,506.0625,37.5
TF:WPT_dada_energy,3,13.243363380432129,141.0,0.24698956309566097,249.0,0.3332465574042529,441.0,0.032067347542331565,836.0,0.0,701.5,-10.0,752.5,-1.0,382.0,7.832591195560097e-05,587.0,511.25,37.5
TF:WPT_dddd_tk_std,3,0.004966958425939083,619.0,0.20250063375421357,476.0,0.23005917014562272,668.0,0.08890703986602129,560.0,0.0,701.5,-6.0,352.5,-1.0,382.0,0.00021468958297796278,331.0,511.25,37.5
TF:WPT_dddd_log_energy,3,0.19274352490901947,375.0,0.20320661686257804,470.0,0.3650110195824219,315.0,0.06008843256270489,670.0,0.0,701.5,-8.0,552.5,-1.0,382.0,6.542250642888179e-05,636.0,512.75,37.5
TF:WPT_dadd_abs_mean,3,0.00033260922646149993,777.0,0.2660991765305675,128.0,0.42833337250147885,213.0,0.057549222425631784,681.0,135.0,266.0,-11.0,852.5,-1.0,382.0,3.582637194464152e-05,806.0,513.1875,37.5
TF:Ef_p75,3,0.012998719699680805,567.5,0.2500799757554241,226.0,0.34151090816128793,413.0,0.056029637574893564,689.0,0.0,701.5,-8.0,552.5,-1.0,382.0,7.604739220451577e-05,596.0,515.9375,37.5
TF:glcm_17_homogeneity_d1_a3,3,0.00021819633548147976,796.5,0.23963974966320364,307.5,0.3020246787362737,537.0,0.12245764686027999,432.5,0.0,701.5,-8.0,552.5,-1.0,382.0,0.00014713865801380338,424.0,516.6875,37.5
TIME:hist_b1,3,0.0014661139575764537,692.0,0.19461351072056485,527.0,0.2548743971149765,624.0,0.060780832312091596,662.0,307.0,94.0,-7.0,452.5,-1.0,382.0,4.944585477624084e-05,712.0,518.1875,37.5
TF:DWT_L0_tk_max,3,46036.3046875,37.0,0.19470781944646842,526.0,0.21780626864632424,688.0,0.06953755713897707,629.0,0.0,701.5,-3.0,52.5,-2.0,774.0,4.3557306489109106e-05,742.0,518.75,37.5
TF:glcm_37_homogeneity_d2_a3,3,0.00021819633548147976,796.5,0.23963974966320364,307.5,0.30167923961776744,539.0,0.12245764686027999,432.5,0.0,701.5,-8.0,552.5,-1.0,382.0,0.0001365696639672697,441.0,519.0625,37.5
TF:glcm_54_entropy_d3_a2,3,0.014266383834183216,557.0,0.16909535377204357,652.0,0.22601645127838355,676.0,0.17464330482373489,251.0,0.0,701.5,-7.0,452.5,-1.0,382.0,0.000112240215583942,489.0,520.125,37.5
TF:WPT_ddaa_kurt,3,155.5887451171875,86.0,0.14320439786987346,743.0,0.3802376459793799,295.0,0.05269617542254785,710.0,0.0,701.5,-10.0,752.5,-1.0,382.0,0.0001032938506542827,508.0,522.25,37.5
TF:WPT_ddad_range,3,0.30128219723701477,348.5,0.1754049360365824,623.5,0.20698975607458925,714.0,0.12723781914692278,412.5,0.0,701.5,-7.0,452.5,-1.0,382.0,8.518497025889149e-05,563.0,524.6875,37.5
TF:WPT_adda_log_energy,3,0.14761650562286377,394.0,0.19872229525514848,503.0,0.33633515391005764,432.0,0.05214398959088285,716.0,0.0,701.5,-6.0,352.5,-1.0,382.0,4.842815975393295e-05,719.0,525.0,37.5
TF:DWT_L5_max,3,1.1319055557250977,244.0,0.1871730965583417,563.0,0.17734571004114308,746.0,0.15891257718511284,306.0,0.0,701.5,-9.0,652.5,-1.0,382.0,7.304171828337918e-05,612.0,525.875,37.5
TIME:seg_energy_3,3,0.005906377919018269,606.0,0.0676123418977637,861.0,0.3594141496059007,327.0,0.08969068543217956,553.0,0.0,701.5,-5.0,252.5,-1.0,382.0,8.959139583890448e-05,543.0,528.25,37.5
TF:WPT_adda_tk_mean,3,0.5051971673965454,306.0,0.24311331386529478,283.0,0.3224676166603513,481.0,0.03633132816520514,804.0,0.0,701.5,-8.0,552.5,-1.0,382.0,4.868864863878753e-05,718.0,528.5,37.5
TF:WPT_ddad_rms,3,0.0067817517556250095,597.0,0.2379064281371349,316.0,0.3571018187755235,339.0,0.06218641539995771,651.0,0.0,701.5,-11.0,852.5,-1.0,382.0,0.000163834708724579,395.0,529.25,37.5
TF:WPT_aaaa_zcr,3,0.0058785611763596535,607.0,0.17730231761872697,615.0,0.2653782584381177,605.0,0.19452603843607896,180.0,0.0,701.5,-10.0,752.5,-1.0,382.0,0.0001652226341416341,392.0,529.375,37.5
TF:WPT_aadd_tk_mean,3,0.5621951222419739,298.0,0.17729599326061218,616.0,0.2732098263995768,593.0,0.14755789872122668,345.0,0.0,701.5,-9.0,652.5,-1.0,382.0,6.35900562212463e-05,647.0,529.375,37.5
TF:WPT_aada_range,3,7.533607482910156,165.5,0.1858160777631006,568.5,0.20936923352190728,707.0,0.17982310933902546,231.5,0.0,701.5,-11.0,852.5,-1.0,382.0,6.648442281077479e-05,632.0,530.0625,37.5
TF:WPT_aadd_rms,3,0.09954118728637695,415.0,0.18513397790759026,576.0,0.2835637741469075,564.0,0.14906403448127786,341.0,0.0,701.5,-10.0,752.5,-1.0,382.0,9.993689181029248e-05,515.0,530.875,37.5
TF:WPT_aada_p2p,3,7.533607482910156,165.5,0.1858160777631006,568.5,0.20937176762351273,706.0,0.17982310933902546,231.5,0.0,701.5,-11.0,852.5,-1.0,382.0,6.398378699844067e-05,642.0,531.1875,37.5
TF:WPT_ddad_std,3,0.006764060351997614,598.0,0.2379079792011022,315.0,0.351355186975955,353.0,0.062076125983985736,652.0,0.0,701.5,-11.0,852.5,-1.0,382.0,0.00016335325440432143,397.0,531.375,37.5
TF:glcm_74_entropy_d4_a2,3,0.013967549428343773,559.0,0.17028045569830932,647.0,0.22276037444397678,683.0,0.16785443823990978,277.0,0.0,701.5,-7.0,452.5,-1.0,382.0,8.725739655895589e-05,552.0,531.75,37.5
TF:WPT_aadd_std,3,0.09936121851205826,416.0,0.18514336147744828,575.0,0.2834151227106849,567.0,0.1489202789210549,342.0,0.0,701.5,-10.0,752.5,-1.0,382.0,9.592196598510047e-05,523.0,532.375,37.5
TF:WPT_addd_tk_mean,3,0.19848056137561798,372.0,0.25276318206545495,197.0,0.3401856960700562,418.0,0.04282613027320944,765.0,0.0,701.5,-11.0,852.5,-1.0,382.0,7.947965308545001e-05,581.0,533.625,37.5
TF:WPT_aadd_log_energy,3,0.07970160245895386,449.0,0.17466157694975437,625.0,0.28362297448588425,563.0,0.10379471879018484,511.0,0.0,701.5,-7.0,452.5,-1.0,382.0,7.825575827070965e-05,588.0,534.0,37.5
TF:WPT_aaaa_max,3,19.95560646057129,128.0,0.23214971384402985,351.0,0.3094548885070485,515.0,0.08028455684561174,589.0,45.0,356.0,-9.0,652.5,-26.0,808.5,2.8252638327225455e-05,873.0,534.125,37.5
TF:DWT_L1_tk_mean,3,80.89498138427734,102.0,0.08815001950533354,840.0,0.2434686016770673,646.0,0.08499831580773973,571.0,0.0,701.5,-8.0,552.5,-1.0,382.0,8.826155161696733e-05,547.0,542.75,37.5
TF:WPT_aadd_var,3,0.5230345129966736,303.0,0.1844631405367703,581.0,0.2832519912464426,568.0,0.15342394696433823,329.0,0.0,701.5,-11.0,852.5,-1.0,382.0,6.931492072839868e-05,626.0,542.875,37.5
TF:hog_b5,3,2.8490914701251313e-05,847.0,0.19453313878422965,528.0,0.2343323797795498,662.0,0.15177967493818695,335.0,0.0,701.5,-7.0,452.5,-1.0,382.0,0.00013532999428091515,444.0,544.0,37.5
TF:WPT_adda_std,3,0.12161267548799515,405.0,0.2344811915471018,339.0,0.3286307598202485,462.0,0.04457764091575414,760.0,0.0,701.5,-10.0,752.5,-1.0,382.0,8.59486275729811e-05,558.0,545.0,37.5
TF:WPT_ddaa_min,3,0.0319782979786396,499.0,0.16503350394459532,662.0,0.16785458141022458,764.0,0.07133205762482599,626.0,0.0,701.5,-4.0,152.5,-1.0,382.0,8.204509700023845e-05,577.0,545.5,37.5
TF:DWT_L4_tk_mean,3,0.482966810464859,309.0,0.22972230546874783,356.0,0.3087070957499467,522.0,0.08472133065282388,575.0,0.0,701.5,-11.0,852.5,-1.0,382.0,5.9347955476039596e-05,671.0,546.125,37.5
TF:Ef_peak_freq,3,15993.2890625,47.0,0.09202503943778557,831.0,0.14571907150583963,801.0,0.051141561181434474,726.0,0.0,701.5,-4.0,152.5,-1.0,382.0,4.485105174018705e-05,731.0,546.5,37.5
TIME:seg_energy_4,3,0.005661770235747099,609.0,0.08868871441397973,838.0,0.3405359862257322,417.0,0.06176639920869177,656.0,0.0,701.5,-5.0,252.5,-1.0,382.0,9.737819994332575e-05,519.0,546.875,37.5
TF:WPT_band_entropy,3,0.3546859323978424,326.0,0.21075475534119578,428.0,0.33086604256620955,449.0,0.07651647457556163,609.0,0.0,701.5,-11.0,852.5,-1.0,382.0,6.560879630786343e-05,635.0,547.875,37.5
TF:WPT_adda_energy,3,130742.9375,30.0,0.24647044270039284,254.0,0.3363370795277669,431.0,0.031150508228491976,842.0,0.0,701.5,-11.0,852.5,-1.0,382.0,2.4587522675526077e-05,901.0,549.25,37.5
TF:WPT_ddaa_range,3,0.10451127588748932,411.5,0.18244287150142288,593.5,0.18602202050693872,737.0,0.09426567503415835,545.5,0.0,701.5,-9.0,652.5,-1.0,382.0,0.00017804787962079796,375.0,549.8125,37.5
TF:WPT_band_centroid,3,0.6249551773071289,287.0,0.24714573515268257,248.0,0.33745449179731235,429.0,0.04009011945855296,789.0,0.0,701.5,-12.0,952.5,-1.0,382.0,7.25917168331429e-05,615.0,550.5,37.5
TIME:hist_b6,3,0.00968804582953453,585.0,0.14464142892121393,738.0,0.2954314631895594,546.0,0.13149136222222205,396.0,0.0,701.5,-9.0,652.5,-1.0,382.0,0.0001565940519335361,409.0,551.25,37.5
TF:WPT_adad_min,3,0.4612627327442169,313.0,0.1582870501430706,689.0,0.1709654832686236,758.0,0.07919196747902686,594.0,0.0,701.5,-5.0,252.5,-1.0,382.0,4.646577960033199e-05,725.0,551.875,37.5
TF:WPT_adda_var,3,0.4853000342845917,308.0,0.24645012404332664,255.0,0.32861420618712334,463.0,0.03128933145300031,840.0,0.0,701.5,-11.0,852.5,-1.0,382.0,6.974699746150377e-05,625.0,553.375,37.5
TF:WPT_adaa_rms,3,0.005068340338766575,617.0,0.23723556764585288,320.0,0.34189815241905164,411.0,0.06184986370151892,655.0,0.0,701.5,-10.0,752.5,-1.0,382.0,7.476056388057632e-05,598.0,554.625,37.5
TF:WPT_adda_rms,3,0.12186144292354584,404.0,0.23448216392918073,338.0,0.33630274400575955,433.0,0.044508096805642224,761.0,0.0,701.5,-10.0,752.5,-1.0,382.0,5.737869941463487e-05,678.0,556.25,37.5
TF:WPT_aaaa_tk_mean,3,10.605758666992188,147.0,0.14606875625258484,737.0,0.25244507057387455,626.0,0.11130245216541422,477.0,0.0,701.5,-11.0,852.5,-1.0,382.0,9.324345806250985e-05,533.0,557.0,37.5
TF:DWT_L1_var,3,28.430694580078125,123.0,0.09186775990901065,833.0,0.23867787317565492,650.0,0.10305722147416867,518.0,0.0,701.5,-9.0,652.5,-1.0,382.0,7.462052653739913e-05,600.0,557.5,37.5
TF:DWT_L0_zcr,3,0.003075508400797844,651.0,0.1814311549624785,597.0,0.13898826398893904,808.0,0.08871027794189229,562.0,0.0,701.5,-3.0,52.5,-1.0,382.0,4.911814503717939e-05,715.0,558.625,37.5
TF:WPT_ddad_tk_max,3,0.37194690108299255,323.0,0.14339925587344074,742.0,0.17445077760402627,751.0,0.07397045584913584,619.0,0.0,701.5,-4.0,152.5,-1.0,382.0,3.635847397614568e-05,803.0,559.25,37.5
TIME:tkeo_mean,3,0.03126782923936844,503.0,0.251990027137782,208.0,0.3498729897329853,375.0,0.03611757243802804,806.0,0.0,701.5,-12.0,952.5,-1.0,382.0,8.52690724808584e-05,562.0,561.25,37.5
TF:WPT_ddaa_p2p,3,0.10451127588748932,411.5,0.18244287150142288,593.5,0.1860302861698533,736.0,0.09426567503415835,545.5,0.0,701.5,-9.0,652.5,-1.0,382.0,0.00011889187258605372,472.0,561.8125,37.5
TIME:seg_energy_6,3,0.0053554195910692215,612.0,0.10033697911669393,824.0,0.33856275005361214,426.0,0.07813924372281178,602.0,0.0,701.5,-5.0,252.5,-1.0,382.0,5.0256205658417015e-05,710.0,563.75,37.5
TF:WPT_addd_std,3,0.08162488043308258,446.0,0.24410192679902284,273.0,0.34419781654486714,402.0,0.04171825002302465,777.0,0.0,701.5,-11.0,852.5,-1.0,382.0,5.3497411840875706e-05,689.0,565.375,37.5
TF:WPT_adad_range,3,1.4966217279434204,233.5,0.1724998583553048,635.5,0.18287770749185217,742.0,0.12630901238612366,415.5,0.0,701.5,-10.0,752.5,-1.0,382.0,5.340279338890259e-05,690.0,569.0625,37.5
TIME:d2_std,3,0.017042145133018494,548.0,0.2440344116788791,275.0,0.3608668456893014,324.0,0.04221179035249005,773.0,0.0,701.5,-12.0,952.5,-1.0,382.0,7.459082522572117e-05,601.0,569.625,37.5
FREQ:peak1_freq,3,21864.056640625,42.0,0.10201188075574452,823.0,0.2523234588365746,628.0,0.041556218076837466,780.0,0.0,701.5,-8.0,552.5,-1.0,382.0,6.321322709533229e-05,651.0,570.0,37.5
TF:DWT_L4_log_energy,3,0.08923103660345078,435.0,0.18438411594626578,582.0,0.32104814143537475,482.0,0.07588397898666395,614.0,0.0,701.5,-11.0,852.5,-1.0,382.0,9.919086514388888e-05,517.0,570.75,37.5
TF:WPT_ddda_range,3,0.16275446116924286,383.5,0.1660702626667178,658.5,0.17902310914731068,744.0,0.14851528148291135,343.5,0.0,701.5,-9.0,652.5,-1.0,382.0,5.1089488398377674e-05,702.0,570.9375,37.5
TF:WPT_band_flatness,3,0.0013990310253575444,694.0,0.2506478804510404,219.0,0.34596429430323594,390.0,0.03610451937682058,807.0,0.0,701.5,-12.0,952.5,-1.0,382.0,0.0001431467149219335,429.0,571.875,37.5
TF:Ef_mean,3,3.900770389009267e-05,840.0,0.17019828701186032,650.0,0.2817359206259247,570.0,0.11273566454997504,472.0,0.0,701.5,-9.0,652.5,-1.0,382.0,0.00022759275526193067,318.0,573.25,37.5
TF:WPT_dada_log_energy,3,0.14831538498401642,393.0,0.1991102792814852,500.0,0.33339966916004204,439.0,0.053306113131144854,705.0,0.0,701.5,-11.0,852.5,-1.0,382.0,7.284853741415273e-05,613.0,573.25,37.5
TF:WPT_adaa_entropy,3,0.6645900011062622,275.0,0.1745378568007201,628.0,0.21082560038465337,699.0,0.12306477857517525,427.0,0.0,701.5,-7.0,452.5,-9.0,791.0,7.01805801488301e-05,624.0,574.75,37.5
TF:WPT_addd_rms,3,0.08172420412302017,445.0,0.24409868175515917,274.0,0.34794497043275197,380.0,0.041709084820942086,778.0,0.0,701.5,-11.0,852.5,-1.0,382.0,3.888131481140628e-05,785.0,574.75,37.5
FREQ:spec_decrease,3,4.582216661219718e-06,880.0,0.1879958630088244,556.0,0.26366099735525816,606.0,0.08109341928883151,585.0,0.0,701.5,-5.0,252.5,-1.0,382.0,6.15062285500861e-05,658.0,577.625,37.5
TF:WPT_daad_energy,3,0.03341782093048096,495.0,0.2529214852192177,193.0,0.33892649852220025,425.0,0.034502956025026,820.0,0.0,701.5,-12.0,952.5,-1.0,382.0,6.26453724163865e-05,654.0,577.875,37.5
TIME:autocorr_peak,3,0.0031278713140636683,647.5,0.2532624961594013,188.5,0.34459089628360395,399.0,0.035585050686361856,811.5,0.0,701.5,-12.0,952.5,-1.0,382.0,8.789350264720712e-05,549.0,578.9375,37.5
TF:DWT_L6_std,3,0.002508878242224455,661.0,0.24345725533070783,282.0,0.35904629009783084,330.0,0.04793708276430595,751.0,0.0,701.5,-12.0,952.5,-1.0,382.0,8.318302253602416e-05,572.0,579.0,37.5
TF:WPT_ddda_p2p,3,0.16275446116924286,383.5,0.1660702626667178,658.5,0.17903461305733126,743.0,0.14851528148291135,343.5,0.0,701.5,-9.0,652.5,-1.0,382.0,4.0018212979255273e-05,770.0,579.3125,37.5
TF:DWT_L1_zcr,3,0.003937691915780306,631.0,0.10698389586835956,811.0,0.09981792290832692,865.0,0.10390000060354611,510.0,0.0,701.5,-4.0,152.5,-1.0,382.0,7.896199228874356e-05,582.0,579.375,37.5
TF:mod4_spread,3,0.31317955255508423,339.0,0.143123500544619,744.0,0.11751711607736137,842.0,0.0524494779350556,712.0,0.0,701.5,-4.0,152.5,-1.0,382.0,4.063894401252916e-05,764.0,579.625,37.5
FREQ:bandP_rel_0,3,0.012530437670648098,571.0,0.17994621662193264,603.0,0.26121313703619675,611.0,0.11515939963524252,457.0,0.0,701.5,-10.0,752.5,-1.0,382.0,8.576665894755884e-05,560.0,579.75,37.5
TF:mod10_centroid,3,3.507460355758667,189.0,0.22138612352532472,388.0,0.21102311563835885,698.0,0.056146697986986606,688.0,0.0,701.5,-6.0,352.5,-54.0,836.0,3.7684877572828046e-05,795.0,581.0,37.5
TF:WPT_aada_rel_energy,3,0.0019279209664091468,676.0,0.24290783885793235,285.0,0.3226961477437684,480.0,0.048779184568357246,745.0,0.0,701.5,-10.0,752.5,-1.0,382.0,6.186014766276721e-05,656.0,584.75,37.5
TF:WPT_dadd_log_energy,3,0.15145444869995117,389.0,0.20484312967051035,457.0,0.32790450138143257,467.0,0.04934122851537032,738.0,0.0,701.5,-11.0,852.5,-1.0,382.0,5.304579029388479e-05,692.0,584.875,37.5
TF:DWT_L1_tk_std,3,208.80714416503906,75.0,0.23609167192656377,331.0,0.31493361146524235,503.0,0.06874248588523144,630.0,0.0,701.5,-11.0,852.5,-2.0,774.0,3.293498099146028e-05,836.0,587.875,37.5
TF:DWT_L3_zcr,3,0.0015412454959005117,689.5,0.1347158685518556,758.5,0.09446761533290404,871.0,0.10475623988170422,507.5,0.0,701.5,-4.0,152.5,-1.0,382.0,6.430873388785893e-05,641.0,587.9375,37.5
TF:WPT_daad_log_energy,3,0.149164080619812,392.0,0.21208401539467692,424.0,0.33900656593638834,423.0,0.048994711202187506,741.0,0.0,701.5,-10.0,752.5,-1.0,382.0,2.3802298279179402e-05,909.0,590.625,37.5
TF:WPT_ddda_std,3,0.0028712248895317316,655.0,0.23694843202655727,325.0,0.33366408308352025,437.0,0.04017915623460478,788.0,0.0,701.5,-12.0,952.5,-1.0,382.0,9.054520328865897e-05,538.0,597.375,37.5
TF:WPT_aada_log_energy,3,0.12428120523691177,402.0,0.19450679730675227,529.0,0.31855047168752026,490.0,0.05642418531543253,686.0,0.0,701.5,-11.0,852.5,-1.0,382.0,4.3682712252972164e-05,740.0,597.875,37.5
TIME:seg_energy_9,3,0.003544883569702506,639.0,0.09198641006199924,832.0,0.2662822098317972,604.0,0.07998063175973773,591.0,0.0,701.5,-5.0,252.5,-1.0,382.0,3.451161777956145e-05,817.0,602.375,37.5
TF:WPT_ddda_rms,3,0.0028740502893924713,654.0,0.23695528670333463,324.0,0.32799104068245066,466.0,0.040195548391652465,787.0,0.0,701.5,-12.0,952.5,-1.0,382.0,8.498882752433288e-05,565.0,604.0,37.5
TF:DWT_L0_min,3,30.159944534301758,120.0,0.17828840371359314,612.0,0.19457240684202537,724.0,0.10015374266172633,528.0,0.0,701.5,-7.0,452.5,-14.0,796.0,2.4283357843229326e-05,906.0,605.0,37.5
TF:WPT_daad_var,3,1.2382476199945813e-07,929.0,0.2528979588910503,194.0,0.3400272989677955,420.0,0.034520930578984886,819.0,0.0,701.5,-12.0,952.5,-1.0,382.0,0.00011377548144976084,484.0,610.25,37.5
TF:WPT_adda_max,3,2.156311273574829,223.0,0.15442785731494255,704.0,0.13705997198050568,810.0,0.10853179946844917,486.0,0.0,701.5,-7.0,452.5,-2.0,774.0,4.1222429158533634e-05,756.0,613.375,37.5
TF:DWT_L1_min,3,15.22877311706543,138.0,0.2426866115111652,287.0,0.2616130863361579,609.0,0.06068596922766549,664.0,0.0,701.5,-11.0,852.5,-50.0,832.5,3.052292691019198e-05,857.0,617.6875,37.5
TF:WPT_ddda_tk_mean,3,0.00022123564849607646,795.0,0.24287929836160047,286.0,0.32868375665037775,460.0,0.03025675039047668,845.0,0.0,701.5,-10.0,752.5,-1.0,382.0,4.2701888967452456e-05,749.0,621.375,37.5
TF:WPT_ddda_rel_energy,3,9.484816700933152e-07,911.0,0.24563227596559734,261.0,0.3357810328305071,434.0,0.029900807230716576,847.0,0.0,701.5,-12.0,952.5,-1.0,382.0,0.00010063562626525079,512.0,625.125,37.5
TF:DWT_L4_skew,3,0.30818745493888855,344.0,0.02798629530552213,887.0,0.23594688512430428,656.0,-0.010386153112607701,1000.0,0.0,701.5,-4.0,152.5,-82.0,864.0,2.8561731144673508e-05,869.0,684.25,37.5
TF:DWT_L1_skew,3,0.4312838315963745,315.0,0.020560860728769146,890.0,0.16053397467640274,779.0,0.02029437168804511,884.0,0.0,701.5,-7.0,452.5,-58.0,840.0,3.333296228075134e-05,832.0,711.75,37.5
TF:DWT_L0_median,3,0.043186433613300323,478.0,0.04488955674899454,874.0,0.0353868926299592,919.0,0.05524262222480119,693.0,0.0,701.5,-7.0,452.5,-48.0,830.0,3.1651081244457016e-05,847.0,724.375,37.5
TF:DWT_L0_skew,3,1.0415676832199097,246.0,0.031238163564715527,883.0,0.07546071801882626,893.0,0.01391122501716224,901.0,0.0,701.5,-7.0,452.5,-66.0,848.5,2.4489650992897303e-05,905.0,728.8125,37.5
TF:WPT_adda_tk_max,2,307.2799987792969,72.0,0.15679217059201794,694.0,0.15786239239103228,781.0,0.09811453712015356,536.0,0.0,701.5,-4.0,152.5,-1.0,382.0,4.508297306760368e-05,730.0,506.125,25.0
TF:glcm_14_entropy_d1_a2,2,0.01442964281886816,556.0,0.17826049687262477,613.0,0.28272254255405427,569.0,0.17014161907771153,267.0,0.0,701.5,-9.0,652.5,-1.0,382.0,0.0001932881110485314,357.0,512.25,25.0
TF:lbp_b23,2,1.964742523341556e-06,899.0,0.17264842132350358,633.0,0.18340942424558593,740.0,0.08858172428758668,563.0,396.0,5.0,-6.0,352.5,-1.0,382.0,9.448322294063184e-05,528.0,512.8125,25.0
TF:glcm_22_homogeneity_d2_a0,2,0.0003455272235441953,773.0,0.15668296807533189,695.0,0.2595114461069641,616.0,0.1778978300159697,236.0,0.0,701.5,-8.0,552.5,-1.0,382.0,0.0003447521159575435,231.0,523.375,25.0
SPAT:st_t_centroid,2,0.0010771859670057893,711.0,0.09659574688302208,827.0,0.2835498035329831,565.0,0.10487027074132259,506.0,0.0,701.5,-4.0,152.5,-1.0,382.0,0.0001320107515373894,449.0,536.75,25.0
TF:WPT_adda_range,2,6.913302898406982,169.5,0.1746206420431364,626.5,0.16617299265146412,768.0,0.16391805346251972,290.5,0.0,701.5,-11.0,852.5,-1.0,382.0,9.245874260110942e-05,534.0,540.5625,25.0
TF:WPT_addd_tk_std,2,0.6443531513214111,282.0,0.20073308603462126,485.0,0.2186428243444678,687.0,0.09250948667282392,548.0,0.0,701.5,-8.0,552.5,-1.0,382.0,4.158415193609402e-05,754.0,549.0,25.0
TF:glcm_24_entropy_d2_a0,2,0.013874526135623455,560.0,0.08854777169084138,839.0,0.23654674394746467,654.0,0.21273118935666713,126.0,0.0,701.5,-10.0,752.5,-1.0,382.0,0.00017749570816627042,378.0,549.125,25.0
TF:glcm_19_entropy_d1_a3,2,0.010787013918161392,578.5,0.1361709196180997,753.5,0.21040531206921553,701.0,0.16061329003481553,299.5,0.0,701.5,-7.0,452.5,-1.0,382.0,8.558376236334438e-05,561.0,553.6875,25.0
TF:glcm_4_entropy_d1_a0,2,0.01082747895270586,575.0,0.11777032506595482,794.0,0.21433877887163222,694.0,0.17253575230098742,258.0,0.0,701.5,-7.0,452.5,-1.0,382.0,8.20486299862176e-05,576.0,554.125,25.0
TF:glcm_39_entropy_d2_a3,2,0.010787013918161392,578.5,0.1361709196180997,753.5,0.21045087426017872,700.0,0.16061329003481553,299.5,0.0,701.5,-7.0,452.5,-1.0,382.0,8.39398971935715e-05,570.0,554.6875,25.0
TF:WPT_adad_tk_std,2,0.08153802901506424,447.0,0.2038654090363867,462.0,0.23517285607389304,659.0,0.08319537994100785,581.0,0.0,701.5,-10.0,752.5,-1.0,382.0,0.00010752826831050579,503.0,561.0,25.0
TF:WPT_dddd_max,2,0.10763923823833466,410.0,0.15159449047022597,715.0,0.16146868529988279,777.0,0.08987874674203264,552.0,0.0,701.5,-5.0,252.5,-1.0,382.0,5.10739890301911e-05,703.0,561.625,25.0
TF:WPT_dddd_tk_mean,2,0.0015835502417758107,687.0,0.25167784720787706,212.0,0.33764579312880016,428.0,0.04888034088563485,743.0,0.0,701.5,-10.0,752.5,-1.0,382.0,7.606998292724881e-05,595.0,562.625,25.0
TF:WPT_addd_p2p,2,3.956164836883545,186.5,0.16396409309289878,670.5,0.17134525494347264,756.0,0.13884536414167445,375.5,0.0,701.5,-10.0,752.5,-1.0,382.0,5.664586896033064e-05,682.0,563.3125,25.0
TF:WPT_ddad_max,2,0.09252112358808517,431.0,0.15709749472281784,693.0,0.17045801677743766,759.0,0.08720176213130183,565.0,0.0,701.5,-5.0,252.5,-1.0,382.0,4.447039929801352e-05,735.0,564.875,25.0
TF:WPT_adad_tk_max,2,9.053905487060547,159.0,0.14642796396325572,734.0,0.16771405462126188,765.0,0.0772751932073021,606.0,0.0,701.5,-7.0,452.5,-1.0,382.0,4.7029523617405734e-05,724.0,565.5,25.0
TF:glcm_9_entropy_d1_a1,2,0.010788473300635815,576.5,0.1327961228215722,764.5,0.1975512753766493,720.0,0.1656553602131066,281.5,0.0,701.5,-9.0,652.5,-1.0,382.0,0.00013215446933462436,448.0,565.8125,25.0
TF:WPT_dddd_range,2,0.3544442355632782,328.5,0.16447751545325354,665.5,0.19156966561495192,728.0,0.13701441187360106,381.5,0.0,701.5,-10.0,752.5,-1.0,382.0,7.820303135270043e-05,589.0,566.0625,25.0
TF:glcm_2_homogeneity_d1_a0,2,0.000228931283345446,794.0,0.1913344685704805,546.0,0.2668514294788644,602.0,0.14282568283194375,358.0,0.0,701.5,-10.0,752.5,-1.0,382.0,0.00016436164225891106,394.0,566.25,25.0
FREQ:cepstral_4,2,0.0042556230910122395,626.0,0.18861619534677154,552.0,0.14166800237221544,807.0,0.08472280622237087,574.0,0.0,701.5,-4.0,152.5,-1.0,382.0,4.219415684410338e-05,752.0,568.375,25.0
TF:WPT_adda_p2p,2,6.913302898406982,169.5,0.1746206420431364,626.5,0.1661534278609147,769.0,0.16391805346251972,290.5,0.0,701.5,-11.0,852.5,-1.0,382.0,3.993125130268069e-05,771.0,570.3125,25.0
TF:WPT_addd_range,2,3.956164836883545,186.5,0.16396409309289878,670.5,0.17133864523520215,757.0,0.13884536414167445,375.5,0.0,701.5,-10.0,752.5,-1.0,382.0,4.421197687553796e-05,737.0,570.3125,25.0
TF:WPT_adda_tk_std,2,1.940711498260498,227.0,0.17230577134484637,637.0,0.20857769269771476,708.0,0.11629228847453589,452.0,0.0,701.5,-10.0,752.5,-1.0,382.0,5.106670817176825e-05,704.0,570.5,25.0
TF:WPT_dddd_rms,2,0.007559770718216896,594.0,0.2423994943731791,290.0,0.36477728563541056,317.0,0.048491199454893975,747.0,0.0,701.5,-12.0,952.5,-1.0,382.0,7.83729170230837e-05,586.0,571.25,25.0
TF:glcm_59_entropy_d3_a3,2,0.01339736394584179,562.0,0.07513065197305578,855.0,0.22852201789891113,670.0,0.19573527481899766,175.0,0.0,701.5,-11.0,852.5,-1.0,382.0,0.0001714062040302012,385.0,572.875,25.0
FREQ:cepstral_2,2,0.023131445050239563,522.0,0.16024912348911405,683.0,0.18356435616571165,739.0,0.08069425006925628,587.0,0.0,701.5,-4.0,152.5,-1.0,382.0,3.415206396514133e-05,820.0,573.375,25.0
TF:WPT_addd_rel_energy,2,0.0007622073753736913,725.0,0.25374461302482604,184.0,0.3474246498017628,382.0,0.04203444199163294,775.0,0.0,701.5,-10.0,752.5,-1.0,382.0,5.2824547204219485e-05,694.0,574.5,25.0
TF:glcm_49_entropy_d3_a1,2,0.013451534323394299,561.0,0.07027627225029884,858.0,0.2414643666838212,647.0,0.20103987068467785,162.0,0.0,701.5,-11.0,852.5,-1.0,382.0,0.0001384317279684274,439.0,575.375,25.0
TF:WPT_dadd_var,2,5.819900707138004e-06,876.0,0.2527702477399352,196.0,0.3290185549530995,455.0,0.03683328742172507,801.0,0.0,701.5,-8.0,552.5,-1.0,382.0,6.376876747616628e-05,645.0,576.125,25.0
TF:WPT_addd_tk_max,2,82.2965087890625,100.0,0.1528717880666883,708.0,0.164230055095826,774.0,0.07894945059039636,596.0,0.0,701.5,-7.0,452.5,-1.0,382.0,2.3788180743619893e-05,910.0,578.0,25.0
TF:WPT_aadd_rel_energy,2,0.0020079195965081453,672.0,0.18206699129907564,596.0,0.2799847832211668,575.0,0.15672958247813604,316.0,0.0,701.5,-11.0,852.5,-1.0,382.0,9.378509178721815e-05,532.0,578.375,25.0
TF:WPT_aada_zcr,2,0.0012296362547203898,699.0,0.17980814590569963,604.0,0.14861053324088402,797.0,0.09963544372722362,532.0,0.0,701.5,-5.0,252.5,-1.0,382.0,5.9888561271116654e-05,668.0,579.5,25.0
FREQ:peak_ratio,2,0.025794031098484993,518.0,0.17614276606581017,619.0,0.1358162970498813,812.0,0.07367012378930757,620.0,138.0,263.0,-5.0,252.5,-2.0,774.0,3.905785546177464e-05,781.0,579.9375,25.0
TF:WPT_adad_p2p,2,1.4966217279434204,233.5,0.1724998583553048,635.5,0.18291434100642823,741.0,0.12630901238612366,415.5,0.0,701.5,-10.0,752.5,-1.0,382.0,3.871622103259971e-05,789.0,581.3125,25.0
TF:WPT_addd_zcr,2,0.0007449702243320644,726.0,0.17212214605039897,639.0,0.09566424255703021,870.0,0.05513525365699116,694.0,91.0,310.0,-4.0,152.5,-1.0,382.0,2.7951239576049914e-05,877.0,581.3125,25.0
TIME:hist_b13,2,4.222024654154666e-05,838.0,0.18666150200145934,564.0,0.21670512925537322,693.0,0.0891325616197182,556.0,61.0,340.0,-10.0,752.5,-1.0,382.0,8.825162522438688e-05,548.0,584.1875,25.0
TF:WPT_dddd_p2p,2,0.3544442355632782,328.5,0.16447751545325354,665.5,0.19156436393066079,729.0,0.13701441187360106,381.5,0.0,701.5,-10.0,752.5,-1.0,382.0,4.439886338484922e-05,736.0,584.5625,25.0
TF:Et_centroid,2,25.383174896240234,124.0,0.0909642329660284,835.0,0.2525945273005754,625.0,0.09499521961142077,543.0,0.0,701.5,-11.0,852.5,-1.0,382.0,7.151920811122331e-05,618.0,585.125,25.0
TF:WPT_adaa_p2p,2,0.890160322189331,251.5,0.1560565832426469,696.5,0.18957117070552876,731.0,0.03361241633672511,828.5,0.0,701.5,-8.0,552.5,-1.0,382.0,8.41924590395378e-05,569.0,589.0625,25.0
TF:WPT_addd_min,2,1.2169842720031738,240.0,0.14959370455876667,724.0,0.12920934794222738,818.0,0.10008808548631488,529.0,0.0,701.5,-4.0,152.5,-5.0,787.5,4.0648172237633465e-05,763.0,589.4375,25.0
TF:WPT_aaad_zcr,2,0.0015412454959005117,689.5,0.1347158685518556,758.5,0.08821632384640976,882.0,0.10475623988170422,507.5,0.0,701.5,-4.0,152.5,-1.0,382.0,6.389846528120929e-05,644.0,589.6875,25.0
TF:WPT_dada_var,2,4.9142108764499426e-05,830.0,0.24698943362776202,250.0,0.3315745987590728,447.0,0.03218928482981734,835.0,0.0,701.5,-10.0,752.5,-1.0,382.0,9.735168242145082e-05,520.0,589.75,25.0
FREQ:hist_b27,2,0.0006878220592625439,732.0,0.17096965890783922,642.0,0.2374087011045103,652.0,0.11396213842019645,464.0,0.0,701.5,-8.0,552.5,-1.0,382.0,7.619830595008435e-05,594.0,590.0,25.0
TF:WPT_adad_rel_energy,2,0.00011412218736950308,810.0,0.2496007144299531,231.0,0.341480579464414,415.0,0.05244501894203191,713.0,0.0,701.5,-11.0,852.5,-1.0,382.0,7.200819552900494e-05,617.0,590.25,25.0
TF:WPT_dadd_rel_energy,2,2.197799808811851e-08,936.0,0.2518738294452156,209.0,0.3301657599860661,452.0,0.03641503561642168,803.0,0.0,701.5,-8.0,552.5,-1.0,382.0,5.49213997398065e-05,686.0,590.25,25.0
TF:WPT_dddd_rel_energy,2,5.672126007993938e-06,877.0,0.2524660337812617,206.0,0.3446336315156251,398.0,0.0488851988961868,742.0,0.0,701.5,-10.0,752.5,-1.0,382.0,6.0857928206430056e-05,663.0,590.25,25.0
TIME:hist_b5,2,0.01068936102092266,580.0,0.1495627118317784,725.0,0.23711492905636344,653.0,0.10793941540541954,490.0,0.0,701.5,-8.0,552.5,-1.0,382.0,6.206757069081616e-05,655.0,592.375,25.0
TF:WPT_dada_tk_std,2,0.00019559310749173164,800.0,0.17257041916438623,634.0,0.20970359025827934,705.0,0.11546060182261372,453.0,0.0,701.5,-7.0,452.5,-1.0,382.0,7.343138392901729e-05,611.0,592.375,25.0
TF:lbp_b14,2,3.9427395677194e-06,882.0,0.1804624709753916,600.0,0.17519692829313227,750.0,0.11143708680409935,476.0,0.0,701.5,-5.0,252.5,-1.0,382.0,5.05392914993296e-05,706.0,593.75,25.0
TF:Et_mean,2,0.0006923989276401699,731.0,0.17019839973447273,648.0,0.2815746455603816,573.0,0.11273877671128853,470.0,0.0,701.5,-9.0,652.5,-1.0,382.0,7.499445199406642e-05,597.0,594.375,25.0
TF:WPT_dada_tk_mean,2,5.286704617901705e-05,828.0,0.24267308165523196,288.0,0.3267583942239085,474.0,0.03587987532770478,808.0,0.0,701.5,-10.0,752.5,-1.0,382.0,8.591623206145266e-05,559.0,599.125,25.0
SPAT:sp_edge_density,2,0.02159670554101467,528.0,0.12039950873461454,787.0,0.09610143109329661,868.0,0.19049666666666606,192.0,0.0,701.5,-3.0,52.5,-24.0,806.5,3.0132233043388984e-05,860.0,599.4375,25.0
TF:WPT_ddda_tk_std,2,0.0008495515794493258,722.0,0.17607619892799084,620.0,0.21127472460425345,697.0,0.09936239820090433,533.0,0.0,701.5,-7.0,452.5,-1.0,382.0,5.2479034616229374e-05,695.0,600.375,25.0
TF:WPT_adaa_range,2,0.890160322189331,251.5,0.1560565832426469,696.5,0.1895670000818197,732.0,0.03361241633672511,828.5,0.0,701.5,-8.0,552.5,-1.0,382.0,5.599293183248295e-05,685.0,603.6875,25.0
TF:WPT_adda_rel_energy,2,0.0018400296103209257,680.0,0.24524814281994278,265.0,0.33011068003903743,453.0,0.03168555296783293,837.0,0.0,701.5,-11.0,852.5,-1.0,382.0,6.124455159494833e-05,660.0,603.875,25.0
TF:WPT_dada_range,2,0.06902585178613663,453.5,0.17964414127046494,608.5,0.1876959029017624,735.0,0.16540886436387042,283.5,0.0,701.5,-12.0,952.5,-1.0,382.0,4.537765552291474e-05,729.0,605.6875,25.0
TF:WPT_daad_std,2,6.266443233471364e-05,822.0,0.2447786427235815,268.0,0.3400903892371372,419.0,0.035101103274809926,813.0,0.0,701.5,-11.0,852.5,-1.0,382.0,7.346531274778541e-05,609.0,608.375,25.0
TF:WPT_dada_p2p,2,0.06902585178613663,453.5,0.17964414127046494,608.5,0.18773808294394234,734.0,0.16540886436387042,283.5,0.0,701.5,-12.0,952.5,-1.0,382.0,3.946740124481886e-05,776.0,611.4375,25.0
TF:WPT_dadd_rms,2,0.00042825014679692686,751.0,0.24182679020697984,293.0,0.3278602703319691,469.0,0.03905390346138297,792.0,0.0,701.5,-11.0,852.5,-1.0,382.0,5.876193407379136e-05,673.0,614.25,25.0
TF:Et_skew,2,0.5717592835426331,293.0,0.1478857022197765,730.0,0.14354619361510457,804.0,0.0868598472603642,566.0,0.0,701.5,-4.0,152.5,-19.0,801.0,2.6154121220176394e-05,886.0,616.75,25.0
TIME:energy_centroid,2,0.6612744331359863,276.0,0.09432985126743959,828.0,0.23494849509423998,661.0,0.09564604397658512,541.0,0.0,701.5,-11.0,852.5,-1.0,382.0,5.030533326147715e-05,709.0,618.875,25.0
TF:WPT_aada_min,2,2.410646915435791,212.0,0.16474734965164575,664.0,0.16683464771994538,766.0,0.11539343405840849,455.0,0.0,701.5,-10.0,752.5,-2.0,774.0,6.66122287859896e-05,631.0,619.5,25.0
FREQ:cepstral_6,2,0.0019333502277731895,675.0,0.13442983614157866,760.0,0.08855753608925143,880.0,0.06374370836846203,641.0,0.0,701.5,-4.0,152.5,-1.0,382.0,3.9911492764188446e-05,772.0,620.5,25.0
TF:WPT_dada_rms,2,0.0012277747737243772,701.0,0.2347932011007271,335.0,0.33333934780227414,440.0,0.046027756533101004,756.0,0.0,701.5,-12.0,952.5,-1.0,382.0,5.148766264522119e-05,699.0,620.875,25.0
TF:WPT_daad_rms,2,6.284629489528015e-05,821.0,0.2447888457100861,267.0,0.338994945112876,424.0,0.035049602489625686,814.0,0.0,701.5,-11.0,852.5,-1.0,382.0,5.007178242259427e-05,711.0,621.625,25.0
TF:WPT_ddaa_max,2,0.031966835260391235,500.0,0.16481910633426103,663.0,0.16134714812354023,778.0,0.06599362862328939,637.0,0.0,701.5,-9.0,652.5,-1.0,382.0,5.6990115810749894e-05,681.0,624.375,25.0
TF:WPT_daaa_tk_mean,2,2.772361784586508e-10,945.0,0.21924643104673633,394.0,0.31141833462784696,508.0,0.0229912434297827,873.0,0.0,701.5,-7.0,452.5,-1.0,382.0,4.360035501162729e-05,741.0,624.625,25.0
TF:stft_mean,2,1.048310505069594e-08,938.0,0.1701982933487726,649.0,0.2816253185027602,571.0,0.112738775967581,471.0,0.0,701.5,-9.0,652.5,-1.0,382.0,6.52642360715624e-05,637.0,625.25,25.0
TF:WPT_adaa_tk_std,2,0.01946294493973255,535.0,0.11866199082456981,790.0,0.23073600893968438,666.0,0.023401522798096038,870.0,0.0,701.5,-7.0,452.5,-1.0,382.0,7.371436368483e-05,606.0,625.375,25.0
TF:WPT_dadd_std,2,0.0004280782595742494,752.0,0.24182723249095098,292.0,0.32902361533786983,454.0,0.0390521273665212,793.0,0.0,701.5,-11.0,852.5,-1.0,382.0,3.597058501439536e-05,804.0,628.875,25.0
TF:WPT_adad_max,2,0.46447739005088806,312.0,0.15190556780258016,714.0,0.16469017018662901,772.0,0.07815460776776299,601.0,0.0,701.5,-6.0,352.5,-5.0,787.5,3.67838623195093e-05,799.0,629.9375,25.0
TF:WPT_daad_tk_mean,2,1.401948850343615e-07,928.0,0.2514165555513905,214.0,0.3272861334716093,471.0,0.03560997024415707,810.0,0.0,701.5,-10.0,752.5,-1.0,382.0,3.636203721057619e-05,802.0,632.625,25.0
TF:WPT_adaa_max,2,0.3228597044944763,335.0,0.12966146445680884,770.0,0.15286372390860015,790.0,0.025550429516827497,867.0,0.0,701.5,-4.0,152.5,-2.0,774.0,5.357859133757351e-05,688.0,634.75,25.0
TF:WPT_adaa_tk_max,2,5.910242557525635,172.0,0.10380145995065547,816.0,0.17164930946560153,755.0,0.022381955140611903,878.0,0.0,701.5,-9.0,652.5,-1.0,382.0,4.6019720901974774e-05,727.0,635.5,25.0
TF:WPT_dada_std,2,0.0012251867447048426,703.0,0.23480310192460985,334.0,0.3315232624951423,448.0,0.046062335161016335,755.0,0.0,701.5,-12.0,952.5,-1.0,382.0,3.5235225867991334e-05,812.0,636.0,25.0
TF:WPT_daaa_log_energy,2,0.3389916718006134,331.0,0.21341836162582029,412.0,0.24834804238709074,633.0,0.0636414590397106,643.0,0.0,701.5,-9.0,652.5,-42.0,824.5,2.2487543955110938e-05,919.0,639.5625,25.0
TF:WPT_dadd_tk_mean,2,5.007345862395596e-06,879.0,0.25169895300584405,211.0,0.33812943630092995,427.0,0.038635740181815315,794.0,0.0,701.5,-11.0,852.5,-1.0,382.0,2.6136797360788736e-05,887.0,641.75,25.0
TF:WPT_adda_min,2,2.1723058223724365,222.0,0.15765595640829158,692.0,0.15345278072416013,789.0,0.10891933660893362,485.0,0.0,701.5,-8.0,552.5,-9.0,791.0,2.3833485104109213e-05,908.0,642.625,25.0
TF:lbp_b27,2,2.483466232661158e-06,895.0,0.1624928570818262,675.0,0.16424887982252878,773.0,0.11129981070433591,478.0,0.0,701.5,-8.0,552.5,-1.0,382.0,4.068023358796243e-05,761.0,652.25,25.0
TF:mod6_spread,2,0.30648380517959595,345.0,0.12045043143754323,786.0,0.09964993915305831,866.0,0.0424930860142381,768.0,0.0,701.5,-4.0,152.5,-28.0,810.5,3.68659503936169e-05,798.0,653.4375,25.0
TF:WPT_dada_rel_energy,2,1.8649477340204612e-07,926.0,0.24572284153989168,260.0,0.32365483271191575,479.0,0.032220858955887874,834.0,0.0,701.5,-11.0,852.5,-1.0,382.0,3.551397253504336e-05,809.0,655.5,25.0
FREQ:cepstral_8,2,0.0005949854967184365,739.0,0.11862297006723733,791.0,0.11142738483835002,850.0,0.06362165405924196,644.0,0.0,701.5,-5.0,252.5,-1.0,382.0,2.4725381676629105e-05,898.0,657.25,25.0
TF:mod3_spread,2,0.3059159219264984,346.0,0.1400211319375665,749.0,0.09940919276649707,867.0,0.0453147916049249,758.0,0.0,701.5,-5.0,252.5,-2.0,774.0,3.461325137440884e-05,815.0,657.875,25.0
TF:WPT_dddd_min,2,0.10775064677000046,409.0,0.14679574243443833,733.0,0.155106806613873,788.0,0.09654134870055583,539.0,0.0,701.5,-7.0,452.5,-2.0,774.0,2.8845573530058907e-05,867.0,658.0,25.0
TF:WPT_daad_rel_energy,2,4.685610233146065e-10,943.0,0.2524584958679652,207.0,0.3353880577718247,435.0,0.034926693978748535,816.0,0.0,701.5,-12.0,952.5,-1.0,382.0,2.8926700104158986e-05,866.0,662.875,25.0
TF:Et_kurt,2,8.775117874145508,161.0,0.06488721144409919,865.0,0.05244136584379344,907.0,0.04621540541255192,754.0,0.0,701.5,-4.0,152.5,-56.0,838.5,1.9825272870504086e-05,933.0,664.0625,25.0
TF:lbp_b6,2,1.109903905671672e-06,907.0,0.11814661059491656,792.0,0.11470644992462775,848.0,0.05191680423831516,721.0,0.0,701.5,-5.0,252.5,-1.0,382.0,4.919234235144174e-05,714.0,664.75,25.0
TF:mod7_spread,2,0.3089046776294708,343.0,0.12187245168250722,785.0,0.10743759675540998,852.0,0.03467848168340731,818.0,0.0,701.5,-5.0,252.5,-22.0,804.5,3.915384489275919e-05,778.0,666.8125,25.0
TF:mod5_spread,2,0.2945020794868469,353.0,0.12189464877807477,784.0,0.08770191787693804,883.0,0.04297727551000485,764.0,0.0,701.5,-5.0,252.5,-2.0,774.0,3.385214161580736e-05,824.0,667.0,25.0
TF:mod8_spread,2,0.30144789814949036,347.0,0.12282428090270131,781.0,0.09282298280044854,873.0,0.024874251527749264,868.0,0.0,701.5,-5.0,252.5,-19.0,801.0,4.791042841003255e-05,721.0,668.125,25.0
TF:WPT_daaa_entropy,2,4.254330635070801,183.0,0.07650022704302209,853.0,0.08200548684954745,891.0,0.043176851568952374,763.0,0.0,701.5,-5.0,252.5,-70.0,852.0,3.097392465311974e-05,853.0,668.625,25.0
SPAT:sp_q75,2,0.0528654046356678,469.0,0.1485062241887897,727.0,0.08341205918674222,889.0,0.0503200000000012,733.0,0.0,701.5,-3.0,52.5,-169.0,951.0,3.3761179425384826e-05,826.0,668.625,25.0
TF:mod2_spread,2,0.28380924463272095,358.0,0.13697296968680123,752.0,0.1075959158058577,851.0,0.03841465516784872,796.0,0.0,701.5,-5.0,252.5,-24.0,806.5,3.240518538898285e-05,841.0,669.8125,25.0
TF:WPT_adaa_min,2,0.3118413984775543,340.0,0.1317308588517152,768.0,0.14503424488082084,803.0,0.02811304696617917,859.0,0.0,701.5,-5.0,252.5,-9.0,791.0,2.458498597539368e-05,902.0,677.125,25.0
TF:WPT_daad_skew,2,0.6705354452133179,273.0,0.009360834318209261,908.0,0.1849351692071992,738.0,-0.011987638755922552,1001.0,0.0,701.5,-4.0,152.5,-146.0,928.5,3.2998459037895645e-05,834.0,692.0625,25.0
TF:WPT_daaa_skew,2,102.46149444580078,93.0,0.005230997115052187,945.0,0.05599129843170969,904.0,0.03132964382205684,838.0,0.0,701.5,-5.0,252.5,-95.0,877.0,1.8235249542264623e-05,939.0,693.75,25.0
TF:mod9_spread,2,0.2890889644622803,356.0,0.1126694134393833,806.0,0.09114824245198916,876.0,0.029566902872239845,853.0,0.0,701.5,-6.0,352.5,-14.0,796.0,3.391748503563434e-05,823.0,695.5,25.0
TF:mod10_spread,2,0.2537413537502289,361.0,0.07650194961647631,852.0,0.08566634668447959,885.0,0.021734489024463254,882.0,0.0,701.5,-5.0,252.5,-112.0,894.5,4.2988769812456465e-05,747.0,696.9375,25.0
TF:WPT_adda_skew,2,1.0126045942306519,248.0,0.017077692611465554,892.0,0.2578879532129159,618.0,-0.0005265553787742258,978.0,0.0,701.5,-7.0,452.5,-77.0,859.0,3.3445661507247155e-05,828.0,697.125,25.0
TF:mod1_spread,2,0.2854557931423187,357.0,0.12628645679093295,780.0,0.09038424579995175,878.0,0.037530447502789735,800.0,0.0,701.5,-6.0,352.5,-35.0,817.5,2.4876494033456238e-05,896.0,697.8125,25.0
TF:stft_p10,2,1.0295663662213773e-31,962.0,8.216126164733389e-05,956.0,0.000862080660961162,972.0,0.05041996018555231,732.0,79.0,322.0,-6.0,352.5,-2.0,774.0,6.842055114514864e-05,628.0,712.3125,25.0
TF:WPT_addd_skew,2,0.5305610299110413,301.0,0.013224541177983216,897.0,0.2242408555051969,679.0,-0.006729650760835536,992.0,0.0,701.5,-6.0,352.5,-138.0,920.0,2.0739063083464304e-05,929.0,721.5,25.0
FREQ:hist_entropy,2,0.0614297017455101,459.0,0.10217677395943824,821.0,0.06325263893576683,899.0,0.03574155910670086,809.0,0.0,701.5,-5.0,252.5,-142.0,924.5,2.2045394718750845e-05,924.0,723.8125,25.0
TF:WPT_dadd_skew,2,0.3230040669441223,334.0,0.0067662083798383935,933.0,0.20983671406938553,704.0,-0.007059681052821821,994.0,0.0,701.5,-7.0,452.5,-160.0,942.5,3.806447499425046e-05,793.0,731.8125,25.0
TF:DWT_L2_median,2,0.013246901333332062,565.0,0.028543158695886858,886.0,0.090407157594524,877.0,0.05446809343583295,697.0,0.0,701.5,-7.0,452.5,-88.0,870.5,2.936257222515947e-05,865.0,739.3125,25.0
TF:DWT_L2_skew,2,0.37491804361343384,322.0,0.031803390968478416,881.0,0.1553630751868158,787.0,0.019667518028224463,886.0,0.0,701.5,-9.0,652.5,-73.0,855.0,3.0902048558833485e-05,854.0,742.375,25.0
TF:DWT_L3_skew,2,0.31689682602882385,336.5,0.03507842338798089,878.5,0.17524889914287378,749.0,0.00721668633222463,923.5,0.0,701.5,-8.0,552.5,-78.0,860.0,1.7063790559132185e-05,947.0,743.5625,25.0
SPAT:st_traj_drift,2,0.4725865423679352,310.0,0.01230975937759164,899.0,0.025214789408045224,933.0,-0.0007500147419401668,981.0,0.0,701.5,-7.0,452.5,-90.0,872.0,3.226118002104033e-05,842.0,748.875,25.0
TF:DWT_L1_median,2,0.03299107775092125,497.0,0.023817994077245563,889.0,0.056505214496267,903.0,0.05083749939773064,728.0,0.0,701.5,-8.0,552.5,-97.0,879.5,2.835768747575793e-05,871.0,752.6875,25.0
TF:DWT_L3_median,2,0.0038939008954912424,632.5,0.04280905620873878,875.5,0.10636166319729323,855.5,0.029823089478240094,850.5,0.0,701.5,-6.0,352.5,-84.0,866.0,2.3760999128746398e-05,912.0,755.75,25.0
TF:DWT_L0_mean,2,0.09046729654073715,433.0,0.0034552445964303787,952.0,0.07296896823630972,896.0,0.0342113886117115,822.0,0.0,701.5,-8.0,552.5,-122.0,904.0,2.7231307918003155e-05,880.0,767.625,25.0
TF:DWT_L2_mean,2,0.013350148685276508,563.0,0.008746559117115341,913.0,0.011473866566748203,946.0,0.008053053325502069,918.0,0.0,701.5,-6.0,352.5,-131.0,913.0,2.7494253851528612e-05,879.0,773.25,25.0
FREQ:pow_mean,2,1.7576285600662231,229.0,0.003412218439922012,953.0,0.0,989.0,0.00035333333333333305,930.0,0.0,701.5,-7.0,452.5,-198.0,980.5,0.0,979.0,776.8125,25.0
TF:DWT_L3_mean,2,0.0038402697537094355,634.5,0.008126525750526347,918.5,0.012821378758898216,943.5,-0.0031062783702095137,985.5,0.0,701.5,-6.0,352.5,-112.0,894.5,1.8724990421229905e-05,938.0,796.0625,25.0
TF:DWT_L1_mean,2,0.04129497706890106,482.0,0.00585572424245778,940.0,0.03379147949637851,921.0,0.01150990844162168,907.0,0.0,701.5,-10.0,752.5,-144.0,926.0,2.2394970280309497e-05,920.0,818.75,25.0
FREQ:psd_min,2,0.0,984.5,1.295743543073018e-23,967.0,0.0016253638001488824,968.0,0.010509634462819696,910.0,0.0,701.5,-7.0,452.5,-132.0,914.0,2.679546540647113e-05,883.0,847.5625,25.0
TF:WPT_dada_tk_max,1,0.029131853953003883,508.0,0.16349954126773825,672.0,0.17626997602553685,747.0,0.09558990316753437,542.0,0.0,701.5,-5.0,252.5,-1.0,382.0,5.656976884686933e-05,684.0,561.125,12.5
TF:glcm_29_entropy_d2_a1,1,0.010788473300635815,576.5,0.1327961228215722,764.5,0.1973988624228169,721.0,0.1656553602131066,281.5,0.0,701.5,-9.0,652.5,-1.0,382.0,7.065983449489132e-05,621.0,587.5625,12.5
TF:lbp_b8,1,7.406026270473376e-06,874.0,0.1732809278567876,632.0,0.12647150731008905,823.0,0.08097756803422487,586.0,0.0,701.5,-4.0,152.5,-1.0,382.0,8.439024232327165e-05,567.0,589.75,12.5
TF:WPT_dadd_tk_std,1,1.465705645387061e-05,860.0,0.19421928025270532,531.0,0.20837549684103873,709.0,0.08884845887352454,561.0,0.0,701.5,-6.0,352.5,-1.0,382.0,6.122700835498535e-05,661.0,594.75,12.5
TF:WPT_dadd_p2p,1,0.02207803539931774,523.5,0.16313451022020353,673.5,0.1727350057857442,753.0,0.1349929834706046,387.5,0.0,701.5,-10.0,752.5,-1.0,382.0,5.790662631216612e-05,677.0,606.3125,12.5
TF:WPT_ddaa_tk_max,1,0.028138773515820503,512.0,0.14724917025888942,731.0,0.16505344523164833,771.0,0.05508340314879605,695.0,0.0,701.5,-8.0,552.5,-1.0,382.0,8.308429462305366e-05,574.0,614.875,12.5
SPAT:st_direction,1,0.00015218675252981484,805.0,0.10634073689285996,812.0,0.1261844233588869,825.0,0.07746997517143447,603.0,0.0,701.5,-4.0,152.5,-1.0,382.0,6.303613051211683e-05,652.0,616.625,12.5
TF:WPT_dddd_tk_max,1,0.6121934652328491,288.0,0.14973981246039927,723.0,0.17772544114614597,745.0,0.08039008547237309,588.0,0.0,701.5,-10.0,752.5,-1.0,382.0,4.025799627171677e-05,765.0,618.125,12.5
TF:hog_b4,1,1.3681930795428343e-05,864.0,0.16828953969401908,654.0,0.1288749455387581,819.0,0.06287320125169042,646.0,0.0,701.5,-4.0,152.5,-1.0,382.0,4.007879575736696e-05,768.0,623.375,12.5
TF:WPT_dadd_range,1,0.02207803539931774,523.5,0.16313451022020353,673.5,0.17270295091165533,754.0,0.1349929834706046,387.5,0.0,701.5,-10.0,752.5,-1.0,382.0,3.16847903191925e-05,846.0,627.5625,12.5
TF:WPT_addd_max,1,1.1632435321807861,243.0,0.1493680950176083,726.0,0.15242769669685385,792.0,0.08993353534316255,551.0,0.0,701.5,-8.0,552.5,-2.0,774.0,4.420522979131379e-05,738.0,634.75,12.5
TF:WPT_ddad_min,1,0.08966192603111267,434.0,0.16194943555558383,678.0,0.166352178484924,767.0,0.08025459706965357,590.0,0.0,701.5,-10.0,752.5,-1.0,382.0,3.958014252156146e-05,775.0,635.0,12.5
TF:lbp_b10,1,2.6087627702509053e-06,891.0,0.16837253413899975,653.0,0.1942239136429369,725.0,0.12853312282301999,405.0,0.0,701.5,-9.0,652.5,-1.0,382.0,5.7109555663346646e-05,679.0,636.125,12.5
TIME:seg_energy_7,1,0.004736721981316805,622.0,0.07724525728601857,850.0,0.30969165109241414,512.0,0.07433171035744916,618.0,0.0,701.5,-4.0,152.5,-19.0,801.0,2.8353054914525924e-05,872.0,641.125,12.5
TF:WPT_dada_min,1,0.02178271673619747,526.0,0.16039838178568905,681.0,0.15275000872235234,791.0,0.10570889859023369,500.0,0.0,701.5,-11.0,852.5,-1.0,382.0,5.0484829210997026e-05,708.0,642.75,12.5
SPAT:st_linearity_r2,1,0.01745995320379734,542.0,0.07751583332896163,849.0,0.02678264772084704,931.0,0.041642277521341385,779.0,0.0,701.5,-5.0,252.5,-1.0,382.0,4.065187400428077e-05,762.0,649.875,12.5
TF:lbp_b29,1,1.7965628558158642e-06,900.0,0.16824643948508086,655.0,0.22709045068195222,674.0,0.1017431258975976,522.0,0.0,701.5,-6.0,352.5,-2.0,774.0,6.143000007647907e-05,659.0,654.75,12.5
TF:WPT_dadd_tk_max,1,0.0019100570352748036,677.0,0.15267552998549802,710.0,0.1683333210343867,763.0,0.07976421198027796,592.0,0.0,701.5,-4.0,152.5,-2.0,774.0,2.3769214675049153e-05,911.0,660.125,12.5
TF:WPT_dddd_zcr,1,0.0008653318509459496,720.0,0.1519676024678065,713.0,0.10729051617110086,853.0,0.06206403954546638,653.0,0.0,701.5,-6.0,352.5,-1.0,382.0,1.8923448474034793e-05,935.0,663.75,12.5
TIME:seg_energy_5,1,0.003665192285552621,637.0,0.07018818685137881,859.0,0.28657379644637393,557.0,0.061343266249794554,658.0,0.0,701.5,-6.0,352.5,-19.0,801.0,4.251599507990813e-05,750.0,664.5,12.5
FREQ:cepstral_3,1,0.006611446850001812,601.0,0.13560138597252738,755.0,0.10540372117027319,858.0,0.06808839877300138,633.0,0.0,701.5,-8.0,552.5,-1.0,382.0,3.24827102723202e-05,838.0,665.125,12.5
TF:WPT_dadd_min,1,0.006379412021487951,604.0,0.1549517980522175,703.0,0.1493989455609137,796.0,0.09964684951589632,531.0,0.0,701.5,-7.0,452.5,-22.0,804.5,4.0063239118346826e-05,769.0,670.1875,12.5
TF:WPT_dada_max,1,0.0215130727738142,529.0,0.16038594958631497,682.0,0.15783948216112265,782.0,0.11374821483450467,465.0,0.0,701.5,-9.0,652.5,-2.0,774.0,3.8824101905930945e-05,786.0,671.5,12.5
TIME:hist_b14,1,6.432444024540018e-06,875.0,0.15543723656662592,700.0,0.15095335541000088,794.0,0.053368797814207614,704.0,0.0,701.5,-4.0,152.5,-46.0,828.5,5.3094942487120395e-05,691.0,680.8125,12.5
TF:hog_b13,1,1.1603423445194494e-05,867.0,0.14825696301703936,728.0,0.11775172250041877,839.0,0.08617187801307939,567.0,0.0,701.5,-4.0,152.5,-35.0,817.5,3.9656818348805835e-05,774.0,680.8125,12.5
FREQ:cepstral_5,1,0.0011285755317658186,708.0,0.15440359619349472,705.0,0.137699231077816,809.0,0.05410581911418078,699.0,0.0,701.5,-4.0,152.5,-14.0,796.0,2.6218312904211783e-05,885.0,682.0,12.5
TF:WPT_ddda_min,1,0.04885324835777283,471.0,0.14977906120641574,722.0,0.1477179008356604,800.0,0.09986451296498032,530.0,0.0,701.5,-9.0,652.5,-3.0,785.0,3.638431344405504e-05,801.0,682.875,12.5
TF:mod11_centroid,1,7.535446643829346,164.0,0.171820005852131,640.0,0.16949311146010437,760.0,0.026693469540061444,862.0,0.0,701.5,-9.0,652.5,-68.0,850.5,3.0037923631401112e-05,862.0,686.5625,12.5
TIME:seg_energy_8,1,0.00344833149574697,641.0,0.01507134671833187,895.0,0.27887157459656997,583.0,0.07010141054837817,628.0,0.0,701.5,-7.0,452.5,-32.0,814.5,3.8785917977249386e-05,787.0,687.8125,12.5
TF:WPT_adaa_kurt,1,397.0035705566406,69.0,0.07695522116854979,851.0,0.15781848369043727,783.0,0.016902609979506825,893.0,0.0,701.5,-10.0,752.5,-30.0,812.0,5.150510640902317e-05,698.0,695.0,12.5
FREQ:cepstral_7,1,0.0008626239723525941,721.0,0.131957985327905,767.0,0.10041557728908357,864.0,0.059970884944327923,671.0,0.0,701.5,-4.0,152.5,-62.0,844.0,2.8019684871109637e-05,875.0,699.5,12.5
TF:WPT_ddda_zcr,1,0.0007265895837917924,729.0,0.15225777896306988,712.0,0.07919391264600018,892.0,0.05095434214607652,727.0,0.0,701.5,-6.0,352.5,-32.0,814.5,5.0487162336534866e-05,707.0,704.4375,12.5
TF:mod0_spread,1,0.2895638346672058,355.0,0.1291352757006763,772.0,0.06040281535948955,901.0,0.05968395238451601,673.0,0.0,701.5,-8.0,552.5,-19.0,801.0,2.0071387649723063e-05,930.0,710.75,12.5
TF:WPT_daaa_kurt,1,21446.861328125,43.0,0.1021482386742187,822.0,0.0918806752071668,874.0,0.03621990826801338,805.0,0.0,701.5,-10.0,752.5,-91.0,873.0,3.37964357346762e-05,825.0,712.0,12.5
TF:WPT_dadd_max,1,0.006408505141735077,603.0,0.14819462558478955,729.0,0.15061443976843858,795.0,0.10910704482648677,484.0,0.0,701.5,-11.0,852.5,-2.0,774.0,3.89531828040081e-05,782.0,715.125,12.5
TF:WPT_adad_skew,1,0.7916111946105957,262.0,0.006026156204757077,937.0,0.24524496235246174,641.0,-0.0055623942200738186,989.0,0.0,701.5,-8.0,552.5,-59.0,841.0,2.8798153255973255e-05,868.0,724.0,12.5
TF:WPT_adaa_zcr,1,0.0006532713305205107,735.0,0.15114314139371843,719.0,0.10387228095388545,861.0,0.06749613504838546,634.0,0.0,701.5,-6.0,352.5,-104.0,886.5,2.4180603237604615e-05,907.0,724.5625,12.5
TF:WPT_daad_min,1,0.0016593250911682844,684.0,0.13910203800230522,751.0,0.12204570545978433,831.0,0.0524019214582932,714.0,0.0,701.5,-6.0,352.5,-44.0,826.5,1.717013987681124e-05,945.0,725.6875,12.5
TF:mod11_spread,1,0.40868034958839417,317.0,0.11718219052688296,795.0,0.09023640670076327,879.0,0.014689691617317036,898.0,0.0,701.5,-8.0,552.5,-127.0,909.5,4.087388809174146e-05,758.0,726.3125,12.5
TF:WPT_dddd_median,1,0.00011402392556192353,811.0,0.006205532359804578,935.0,0.11657152833976703,846.0,0.03496777963840959,815.0,0.0,701.5,-4.0,152.5,-46.0,828.5,4.454276148834973e-05,734.0,727.9375,12.5
TF:WPT_dada_skew,1,1.0646144151687622,245.0,0.0045863487858321976,947.0,0.2625879488713503,608.0,-0.00809785538817291,997.0,0.0,701.5,-8.0,552.5,-110.0,892.5,2.504563972078025e-05,893.0,729.5625,12.5
FREQ:hist_b23,1,0.019999191164970398,534.0,0.10332653287372102,817.0,0.12551767094645339,828.0,0.018665320473084942,888.0,0.0,701.5,-6.0,352.5,-97.0,879.5,3.246452168225305e-05,839.0,729.9375,12.5
TF:WPT_aaad_skew,1,0.31689682602882385,336.5,0.03507842338798089,878.5,0.17525374224649637,748.0,0.00721668633222463,923.5,0.0,701.5,-8.0,552.5,-55.0,837.0,2.6802438068133812e-05,882.0,732.4375,12.5
TF:WPT_aadd_median,1,0.003296526148915291,645.0,0.01352412587998608,896.0,0.10241522848733986,862.0,0.015092568778495583,897.0,0.0,701.5,-5.0,252.5,-79.0,861.0,4.30045229712064e-05,746.0,732.625,12.5
TF:WPT_ddaa_zcr,1,0.0006059313891455531,737.0,0.12221650824959777,783.0,0.053514005554807564,906.0,0.03336867456363362,830.0,0.0,701.5,-4.0,152.5,-71.0,853.0,2.471956385104107e-05,899.0,732.75,12.5
TF:WPT_aadd_skew,1,0.8267542123794556,261.0,0.010605445403919484,904.0,0.2444046290586419,644.0,-0.007089549189475411,995.0,0.0,701.5,-8.0,552.5,-114.0,896.5,2.3123768288917107e-05,917.0,733.9375,12.5
TF:WPT_ddad_skew,1,1.0108792781829834,249.0,0.016868096688519966,893.0,0.2261745709045564,675.0,-0.010280569005505382,999.0,0.0,701.5,-10.0,752.5,-86.0,868.5,4.457002739725303e-05,733.0,733.9375,12.5
TF:WPT_dada_zcr,1,0.0005629667430184782,742.0,0.08952948596902309,837.0,0.022499368803495123,937.0,0.02092022745406016,883.0,0.0,701.5,-4.0,152.5,-39.0,821.0,3.527747231537753e-05,810.0,735.5,12.5
TF:WPT_adda_median,1,0.0023246039636433125,667.0,0.010248747595172586,906.0,0.12056305360520136,835.0,0.028559459089024568,857.0,0.0,701.5,-6.0,352.5,-61.0,843.0,4.6350670989442436e-05,726.0,736.0,12.5
TF:lbp_b11,1,1.1172619451826904e-06,906.0,0.14304689728728578,745.0,0.08838959003307023,881.0,0.06009220382160113,669.0,0.0,701.5,-5.0,252.5,-49.0,831.0,2.4533247434685138e-05,903.0,736.125,12.5
TF:WPT_aada_skew,1,0.8736748099327087,255.0,0.0076240308868926535,925.0,0.26134524150259564,610.0,-0.009277563257321528,998.0,0.0,701.5,-9.0,652.5,-114.0,896.5,3.0389757243006492e-05,858.0,737.0625,12.5
TF:lbp_b26,1,9.344165050606534e-07,912.0,0.12645340459634155,779.0,0.08324545965527497,890.0,0.06582316394686816,638.0,0.0,701.5,-5.0,252.5,-50.0,832.5,2.4843051586592297e-05,897.0,737.8125,12.5
FREQ:hist_b24,1,0.026465972885489464,515.0,0.030780720914650412,884.0,0.12129747033104898,833.0,0.030670676198586204,844.0,0.0,701.5,-7.0,452.5,-118.0,900.0,3.9388981640972986e-05,777.0,738.375,12.5
TF:mod11_entropy,1,0.0047322786413133144,623.0,0.08620986276318111,843.0,0.03839007305185227,917.0,0.0029213988800846184,928.0,0.0,701.5,-4.0,152.5,-99.0,881.5,2.8366891694160742e-05,870.0,739.5625,12.5
TF:WPT_daaa_max,1,0.017203375697135925,547.0,0.10222192070318098,820.0,0.10119838071852083,863.0,0.01848743281704557,889.0,0.0,701.5,-5.0,252.5,-153.0,935.5,2.3320672439049867e-05,915.0,740.4375,12.5
TF:WPT_ddda_skew,1,0.7826435565948486,263.0,0.012751747491459133,898.0,0.23108844614029822,664.0,-0.0061394975230169395,990.0,0.0,701.5,-9.0,652.5,-81.0,863.0,2.449709702814705e-05,904.0,742.0,12.5
TF:WPT_adad_median,1,0.0006856771651655436,733.0,0.006147049542021031,936.0,0.11767797283993531,841.0,0.03471802735840018,817.0,0.0,701.5,-5.0,252.5,-99.0,881.5,3.892424557240902e-05,783.0,743.1875,12.5
FREQ:hist_b22,1,0.006741085089743137,600.0,0.0779572038957682,848.0,0.08738858151366546,884.0,-0.0005574135733858256,979.0,0.0,701.5,-4.0,152.5,-160.0,942.5,3.0612447055886204e-05,856.0,745.4375,12.5
TF:DWT_L4_median,1,0.0013516877079382539,696.0,0.0523741502560851,870.0,0.1286036683124192,820.0,0.02914636986611261,854.0,0.0,701.5,-5.0,252.5,-106.0,888.5,2.57273863713054e-05,889.0,746.4375,12.5
TF:WPT_aaad_median,1,0.0038939008954912424,632.5,0.04280905620873878,875.5,0.10636166319729323,855.5,0.029823089478240094,850.5,0.0,701.5,-6.0,352.5,-65.0,847.0,3.0124567221007846e-05,861.0,747.0,12.5
TF:WPT_daaa_tk_std,1,5.5084264261040516e-08,932.0,0.11519230886537073,797.0,0.22533308766999927,677.0,0.012306248542182267,904.0,0.0,701.5,-10.0,752.5,-2.0,774.0,0.00012642116461195714,458.0,749.5,12.5
FREQ:hist_b26,1,0.004209921695291996,627.0,0.07334847426051518,856.0,0.1420248768693435,806.0,0.018151868670803952,891.0,0.0,701.5,-7.0,452.5,-60.0,842.0,3.339786486980835e-05,830.0,750.75,12.5
TF:WPT_ddad_median,1,0.0001061349394149147,815.0,0.004821742244031635,946.0,0.12305263564555569,830.0,0.038587793299359054,795.0,0.0,701.5,-6.0,352.5,-93.0,875.5,4.921094186125458e-05,713.0,753.5625,12.5
TF:DWT_L5_median,1,8.04466035333462e-05,818.0,0.050569296841868706,871.0,0.11695575457411511,844.0,0.03239068502225041,833.0,0.0,701.5,-6.0,352.5,-127.0,909.5,5.139117749156994e-05,700.0,753.6875,12.5
FREQ:cepstral_1,1,0.08813842386007309,439.0,0.13322996405605092,762.0,0.08363278133264274,887.0,0.04779254865631482,752.0,0.0,701.5,-10.0,752.5,-85.0,867.0,2.7634393088695742e-05,878.0,754.875,12.5
TF:DWT_L5_skew,1,0.055523257702589035,468.0,0.035049355042489606,880.0,0.2304878425446577,667.0,-0.006750182982727888,993.0,0.0,701.5,-9.0,652.5,-80.0,862.0,3.437625885833847e-05,819.0,755.375,12.5
TF:WPT_aada_median,1,0.0025129341520369053,659.0,0.005840507915042873,941.0,0.11645512873680541,847.0,0.02812463486375013,858.0,0.0,701.5,-5.0,252.5,-88.0,870.5,2.3618897815186853e-05,914.0,755.4375,12.5
TF:WPT_addd_median,1,0.0010514685418456793,712.0,0.010312954333768573,905.0,0.12193682128288996,832.0,0.026185155380210295,865.0,0.0,701.5,-6.0,352.5,-76.0,858.0,3.291965900333448e-05,837.0,757.875,12.5
TF:WPT_ddda_median,1,3.4585282264743e-05,844.0,0.005697895053723992,942.0,0.10489286584831126,859.0,0.03131340188014028,839.0,0.0,701.5,-5.0,252.5,-72.0,854.0,3.908883414887615e-05,780.0,759.0,12.5
TF:WPT_dada_median,1,2.4794462660793215e-05,852.0,0.006908682205442364,932.0,0.12065349893577748,834.0,0.028661249155024427,856.0,0.0,701.5,-5.0,252.5,-110.0,892.5,4.2081470341234715e-05,753.0,759.1875,12.5
TF:WPT_ddaa_mean,1,9.39853816817049e-06,869.0,0.009030392378914244,909.0,0.07503626245342732,895.0,0.022746867785195232,875.0,0.0,701.5,-4.0,152.5,-96.0,878.0,3.576468742864127e-05,807.0,760.875,12.5
TF:hog_b12,1,7.881459168856964e-06,872.0,0.09667099791178259,826.0,0.04003462330441243,916.0,0.016689890601879885,894.0,0.0,701.5,-4.0,152.5,-108.0,890.5,3.159275331976731e-05,848.0,762.5625,12.5
TF:WPT_daad_zcr,1,0.0005124192102812231,744.0,0.08221817352681823,845.0,0.04072458823332603,915.0,0.016233191065792515,895.0,0.0,701.5,-5.0,252.5,-74.0,856.0,2.4925937396769835e-05,895.0,763.0,12.5
TF:lbp_b9,1,5.340319830793305e-07,918.0,0.1326374351541876,766.0,0.07541795637827375,894.0,0.04220486582744886,774.0,0.0,701.5,-5.0,252.5,-102.0,884.5,2.143245957160532e-05,925.0,764.4375,12.5
TF:WPT_ddad_zcr,1,0.0004907582770101726,747.0,0.07135797252173508,857.0,0.012654645596458014,945.0,0.010957778085088327,908.0,0.0,701.5,-4.0,152.5,-83.0,865.0,1.7123865103949843e-05,946.0,765.25,12.5
TF:DWT_L6_skew,1,0.0681338980793953,455.0,0.030668111474722235,885.0,0.2557450577744831,623.0,-0.006170221099685055,991.0,0.0,701.5,-9.0,652.5,-141.0,923.0,2.541211182202904e-05,892.0,765.375,12.5
TF:WPT_adaa_median,1,2.4052216758718714e-05,853.0,0.007514135410005525,926.0,0.1330679242428805,814.0,0.03777891512211835,799.0,0.0,701.5,-7.0,452.5,-86.0,868.5,4.870068225026768e-05,716.0,766.3125,12.5
TF:WPT_dddd_skew,1,0.952077329158783,250.0,0.0076462348377952785,924.0,0.22312073814556177,682.0,-0.005425093012111945,988.0,0.0,701.5,-10.0,752.5,-138.0,920.0,2.364359104302217e-05,913.0,766.375,12.5
TF:WPT_adaa_skew,1,2.722564220428467,201.0,0.00899701518260501,910.0,0.030849521458160112,926.0,0.022327366765013196,880.0,0.0,701.5,-9.0,652.5,-164.0,946.0,2.2270938986286266e-05,922.0,767.375,12.5
TF:WPT_dadd_median,1,3.596702072172775e-06,884.0,0.017815758995873333,891.0,0.1177032651475205,840.0,0.023015401713468775,872.0,0.0,701.5,-5.0,252.5,-152.0,934.0,3.890687576174623e-05,784.0,769.875,12.5
TF:WPT_ddaa_skew,1,0.7140052914619446,265.0,0.010180850661035414,907.0,0.11690346662395434,845.0,-0.014310079056794475,1002.0,0.0,701.5,-9.0,652.5,-146.0,928.5,2.8224504773756992e-05,874.0,771.9375,12.5
TF:WPT_daaa_zcr,1,0.00024401815608143806,791.0,0.031244025497529342,882.0,0.001773721182582122,966.0,0.009220573033780008,913.0,0.0,701.5,-4.0,152.5,-165.0,947.0,3.314159046884386e-05,833.0,773.25,12.5
TF:lbp_b25,1,7.972363391672843e-07,915.0,0.13015912232099042,769.0,0.08455325245182221,886.0,0.03390425574614807,825.0,0.0,701.5,-6.0,352.5,-162.0,944.0,3.3432748967842526e-05,829.0,777.75,12.5
TIME:hist_b15,1,8.0399274793308e-07,914.0,0.11486104699135104,798.0,0.09177467318819232,875.0,0.026120886075949406,866.0,0.0,701.5,-6.0,352.5,-155.0,937.0,3.5970129097891614e-05,805.0,781.125,12.5
TF:WPT_aaaa_mean,1,0.0013769717188552022,695.0,0.0035039084678666356,951.0,0.08354421260946854,888.0,0.0338801558279814,826.0,0.0,701.5,-6.0,352.5,-129.0,911.5,1.7995881655402832e-05,941.0,783.3125,12.5
TF:WPT_addd_mean,1,0.0007399627938866615,728.0,0.008787435222291452,912.0,0.04082788521333436,913.0,0.009857907882839839,911.0,0.0,701.5,-7.0,452.5,-123.0,905.0,4.316375890928013e-05,744.0,783.375,12.5
TF:WPT_daaa_median,1,1.4982969531729395e-08,937.0,0.006220698899202213,934.0,0.12323032140964063,829.0,0.03373031146691744,827.0,0.0,701.5,-6.0,352.5,-126.0,908.0,3.709125057525098e-05,796.0,785.625,12.5
TF:lbp_b18,1,3.8211024389056547e-07,919.0,0.08064882542087924,847.0,0.023998595935402545,935.0,0.03437752051136805,821.0,0.0,701.5,-6.0,352.5,-68.0,850.5,2.696453707105171e-05,881.0,788.4375,12.5
TF:lbp_b17,1,3.540136788160453e-07,921.0,0.09056410181771647,836.0,0.04515036114143767,912.0,0.01094312222704521,909.0,0.0,701.5,-4.0,152.5,-167.0,949.0,1.9317955655855274e-05,934.0,789.375,12.5
TF:WPT_dadd_mean,1,1.4848496903141495e-06,905.0,0.008367952124723075,916.0,0.034515194990079046,920.0,0.0063616036060939315,925.0,0.0,701.5,-4.0,152.5,-117.0,899.0,2.232656550361596e-05,921.0,792.5,12.5
TF:WPT_aaad_mean,1,0.0038402697537094355,634.5,0.008126525750526347,918.5,0.012821378758898216,943.5,-0.0031062783702095137,985.5,0.0,701.5,-6.0,352.5,-134.0,916.5,2.572465222700466e-05,890.0,792.8125,12.5
TF:WPT_aadd_mean,1,0.00378823047503829,636.0,0.003989518407214306,948.0,0.001881350982802843,965.0,-0.0016039778293832055,983.0,0.0,701.5,-6.0,352.5,-133.0,915.0,3.132504813328579e-05,850.0,793.875,12.5
TF:WPT_daad_median,1,1.522661477793008e-06,903.0,0.005414041792955603,944.0,0.10587947577279433,857.0,0.03083499841871404,843.0,0.0,701.5,-7.0,452.5,-136.0,918.0,4.313820377631949e-05,745.0,795.5,12.5
TF:WPT_adad_mean,1,0.0007440589834004641,727.0,0.005652462188009016,943.0,0.03284143687193897,923.0,0.014009364882494922,900.0,0.0,701.5,-6.0,352.5,-129.0,911.5,2.3167785394412355e-05,916.0,796.8125,12.5
TF:DWT_L5_mean,1,2.221087697762414e-06,896.0,0.008663549339786756,914.0,0.0644660571501432,898.0,0.02291731238526804,874.0,0.0,701.5,-7.0,452.5,-116.0,898.0,3.524216265672593e-05,811.0,805.625,12.5
TF:lbp_b13,1,2.3476515309539536e-07,924.0,0.05774157629467668,868.0,0.0058561380750647984,953.0,0.01228814803187364,905.0,0.0,701.5,-5.0,252.5,-142.0,924.5,2.103520156168534e-05,926.0,806.8125,12.5
TF:lbp_b20,1,2.6552305243399132e-08,935.0,0.06295448834113201,866.0,0.01847374680753955,938.0,-0.0006828069805858922,980.0,0.0,701.5,-5.0,252.5,-170.0,952.0,2.588583204536577e-05,888.0,814.125,12.5
SPAT:st_vel_mean,1,0.0004917658516205847,746.0,0.012309754568030544,900.0,0.025213044272609952,934.0,-0.0007500147434357523,982.0,0.0,701.5,-7.0,452.5,-121.0,903.0,2.0964778926897725e-05,927.0,818.25,12.5
TF:lbp_b4,1,6.415866238285162e-08,930.0,0.06593319487082935,862.0,0.03129567114342002,925.0,0.012425977106195056,903.0,0.0,701.5,-6.0,352.5,-149.0,931.0,1.7920658472306572e-05,943.0,818.5,12.5
TF:WPT_ddda_mean,1,2.6780366169987246e-05,848.0,0.008456523225860739,915.0,0.029411583491944615,929.0,0.007701318419516669,921.0,0.0,701.5,-7.0,452.5,-134.0,916.5,2.2543160850234486e-05,918.0,825.1875,12.5
TF:lbp_b5,1,4.1530306305048725e-08,933.0,0.035551104583238353,877.0,0.015040188179587854,941.0,0.007493188204097987,922.0,0.0,701.5,-6.0,352.5,-153.0,935.5,1.122352996403162e-05,953.0,826.9375,12.5
TF:lbp_b19,1,6.352063337544678e-07,917.0,0.09337235179153024,829.0,0.03053464426602126,927.0,0.006123604860952274,926.0,0.0,701.5,-7.0,452.5,-166.0,948.0,1.877407931977543e-05,936.0,829.625,12.5
TIME:mean,1,2.1828103575304457e-34,963.0,1.0377538340454e-07,961.0,0.0,989.0,0.0048184908963585515,927.0,0.0,701.5,-6.0,352.5,-150.0,932.0,3.121051365445975e-05,851.0,834.625,12.5
TF:stft_min,1,9.957170624712166e-38,966.0,2.7728729858600555e-08,963.0,0.0054107942598178305,955.0,0.009217925985216736,914.0,0.0,701.5,-7.0,452.5,-102.0,884.5,3.020982189810017e-05,859.0,836.9375,12.5
SPAT:sp_entropy,1,3.690672656375682e-07,920.0,1.9393094041689067e-05,957.0,0.0,989.0,0.0,952.5,398.0,3.0,-12.0,952.5,-198.0,980.5,0.0,979.0,841.6875,12.5
TF:DWT_L4_mean,1,0.0011744339717552066,706.0,0.007776427377208868,923.0,0.03819122997791924,918.0,0.008359041753198442,917.0,0.0,701.5,-11.0,852.5,-159.0,941.0,3.333976916830487e-05,831.0,848.75,12.5
SPAT:st_mean,1,1.9305168691329946e-35,964.0,2.1827355843208135e-08,964.0,0.0,989.0,0.0010002089274980374,929.0,0.0,701.5,-7.0,452.5,-163.0,945.0,2.466349512961227e-05,900.0,855.625,12.5
FREQ:hist_b0,1,1.5610949566794764e-15,952.0,1.5797675768193867e-10,966.0,0.0,989.0,0.0,952.5,0.0,701.5,-12.0,952.5,-198.0,980.5,0.0,979.0,934.125,12.5
FREQ:hist_b7,1,0.0,984.5,0.0,985.0,0.016840855733088134,940.0,0.0,952.5,0.0,701.5,-12.0,952.5,-198.0,980.5,0.0,979.0,934.4375,12.5
TIME:var,1,0.0,984.5,0.0,985.0,0.014783331383494858,942.0,0.0,952.5,0.0,701.5,-12.0,952.5,-198.0,980.5,0.0,979.0,934.6875,12.5
FREQ:hist_b2,1,0.0,984.5,0.0,985.0,0.009557898573517853,950.0,0.0,952.5,0.0,701.5,-12.0,952.5,-198.0,980.5,0.0,979.0,935.6875,12.5
FREQ:hist_b8,1,0.0,984.5,0.0,985.0,0.007471259180294343,952.0,0.0,952.5,0.0,701.5,-12.0,952.5,-198.0,980.5,0.0,979.0,935.9375,12.5
FREQ:hist_b3,1,0.0,984.5,0.0,985.0,0.005040331800580056,957.0,0.0,952.5,0.0,701.5,-12.0,952.5,-198.0,980.5,0.0,979.0,936.5625,12.5
FREQ:hist_b5,1,0.0,984.5,0.0,985.0,0.0046663847562897764,959.0,0.0,952.5,0.0,701.5,-12.0,952.5,-198.0,980.5,0.0,979.0,936.8125,12.5
FREQ:hist_b4,1,0.0,984.5,0.0,985.0,0.001203038947161783,969.0,0.0,952.5,0.0,701.5,-12.0,952.5,-198.0,980.5,0.0,979.0,938.0625,12.5
TIME:std,1,0.0,984.5,0.0,985.0,0.0,989.0,0.0,952.5,0.0,701.5,-12.0,952.5,-198.0,980.5,0.0,979.0,940.5625,12.5
FREQ:hist_b1,1,0.0,984.5,0.0,985.0,0.0,989.0,0.0,952.5,0.0,701.5,-12.0,952.5,-198.0,980.5,0.0,979.0,940.5625,12.5
FREQ:hist_b6,1,0.0,984.5,0.0,985.0,0.0,989.0,0.0,952.5,0.0,701.5,-12.0,952.5,-198.0,980.5,0.0,979.0,940.5625,12.5
FREQ:hist_b9,1,0.0,984.5,0.0,985.0,0.0,989.0,0.0,952.5,0.0,701.5,-12.0,952.5,-198.0,980.5,0.0,979.0,940.5625,12.5
TF:hog_b11,0,1.4286281839304138e-05,862.0,0.1738667900633455,630.0,0.11371887195176589,849.0,0.08313396261857672,582.0,0.0,701.5,-8.0,552.5,-1.0,382.0,6.393264343847843e-05,643.0,650.25,0.0
FREQ:spec_flatness,0,0.0016629855381324887,683.0,0.16430779769355575,667.0,0.13215594281352816,816.0,0.06705316820641075,635.0,0.0,701.5,-8.0,552.5,-93.0,875.5,4.0864760767232163e-05,759.0,711.1875,0.0
TF:hog_b2,0,1.2210030945425387e-05,865.0,0.16192810401952937,679.0,0.1334887147389936,813.0,0.09678654675567162,538.0,0.0,701.5,-8.0,552.5,-5.0,787.5,4.1185264201640064e-05,757.0,711.6875,0.0
TF:WPT_dadd_zcr,0,0.0005137239932082593,743.0,0.08688492068534093,842.0,0.018046209859195805,939.0,0.033048753319757165,831.0,0.0,701.5,-9.0,652.5,-1.0,382.0,3.850059520709985e-05,790.0,735.125,0.0
TF:WPT_daad_max,0,0.001554038724862039,688.0,0.14455137080499328,739.0,0.1330448638136752,815.0,0.05201325268641474,720.0,0.0,701.5,-8.0,552.5,-63.0,845.0,3.414778052374352e-05,821.0,735.25,0.0
TF:WPT_daad_p2p,0,0.005347976461052895,613.5,0.15540437407344057,701.5,0.14811512789775483,798.0,0.07539217784383459,615.5,0.0,701.5,-11.0,852.5,-14.0,796.0,3.394513397543574e-05,822.0,737.5625,0.0
TF:WPT_daad_tk_std,0,7.415525260512368e-07,916.0,0.16015417994032924,685.0,0.21040353651258892,702.0,0.039505412445509216,791.0,0.0,701.5,-12.0,952.5,-1.0,382.0,3.97661528630441e-05,773.0,737.875,0.0
TF:WPT_daaa_std,0,4.662476931116544e-05,834.0,0.18072900534130462,599.0,0.24476533660466027,642.0,0.040420198153169454,786.0,0.0,701.5,-9.0,652.5,-44.0,826.5,2.987574931914528e-05,863.0,738.0625,0.0
TF:WPT_daaa_energy,0,0.01557979453355074,552.0,0.12874582742545485,773.0,0.2484179362171739,631.0,0.02228143045646096,881.0,0.0,701.5,-11.0,852.5,-52.0,834.0,4.3452194350803e-05,743.0,746.0,0.0
TF:WPT_daaa_rms,0,4.673127114074305e-05,833.0,0.18073862273245578,598.0,0.2484086660525655,632.0,0.04051039226299735,785.0,0.0,701.5,-9.0,652.5,-38.0,820.0,1.5178765040128984e-05,949.0,746.375,0.0
TF:WPT_daaa_p2p,0,0.028973326086997986,510.5,0.15767005361961817,690.5,0.15779683670810174,784.0,0.03787884841984462,797.5,0.0,701.5,-12.0,952.5,-66.0,848.5,4.3833800380590254e-05,739.0,753.0,0.0
TF:WPT_daad_range,0,0.005347976461052895,613.5,0.15540437407344057,701.5,0.14810371020534152,799.0,0.07539217784383459,615.5,0.0,701.5,-11.0,852.5,-28.0,810.5,1.9978667524720128e-05,932.0,753.25,0.0
TF:lbp_b12,0,1.0627294386722497e-06,909.0,0.14157168909640835,746.0,0.16587948680973064,770.0,0.06638370963206242,636.0,0.0,701.5,-9.0,652.5,-40.0,822.0,3.8323063240840975e-05,792.0,753.625,0.0
TF:WPT_daaa_range,0,0.028973326086997986,510.5,0.15767005361961817,690.5,0.1579315451048422,780.0,0.03787884841984462,797.5,0.0,701.5,-12.0,952.5,-104.0,886.5,3.8783221302248754e-05,788.0,763.375,0.0
TF:WPT_daaa_tk_max,0,1.4686298527522013e-05,859.0,0.11983850391707311,789.0,0.20505828239277957,717.0,0.014487155508632464,899.0,0.0,701.5,-10.0,752.5,-2.0,774.0,6.291447161233923e-05,653.0,768.125,0.0
TF:WPT_daaa_min,0,0.017249522730708122,546.0,0.1024828293525576,819.0,0.09583920756937436,869.0,0.02320899961934064,871.0,0.0,701.5,-9.0,652.5,-125.0,907.0,3.701108239406565e-05,797.0,770.375,0.0
FREQ:hist_b25,0,0.020691730082035065,532.0,0.11061251148296947,808.0,0.13597588851349318,811.0,0.032910881677647136,832.0,0.0,701.5,-10.0,752.5,-92.0,874.0,2.9679788254167435e-05,864.0,771.875,0.0
TIME:hist_b0,0,2.8847303838119842e-05,845.0,0.13319857164631152,763.0,0.16392374528346787,775.0,0.026347382892057,864.0,0.0,701.5,-8.0,552.5,-37.0,819.0,2.8000461891632627e-05,876.0,774.5,0.0
TF:DWT_L6_median,0,1.7295812995143933e-06,901.0,0.05964966691370014,867.0,0.14340886387156404,805.0,0.03966285253205958,790.0,0.0,701.5,-8.0,552.5,-75.0,857.0,4.271131212257856e-05,748.0,777.75,0.0
TF:WPT_daad_tk_max,0,0.00015019717102404684,806.0,0.1076139254700126,810.0,0.12991479903552428,817.0,0.02790988560402908,860.0,0.0,701.5,-8.0,552.5,-41.0,823.0,2.4947323727433773e-05,894.0,783.0,0.0
TF:WPT_adda_zcr,0,0.0005696075968444347,741.0,0.08806445791782698,841.0,0.02313872279698037,936.0,0.02416593356659723,869.0,0.0,701.5,-8.0,552.5,-101.0,883.0,4.017033361748551e-05,767.0,786.375,0.0
TF:hog_b3,0,7.72649309510598e-06,873.0,0.10561556718425112,815.0,0.04889115567226332,909.0,0.028822477729396005,855.0,0.0,701.5,-8.0,552.5,-64.0,846.0,2.54769578516087e-05,891.0,805.375,0.0
TF:WPT_ddaa_median,0,1.457373673474649e-05,861.0,0.007897508160999177,921.0,0.12814681601448674,822.0,0.0312050028575596,841.0,0.0,701.5,-8.0,552.5,-124.0,906.0,3.07307031126377e-05,855.0,807.5,0.0
TF:Ef_min,0,1.401351886889846e-28,960.0,0.0026914656465373086,954.0,0.26039054468568734,614.0,0.015204325167566266,896.0,0.0,701.5,-9.0,652.5,-42.0,824.5,2.6551593393246842e-05,884.0,810.8125,0.0
TF:WPT_daaa_rel_energy,0,2.164664419934681e-10,946.0,0.12925652827115452,771.0,0.24996940761985798,629.0,0.022729592298733305,876.0,0.0,701.5,-11.0,852.5,-32.0,814.5,1.7945998216419014e-05,942.0,816.5625,0.0
TF:WPT_adda_mean,0,0.002356329234316945,663.0,0.011769319068537924,902.0,0.040736037422565374,914.0,0.008712799766622748,916.0,0.0,701.5,-8.0,552.5,-156.0,938.0,1.5124128925326501e-05,950.0,817.125,0.0
TF:WPT_daaa_var,0,5.782740331028435e-08,931.0,0.12873517315006147,774.0,0.24472647748935028,643.0,0.022373255136152924,879.0,0.0,701.5,-11.0,852.5,-53.0,835.0,1.5990762204130948e-05,948.0,820.5,0.0
TF:WPT_dddd_mean,0,0.00011035405623260885,814.0,0.006914395047056166,931.0,0.05208596608739491,908.0,0.011823448903895181,906.0,0.0,701.5,-9.0,652.5,-108.0,890.5,3.498362034590718e-05,813.0,827.0625,0.0
TF:WPT_adaa_mean,0,2.58060717897024e-05,850.0,0.005893043470569061,939.0,0.07127351768905577,897.0,0.029595977709644037,852.0,0.0,701.5,-8.0,552.5,-119.0,901.5,1.778051926471054e-05,944.0,829.6875,0.0
TF:DWT_L6_mean,0,5.613873255150281e-10,942.0,0.007890925977376928,922.0,0.107116901206048,854.0,0.02771367467593068,861.0,0.0,701.5,-9.0,652.5,-119.0,901.5,3.459910493640766e-05,816.0,831.3125,0.0
TF:lbp_b22,0,2.0131895439590153e-07,925.0,0.14641543677699362,735.0,0.06189023996816889,900.0,0.019141156519173343,887.0,0.0,701.5,-9.0,652.5,-158.0,940.0,1.876234130482564e-05,937.0,834.75,0.0
TF:WPT_daaa_mean,0,2.5306201223429525e-07,923.0,0.008231512134939119,917.0,0.10427108183189127,860.0,0.030018662394993397,846.0,0.0,701.5,-9.0,652.5,-146.0,928.5,2.2167472236166444e-05,923.0,843.9375,0.0
TF:WPT_dada_mean,0,2.6175621314905584e-05,849.0,0.01207438729332818,901.0,0.03033461988467634,928.0,0.009202365643632084,915.0,0.0,701.5,-9.0,652.5,-106.0,888.5,2.0027373289904894e-05,931.0,845.8125,0.0
TF:WPT_adad_zcr,0,0.00044097405043430626,749.0,0.04597260874675776,873.0,0.002062798201993399,964.0,0.007902658295485114,919.0,0.0,701.5,-10.0,752.5,-138.0,920.0,1.8022687154098397e-05,940.0,852.375,0.0
TF:WPT_daad_mean,0,1.5164636124609387e-06,904.0,0.005988036255614342,938.0,0.05360388547335848,905.0,0.009586777075073006,912.0,0.0,701.5,-10.0,752.5,-146.0,928.5,3.90938469733584e-05,779.0,852.5625,0.0
TF:WPT_aada_mean,0,0.002352789044380188,664.0,0.007268120116458496,927.0,0.02691692384596811,930.0,0.007885739639834391,920.0,0.0,701.5,-12.0,952.5,-157.0,939.0,3.659951915265102e-05,800.0,854.25,0.0
TF:WPT_ddad_mean,0,0.0001107084535760805,813.0,0.007924653695684744,920.0,0.04533932358766979,911.0,0.01773959700007997,892.0,0.0,701.5,-10.0,752.5,-151.0,933.0,2.0887037715297833e-05,928.0,856.375,0.0
FREQ:mag_min,0,4.6967071922928316e-27,958.0,0.0038956599285205934,949.0,0.03299158782927902,922.0,0.013782814429012339,902.0,0.0,701.5,-9.0,652.5,-140.0,922.0,3.1746415047443934e-05,845.0,856.5,0.0
TF:lbp_b21,0,2.68236473033312e-08,934.0,0.05631309723682954,869.0,0.02646748212262695,932.0,-0.002258333306865963,984.0,0.0,701.5,-9.0,652.5,-168.0,950.0,1.3728953544906915e-05,951.0,871.75,0.0
FREQ:hist_b21,0,0.0012657421175390482,698.0,0.050235738416780196,872.0,0.04797842025421417,910.0,-0.007313015560798753,996.0,0.0,701.5,-12.0,952.5,-171.0,953.0,1.2857499246931128e-05,952.0,879.375,0.0
FREQ:hist_b19,0,1.059414898918476e-05,868.0,0.015423695177459501,894.0,0.009954721211150375,949.0,-0.0005256249996683386,977.0,0.0,701.5,-10.0,752.5,-175.0,957.0,2.5089357448102957e-06,954.0,881.625,0.0
FREQ:hist_b16,0,3.527371450484651e-10,944.0,0.008979064604770543,911.0,0.0008052795544633007,973.0,0.0,952.5,0.0,701.5,-9.0,652.5,-173.0,955.0,0.0,979.0,883.5625,0.0
FREQ:hist_b20,0,0.00014429999282583594,807.0,0.023909529596344608,888.0,0.032738393727179016,924.0,-0.004525847712904267,987.0,0.0,701.5,-12.0,952.5,-172.0,954.0,2.3316946571104307e-06,955.0,896.125,0.0
FREQ:hist_b18,0,1.72856255176157e-06,902.0,0.010965527241893832,903.0,0.0,989.0,-0.00019084005390446302,976.0,0.0,701.5,-12.0,952.5,-176.0,958.0,0.0,979.0,920.125,0.0
FREQ:hist_b15,0,4.900746041619497e-12,950.0,0.007141441193957773,928.0,0.008685485158985262,951.0,0.0,952.5,0.0,701.5,-12.0,952.5,-198.0,980.5,0.0,979.0,924.375,0.0
FREQ:hist_b17,0,2.0526391697472945e-09,941.0,0.007122934526786938,929.0,0.0,989.0,-3.3333333333333335e-05,975.0,0.0,701.5,-12.0,952.5,-174.0,956.0,0.0,979.0,927.875,0.0
TIME:log_energy,0,1.602166435077379e-07,927.0,3.4010988928687834e-10,965.0,0.0009029258490973469,970.0,0.0,952.5,0.0,701.5,-12.0,952.5,-198.0,980.5,0.0,979.0,928.5,0.0
FREQ:hist_b14,0,4.900879181646278e-12,949.0,0.006987443134894167,930.0,0.0,989.0,0.0,952.5,0.0,701.5,-12.0,952.5,-198.0,980.5,0.0,979.0,929.25,0.0
TIME:sem,0,6.901150657878663e-13,951.0,3.004411872501036e-08,962.0,0.0008839135825784439,971.0,0.0,952.5,0.0,701.5,-12.0,952.5,-198.0,980.5,0.0,979.0,931.25,0.0
SPAT:sp_spread,0,6.003379127150765e-09,939.0,3.304939695832209e-06,958.0,0.0,989.0,0.0,952.5,0.0,701.5,-12.0,952.5,-198.0,980.5,0.0,979.0,931.5,0.0
SPAT:sp_max_frac,0,6.415906000922789e-11,947.0,3.557787074530663e-07,959.0,0.0,989.0,0.0,952.5,0.0,701.5,-12.0,952.5,-198.0,980.5,0.0,979.0,932.625,0.0
SPAT:sp_coverage,0,0.0,984.5,0.0,985.0,0.010491104402873042,947.0,0.0,952.5,0.0,701.5,-12.0,952.5,-198.0,980.5,0.0,979.0,935.3125,0.0
SPAT:sp_width,0,0.0,984.5,0.0,985.0,0.010006892571756243,948.0,0.0,952.5,0.0,701.5,-12.0,952.5,-198.0,980.5,0.0,979.0,935.4375,0.0
TIME:mean_power,0,0.0,984.5,0.0,985.0,0.005765156623100065,954.0,0.0,952.5,0.0,701.5,-12.0,952.5,-198.0,980.5,0.0,979.0,936.1875,0.0
SPAT:sp_centroid,0,0.0,984.5,0.0,985.0,0.005314420348387028,956.0,0.0,952.5,0.0,701.5,-12.0,952.5,-198.0,980.5,0.0,979.0,936.4375,0.0
SPAT:sp_cluster_std,0,0.0,984.5,0.0,985.0,0.004814127047845673,958.0,0.0,952.5,0.0,701.5,-12.0,952.5,-198.0,980.5,0.0,979.0,936.6875,0.0
SPAT:sp_flatness,0,0.0,984.5,0.0,985.0,0.0038922285698781423,960.0,0.0,952.5,0.0,701.5,-12.0,952.5,-198.0,980.5,0.0,979.0,936.9375,0.0
FREQ:hist_b12,0,0.0,984.5,0.0,985.0,0.002766985933096766,962.0,0.0,952.5,0.0,701.5,-12.0,952.5,-198.0,980.5,0.0,979.0,937.1875,0.0
SPAT:sp_active_frac,0,0.0,984.5,0.0,985.0,0.002285301924213723,963.0,0.0,952.5,0.0,701.5,-12.0,952.5,-198.0,980.5,0.0,979.0,937.3125,0.0
SPAT:sp_n_clusters,0,0.0,984.5,0.0,985.0,0.0017462896693252183,967.0,0.0,952.5,0.0,701.5,-12.0,952.5,-198.0,980.5,0.0,979.0,937.8125,0.0
TIME:zero_frac,0,0.0,984.5,0.0,985.0,0.00019075420779568475,974.0,0.0,952.5,0.0,701.5,-12.0,952.5,-198.0,980.5,0.0,979.0,938.6875,0.0
SPAT:sp_top3_frac,0,0.0,984.5,0.0,985.0,0.00016799607534689898,975.0,0.0,952.5,0.0,701.5,-12.0,952.5,-198.0,980.5,0.0,979.0,938.8125,0.0
TIME:rms,0,0.0,984.5,0.0,985.0,0.0,989.0,0.0,952.5,0.0,701.5,-12.0,952.5,-198.0,980.5,0.0,979.0,940.5625,0.0
TIME:energy,0,0.0,984.5,0.0,985.0,0.0,989.0,0.0,952.5,0.0,701.5,-12.0,952.5,-198.0,980.5,0.0,979.0,940.5625,0.0
TIME:hjorth_activity,0,0.0,984.5,0.0,985.0,0.0,989.0,0.0,952.5,0.0,701.5,-12.0,952.5,-198.0,980.5,0.0,979.0,940.5625,0.0
FREQ:hist_b10,0,0.0,984.5,0.0,985.0,0.0,989.0,0.0,952.5,0.0,701.5,-12.0,952.5,-198.0,980.5,0.0,979.0,940.5625,0.0
FREQ:hist_b11,0,0.0,984.5,0.0,985.0,0.0,989.0,0.0,952.5,0.0,701.5,-12.0,952.5,-198.0,980.5,0.0,979.0,940.5625,0.0
FREQ:hist_b13,0,0.0,984.5,0.0,985.0,0.0,989.0,0.0,952.5,0.0,701.5,-12.0,952.5,-198.0,980.5,0.0,979.0,940.5625,0.0
SPAT:sp_active10,0,0.0,984.5,0.0,985.0,0.0,989.0,0.0,952.5,0.0,701.5,-12.0,952.5,-198.0,980.5,0.0,979.0,940.5625,0.0
SPAT:sp_active50,0,0.0,984.5,0.0,985.0,0.0,989.0,0.0,952.5,0.0,701.5,-12.0,952.5,-198.0,980.5,0.0,979.0,940.5625,0.0
SPAT:sp_smoothness,0,0.0,984.5,0.0,985.0,0.0,989.0,0.0,952.5,0.0,701.5,-12.0,952.5,-198.0,980.5,0.0,979.0,940.5625,0.0
SPAT:sp_cluster_mean,0,0.0,984.5,0.0,985.0,0.0,989.0,0.0,952.5,0.0,701.5,-12.0,952.5,-198.0,980.5,0.0,979.0,940.5625,0.0
SPAT:sp_cluster_max,0,0.0,984.5,0.0,985.0,0.0,989.0,0.0,952.5,0.0,701.5,-12.0,952.5,-198.0,980.5,0.0,979.0,940.5625,0.0
SPAT:st_std,0,0.0,984.5,0.0,985.0,0.0,989.0,0.0,952.5,0.0,701.5,-12.0,952.5,-198.0,980.5,0.0,979.0,940.5625,0.0
SPAT:st_energy,0,0.0,984.5,0.0,985.0,0.0,989.0,0.0,952.5,0.0,701.5,-12.0,952.5,-198.0,980.5,0.0,979.0,940.5625,0.0
